chrom	start	end	hgnc_symbol	hgnc_id	region_type
chr6	144007487	144008719	PLAGL1	9046	nanoimprint
chr7	50782178	50783005	GRB10	4564	nanoimprint
chr7	130490866	130493279	MEST	7028	nanoimprint
chr11	1997761	2003229	IGF2	5466	nanoimprint
chr11	2698767	2700902	KCNQ1OT1	6295	nanoimprint
chr14	100809335	100811397	MEG3	14575	nanoimprint
chr14	100824187	100827641	MEG3	14575	nanoimprint
chr14	100904568	100904952	MEG8	14574	nanoimprint
chr15	23647363	23648635	MAGEL2	6814	nanoimprint
chr15	24954857	24956829	SNURF	11171	nanoimprint
chr19	56837125	56841599	PEG3	8826	nanoimprint
chr20	58838984	58843557	GNAS	4392	nanoimprint
chr20	58850594	58852978	GNAS-AS1	24872	nanoimprint
chr20	58853961	58856408	GNAS	4392	nanoimprint
chr20	58888390	58890146	GNAS	4392	nanoimprint
chr1	64419	65418	OR4F5	14825	promoter
chr1	451679	452678	OR4F29	31275	promoter
chr1	686655	687654	OR4F16	15079	promoter
chr1	922923	923922	SAMD11	28706	promoter
chr1	959257	960256	NOC2L	24517	promoter
chr1	959584	960583	KLHL17	24023	promoter
chr1	965482	966481	PLEKHN1	25284	promoter
chr1	982094	983093	PERM1	28208	promoter
chr1	1000098	1001097	HES4	24149	promoter
chr1	1012497	1013496	ISG15	4053	promoter
chr1	1019120	1020119	AGRN	329	promoter
chr1	1074307	1075306	RNF223	40020	promoter
chr1	1116090	1117089	C1orf159	26062	promoter
chr1	1172880	1173879	TTLL10	26693	promoter
chr1	1206593	1207592	TNFRSF18	11914	promoter
chr1	1214154	1215153	TNFRSF4	11918	promoter
chr1	1232002	1233001	SDF4	24188	promoter
chr1	1231237	1232236	B3GALT6	17978	promoter
chr1	1246723	1247722	C1QTNF12	32308	promoter
chr1	1273855	1274854	UBE2J2	19268	promoter
chr1	1279436	1280435	SCNN1D	10601	promoter
chr1	1307597	1308596	PUSL1	26914	promoter
chr1	1307931	1308930	ACAP3	16754	promoter
chr1	1324661	1325660	INTS11	26052	promoter
chr1	1323802	1324801	CPTP	28116	promoter
chr1	1330280	1331279	TAS1R3	15661	promoter
chr1	1349419	1350418	DVL1	3084	promoter
chr1	1358556	1359555	MXRA8	7542	promoter
chr1	1375208	1376207	AURKAIP1	24114	promoter
chr1	1399336	1400335	CCNL2	20570	promoter
chr1	1407294	1408293	MRPL20	14478	promoter
chr1	1421277	1422276	ANKRD65	42950	promoter
chr1	1424871	1425870	TMEM88B	37099	promoter
chr1	1434690	1435689	VWA1	30910	promoter
chr1	1448689	1449688	ATAD3C	32151	promoter
chr1	1470765	1471764	ATAD3B	24007	promoter
chr1	1511162	1512161	ATAD3A	25567	promoter
chr1	1540625	1541624	TMEM240	25186	promoter
chr1	1574864	1575863	SSU72	25016	promoter
chr1	1600136	1601135	FNDC10	42951	promoter
chr1	1614500	1615499	MIB2	30577	promoter
chr1	1631173	1632172	MMP23B	7171	promoter
chr1	1659005	1660004	CDK11B	1729	promoter
chr1	1692796	1693795	SLC35E2B	33941	promoter
chr1	1724358	1725357	CDK11A	1730	promoter
chr1	1778471	1779470	NADK	29831	promoter
chr1	1891088	1892087	GNB1	4396	promoter
chr1	1914260	1915259	CALML6	24193	promoter
chr1	1919280	1920279	TMEM52	27916	promoter
chr1	2003787	2004786	CFAP74	29368	promoter
chr1	2018345	2019344	GABRD	4084	promoter
chr1	2049411	2050410	PRKCZ	9412	promoter
chr1	2194773	2195772	FAAP20	26428	promoter
chr1	2227319	2228318	SKI	10896	promoter
chr1	2391555	2392554	MORN1	25852	promoter
chr1	2390841	2391840	RER1	30309	promoter
chr1	2412565	2413564	PEX10	8851	promoter
chr1	2475289	2476288	PLCH2	29037	promoter
chr1	2526597	2527596	PANK4	19366	promoter
chr1	2530264	2531263	HES5	19764	promoter
chr1	2555371	2556370	TNFRSF14	11912	promoter
chr1	2585777	2586776	PRXL2B	28390	promoter
chr1	2633017	2634016	MMEL1	14668	promoter
chr1	2801694	2802693	TTC34	34297	promoter
chr1	3020467	3021466	ACTRT2	24026	promoter
chr1	3068203	3069202	PRDM16	14000	promoter
chr1	3453665	3454664	ARHGEF16	15515	promoter
chr1	3611509	3612508	MEGF6	3232	promoter
chr1	3624015	3625014	TPRG1L	27007	promoter
chr1	3651516	3652515	TP73	12003	promoter
chr1	3650104	3651103	WRAP73	12759	promoter
chr1	3751450	3752449	CCDC27	26546	promoter
chr1	3771749	3772748	SMIM1	44204	promoter
chr1	3796499	3797498	LRRC47	29207	promoter
chr1	3856476	3857475	DFFB	2773	promoter
chr1	3857212	3858211	CEP104	24866	promoter
chr1	3900273	3901272	C1orf174	27915	promoter
chr1	4653609	4654608	AJAP1	30801	promoter
chr1	6044888	6045887	KCNAB2	6229	promoter
chr1	5992426	5993425	NPHP4	19104	promoter
chr1	6180322	6181321	CHD5	16816	promoter
chr1	6205119	6206118	RNF207	32947	promoter
chr1	6199596	6200595	RPL22	10315	promoter
chr1	6235965	6236964	ICMT	5350	promoter
chr1	6243179	6244178	HES3	26226	promoter
chr1	6261099	6262098	GPR153	23618	promoter
chr1	6393768	6394767	ACOT7	24157	promoter
chr1	6419920	6420919	HES2	16005	promoter
chr1	6423776	6424775	ESPN	13281	promoter
chr1	6466174	6467173	TNFRSF25	11910	promoter
chr1	6491668	6492667	PLEKHG5	29105	promoter
chr1	6554514	6555513	NOL9	26265	promoter
chr1	6554307	6555306	TAS1R1	14448	promoter
chr1	6578994	6579993	ZBTB48	4930	promoter
chr1	6612731	6613730	PHF13	22983	promoter
chr1	6602870	6603869	KLHL21	29041	promoter
chr1	6623868	6624867	THAP3	20855	promoter
chr1	6701817	6702816	DNAJC11	25570	promoter
chr1	6784454	6785453	CAMTA1	18806	promoter
chr1	7770296	7771295	VAMP3	12644	promoter
chr1	7783291	7784290	PER3	8847	promoter
chr1	7853066	7854065	UTS2	12636	promoter
chr1	7940840	7941839	TNFRSF9	11924	promoter
chr1	7960711	7961710	PARK7	16369	promoter
chr1	8026310	8027309	ERRFI1	18185	promoter
chr1	8317114	8318113	SLC45A1	17939	promoter
chr1	8817641	8818640	RERE	9965	promoter
chr1	8878687	8879686	ENO1	3350	promoter
chr1	8944868	8945867	CA6	1380	promoter
chr1	9026424	9027423	SLC2A7	13445	promoter
chr1	9069636	9070635	SLC2A5	11010	promoter
chr1	9129103	9130102	GPR157	23687	promoter
chr1	9233774	9234773	H6PD	4795	promoter
chr1	9291894	9292893	SPSB1	30628	promoter
chr1	9538465	9539464	SLC25A33	29681	promoter
chr1	9587911	9588910	TMEM201	33719	promoter
chr1	9650731	9651730	PIK3CD	8977	promoter
chr1	9823966	9824965	CLSTN1	17447	promoter
chr1	9910270	9911269	CTNNBIP1	16913	promoter
chr1	9943392	9944391	LZIC	17497	promoter
chr1	9942475	9943474	NMNAT1	17877	promoter
chr1	9996228	9997227	RBP7	30316	promoter
chr1	10031958	10032957	UBE4B	12500	promoter
chr1	10209570	10210569	KIF1B	16636	promoter
chr1	10398064	10399063	PGD	8891	promoter
chr1	10429433	10430432	CENPS	23163	promoter
chr1	10449031	10450030	CORT	2257	promoter
chr1	10473950	10474949	PEX14	8856	promoter
chr1	10472530	10473529	DFFA	2772	promoter
chr1	10796647	10797646	CASZ1	26002	promoter
chr1	10982077	10983076	C1orf127	26730	promoter
chr1	11011654	11012653	TARDBP	11571	promoter
chr1	11047240	11048239	MASP2	6902	promoter
chr1	11060019	11061018	SRM	11296	promoter
chr1	11099870	11100869	EXOSC10	9138	promoter
chr1	11188355	11189354	ANGPTL7	24078	promoter
chr1	11262552	11263551	MTOR	3942	promoter
chr1	11272198	11273197	UBIAD1	30791	promoter
chr1	11478155	11479154	DISP3	29251	promoter
chr1	11653877	11654876	FBXO44	24847	promoter
chr1	11654430	11655429	FBXO2	13581	promoter
chr1	11663200	11664199	FBXO6	13585	promoter
chr1	11690710	11691709	DRAXIN	25054	promoter
chr1	11681149	11682148	MAD2L2	6764	promoter
chr1	11735136	11736135	AGTRAP	13539	promoter
chr1	11761193	11762192	C1orf167	25262	promoter
chr1	11805191	11806190	CLCN6	2024	promoter
chr1	11805965	11806964	MTHFR	7436	promoter
chr1	11847784	11848783	NPPA	7939	promoter
chr1	11858946	11859945	NPPB	7940	promoter
chr1	11926428	11927427	KIAA2013	28513	promoter
chr1	11933717	11934716	PLOD1	9081	promoter
chr1	11979444	11980443	MFN2	16877	promoter
chr1	12018498	12019497	MIIP	25715	promoter
chr1	12062303	12063302	TNFRSF8	11923	promoter
chr1	12165991	12166990	TNFRSF1B	11917	promoter
chr1	12229030	12230029	VPS13D	23595	promoter
chr1	12618211	12619210	DHRS3	17693	promoter
chr1	12643085	12644084	AADACL4	32038	promoter
chr1	12715110	12716109	AADACL3	32037	promoter
chr1	12745200	12746199	CFAP107	28567	promoter
chr1	12772738	12773737	PRAMEF12	22125	promoter
chr1	12790397	12791396	PRAMEF1	28840	promoter
chr1	12831411	12832410	PRAMEF11	14086	promoter
chr1	12848721	12849720	HNRNPCL1	29295	promoter
chr1	12856086	12857085	PRAMEF2	28841	promoter
chr1	12886202	12887201	PRAMEF4	31971	promoter
chr1	12898271	12899270	PRAMEF10	27997	promoter
chr1	12915610	12916609	PRAMEF7	28415	promoter
chr1	12947581	12948580	PRAMEF6	30583	promoter
chr1	13056576	13057575	PRAMEF27	51234	promoter
chr1	13059769	13060768	HNRNPCL3	51235	promoter
chr1	13069774	13070773	PRAMEF25	49179	promoter
chr1	13116855	13117854	HNRNPCL2	48813	promoter
chr1	13156010	13157009	PRAMEF26	49178	promoter
chr1	13165632	13166631	HNRNPCL4	51333	promoter
chr1	13170848	13171847	PRAMEF9	27996	promoter
chr1	13201410	13202409	PRAMEF13	13262	promoter
chr1	13226155	13227154	PRAMEF18	30693	promoter
chr1	13253198	13254197	PRAMEF5	27995	promoter
chr1	13285138	13286137	PRAMEF8	24074	promoter
chr1	13302539	13303538	PRAMEF33	49193	promoter
chr1	13314581	13315580	PRAMEF15	26764	promoter
chr1	13347135	13348134	PRAMEF14	13576	promoter
chr1	13371948	13372947	PRAMEF19	24908	promoter
chr1	13388632	13389631	PRAMEF17	29485	promoter
chr1	13409450	13410449	PRAMEF20	25224	promoter
chr1	13514004	13515003	LRRC38	27005	promoter
chr1	13582832	13583831	PDPN	29602	promoter
chr1	13699188	13700187	PRDM2	9347	promoter
chr1	14597685	14598684	KAZN	29173	promoter
chr1	15152747	15153746	TMEM51	25488	promoter
chr1	15246223	15247222	FHAD1	29408	promoter
chr1	15408888	15409887	EFHD2	28670	promoter
chr1	15437443	15438442	CTRC	2523	promoter
chr1	15455732	15456731	CELA2A	24609	promoter
chr1	15475104	15476103	CELA2B	29995	promoter
chr1	15524216	15525215	CASP9	1511	promoter
chr1	15525848	15526847	DNAJC16	29157	promoter
chr1	15585052	15586051	AGMAT	18407	promoter
chr1	15616458	15617457	DDI2	24578	promoter
chr1	15658713	15659712	RSC1A1	10458	promoter
chr1	15683320	15684319	PLEKHM2	29131	promoter
chr1	15735258	15736257	SLC25A34	27653	promoter
chr1	15741499	15742498	TMEM82	32350	promoter
chr1	15757795	15758794	FBLIM1	24686	promoter
chr1	15807650	15808649	UQCRHL	51714	promoter
chr1	15846707	15847706	SPEN	17575	promoter
chr1	15976102	15977101	ZBTB17	12936	promoter
chr1	16003236	16004235	SRARP	28339	promoter
chr1	16021036	16022035	CLCNKA	2026	promoter
chr1	16018044	16019043	HSPB7	5249	promoter
chr1	16042782	16043781	CLCNKB	2027	promoter
chr1	16073652	16074651	FAM131C	26717	promoter
chr1	16156070	16157069	EPHA2	3386	promoter
chr1	16212653	16213652	ARHGEF19	26604	promoter
chr1	16237184	16238183	CPLANE2	28127	promoter
chr1	16352481	16353480	FBXO42	29249	promoter
chr1	16366242	16367241	SZRD1	30232	promoter
chr1	16437425	16438424	SPATA21	28026	promoter
chr1	16439724	16440723	NECAP2	25528	promoter
chr1	16613488	16614487	NBPF1	26088	promoter
chr1	16920931	16921930	CROCC	21299	promoter
chr1	16980621	16981620	MFAP2	7033	promoter
chr1	17011929	17012928	ATP13A2	30213	promoter
chr1	17054033	17055032	SDHB	10681	promoter
chr1	17119452	17120451	PADI2	18341	promoter
chr1	17204128	17205127	PADI1	18367	promoter
chr1	17248098	17249097	PADI3	18337	promoter
chr1	17307197	17308196	PADI4	18368	promoter
chr1	17371196	17372195	PADI6	20449	promoter
chr1	17439678	17440677	RCC2	30297	promoter
chr1	17538698	17539697	ARHGEF10L	25540	promoter
chr1	17754333	17755332	ACTL8	24018	promoter
chr1	18106798	18107797	IGSF21	28246	promoter
chr1	18479930	18480929	KLHDC7A	26791	promoter
chr1	18629846	18630845	PAX7	8621	promoter
chr1	18859661	18860660	TAS1R2	14905	promoter
chr1	18902556	18903555	ALDH4A1	406	promoter
chr1	18956677	18957676	IFFO2	27006	promoter
chr1	19210267	19211266	UBR4	30313	promoter
chr1	19251525	19252524	EMC1	28957	promoter
chr1	19250805	19251804	MRTO4	18477	promoter
chr1	19274195	19275194	AKR7L	24056	promoter
chr1	19288771	19289770	AKR7A3	390	promoter
chr1	19312145	19313144	AKR7A2	389	promoter
chr1	19311326	19312325	SLC66A1	26001	promoter
chr1	19595979	19596978	MICOS10	32068	promoter
chr1	19485540	19486539	CAPZB	1491	promoter
chr1	19643311	19644310	NBL1	7650	promoter
chr1	19663875	19664874	HTR6	5301	promoter
chr1	19799917	19800916	TMCO4	27393	promoter
chr1	19815284	19816283	RNF186	25978	promoter
chr1	19881395	19882394	OTUD3	29038	promoter
chr1	19923618	19924617	PLA2G2E	13414	promoter
chr1	19979619	19980618	PLA2G2A	9031	promoter
chr1	20069194	20070193	PLA2G5	9038	promoter
chr1	20119537	20120536	PLA2G2D	9033	promoter
chr1	20138323	20139322	PLA2G2F	30040	promoter
chr1	20185096	20186095	UBXN10	26354	promoter
chr1	20186519	20187518	PLA2G2C	9032	promoter
chr1	20289875	20290874	VWA5B1	26538	promoter
chr1	20486211	20487210	CAMK2N1	24190	promoter
chr1	20508152	20509151	MUL1	25762	promoter
chr1	20551573	20552572	FAM43B	31791	promoter
chr1	20588097	20589096	CDA	1712	promoter
chr1	20632458	20633457	PINK1	14581	promoter
chr1	20661370	20662369	DDOST	2728	promoter
chr1	20718008	20719007	KIF17	19167	promoter
chr1	20732704	20733703	SH2D5	28819	promoter
chr1	20787308	20788307	HP1BP3	24973	promoter
chr1	21176898	21177897	EIF4G3	3298	promoter
chr1	21290464	21291463	ECE1	3146	promoter
chr1	21439137	21440136	NBPF3	25076	promoter
chr1	21508423	21509422	ALPL	438	promoter
chr1	21669358	21670357	RAP1GAP	9858	promoter
chr1	21783150	21784149	USP48	18533	promoter
chr1	21811265	21812264	LDLRAD2	32071	promoter
chr1	21937311	21938310	HSPG2	5273	promoter
chr1	21976022	21977021	CELA3B	15945	promoter
chr1	22000657	22001656	CELA3A	15944	promoter
chr1	22051709	22052708	CDC42	1736	promoter
chr1	22143098	22144097	WNT4	12783	promoter
chr1	22450851	22451850	ZBTB40	29045	promoter
chr1	22562489	22563488	EPHA8	3391	promoter
chr1	22635628	22636627	C1QA	1241	promoter
chr1	22642633	22643632	C1QC	1245	promoter
chr1	22652236	22653235	C1QB	1242	promoter
chr1	22709839	22710838	EPHB2	3393	promoter
chr1	22972867	22973866	LACTBL1	35445	promoter
chr1	23015853	23016852	TEX46	44651	promoter
chr1	23018468	23019467	KDM1A	29079	promoter
chr1	23168857	23169856	LUZP1	14985	promoter
chr1	23217503	23218502	HTR1D	5289	promoter
chr1	23344285	23345284	HNRNPR	5047	promoter
chr1	23369837	23370836	ZNF436	20814	promoter
chr1	23424749	23425748	TCEA3	11615	promoter
chr1	23484180	23485179	ASAP3	14987	promoter
chr1	23531234	23532233	E2F2	3114	promoter
chr1	23559502	23560501	ID3	5362	promoter
chr1	23690806	23691805	RPL11	10301	promoter
chr1	23742471	23743470	ELOA	11620	promoter
chr1	23777418	23778417	PITHD1	25022	promoter
chr1	23790145	23791144	LYPLA2	6738	promoter
chr1	23800755	23801754	GALE	4116	promoter
chr1	23825430	23826429	HMGCL	5005	promoter
chr1	23868291	23869290	FUCA1	4006	promoter
chr1	23913363	23914362	CNR2	2160	promoter
chr1	23958828	23959827	PNRC2	23158	promoter
chr1	23980328	23981327	SRSF10	16713	promoter
chr1	24112136	24113135	MYOM3	26679	promoter
chr1	24143141	24144140	IL22RA1	13700	promoter
chr1	24187290	24188289	IFNLR1	18584	promoter
chr1	24318357	24319356	GRHL3	25839	promoter
chr1	24414802	24415801	NIPAL3	25233	promoter
chr1	24413783	24414782	STPG1	28070	promoter
chr1	24501836	24502835	RCAN3	3042	promoter
chr1	24555087	24556086	NCMAP	29332	promoter
chr1	24642302	24643301	SRRM1	16638	promoter
chr1	24744447	24745446	CLIC4	13518	promoter
chr1	24930277	24931276	RUNX3	10473	promoter
chr1	25232503	25233502	SYF2	19824	promoter
chr1	25271509	25272508	RHD	10009	promoter
chr1	25247455	25248454	RSRP1	25234	promoter
chr1	25337334	25338333	TMEM50A	30590	promoter
chr1	25420826	25421825	RHCE	10008	promoter
chr1	25429897	25430896	MACO1	25572	promoter
chr1	25542606	25543605	LDLRAP1	18640	promoter
chr1	25615791	25616790	MAN1C1	19080	promoter
chr1	25799193	25800192	SELENON	15999	promoter
chr1	25818954	25819953	MTFR1L	28836	promoter
chr1	25859458	25860457	AUNIP	28363	promoter
chr1	25875709	25876708	PAQR7	23146	promoter
chr1	25906420	25907419	STMN1	6510	promoter
chr1	25998064	25999063	PAFAH2	8579	promoter
chr1	26020775	26021774	EXTL1	3515	promoter
chr1	26046119	26047118	SLC30A2	11013	promoter
chr1	26067631	26068630	TRIM63	16007	promoter
chr1	26110824	26111823	PDIK1L	18981	promoter
chr1	26158079	26159078	FAM110D	25860	promoter
chr1	26168964	26169963	C1orf232	53426	promoter
chr1	26168908	26169907	ZNF593	30943	promoter
chr1	26171833	26172832	ZNF593OS	41278	promoter
chr1	26176491	26177490	CNKSR1	19700	promoter
chr1	26189602	26190601	CATSPER4	23220	promoter
chr1	26233200	26234199	CEP85	25309	promoter
chr1	26279086	26280085	SH3BGRL3	15568	promoter
chr1	26316958	26317957	CD52	1804	promoter
chr1	26306637	26307636	UBXN11	30600	promoter
chr1	26354131	26355130	CRYBG2	17295	promoter
chr1	26372751	26373750	ZNF683	28495	promoter
chr1	26409817	26410816	LIN28A	15986	promoter
chr1	26431321	26432320	DHDDS	20603	promoter
chr1	26471440	26472439	HMGN2	4986	promoter
chr1	26528761	26529760	RPS6KA1	10430	promoter
chr1	26695015	26696014	ARID1A	11110	promoter
chr1	26786950	26787949	PIGV	26031	promoter
chr1	26825688	26826687	ZDHHC18	20712	promoter
chr1	26862149	26863148	SFN	10773	promoter
chr1	26890284	26891283	GPN2	25513	promoter
chr1	26920743	26921742	NUDC	8045	promoter
chr1	26900468	26901467	GPATCH3	25720	promoter
chr1	26913976	26914975	NR0B2	7961	promoter
chr1	26960469	26961468	KDF1	26624	promoter
chr1	26992692	26993691	TRNP1	34348	promoter
chr1	27012851	27013850	TENT5B	28273	promoter
chr1	27155126	27156125	SLC9A1	11071	promoter
chr1	27233632	27234631	WDTC1	29175	promoter
chr1	27321163	27322162	TMEM222	25363	promoter
chr1	27341022	27342021	SYTL1	15584	promoter
chr1	27366962	27367961	MAP3K6	6858	promoter
chr1	27374825	27375824	FCN3	3625	promoter
chr1	27383334	27384333	CD164L2	32043	promoter
chr1	27391622	27392621	GPR3	4484	promoter
chr1	27490168	27491167	WASF2	12733	promoter
chr1	27604145	27605144	AHDC1	25230	promoter
chr1	27635186	27636185	FGR	3697	promoter
chr1	27672193	27673192	IFI6	4054	promoter
chr1	27724961	27725960	FAM76A	28530	promoter
chr1	27772219	27773218	STX12	11430	promoter
chr1	27829782	27830781	PPP1R8	9296	promoter
chr1	27871544	27872543	THEMIS2	16839	promoter
chr1	27914576	27915575	RPA2	10290	promoter
chr1	27934000	27934999	SMPDL3B	21416	promoter
chr1	27958973	27959972	XKR8	25508	promoter
chr1	28088611	28089610	EYA3	3521	promoter
chr1	28176691	28177690	PTAFR	9582	promoter
chr1	28233030	28234029	DNAJC8	15470	promoter
chr1	28235124	28236123	ATP5IF1	871	promoter
chr1	28258518	28259517	SESN2	20746	promoter
chr1	28328040	28329039	MED18	25944	promoter
chr1	28368740	28369739	PHACTR4	25793	promoter
chr1	28505043	28506042	RCC1	1913	promoter
chr1	28552085	28553084	TRNAU1AP	30813	promoter
chr1	28591265	28592264	RAB42	28702	promoter
chr1	28643068	28644067	TAF12	11545	promoter
chr1	28667784	28668783	GMEB1	4370	promoter
chr1	28735940	28736939	YTHDF2	31675	promoter
chr1	28811170	28812169	OPRD1	8153	promoter
chr1	28913569	28914568	EPB41	3377	promoter
chr1	29123904	29124903	TMEM200B	33785	promoter
chr1	29181901	29182900	SRSF4	10786	promoter
chr1	29230935	29231934	MECR	19691	promoter
chr1	29235522	29236521	PTPRU	9683	promoter
chr1	30723586	30724585	MATN1	6907	promoter
chr1	30757775	30758774	LAPTM5	29612	promoter
chr1	30908759	30909758	SDC3	10660	promoter
chr1	31065718	31066717	PUM1	14957	promoter
chr1	31239888	31240887	NKAIN1	25743	promoter
chr1	31296789	31297788	SNRNP40	30857	promoter
chr1	31296032	31297031	ZCCHC17	30246	promoter
chr1	31373077	31374076	FABP3	3557	promoter
chr1	31412213	31413212	SERINC2	23231	promoter
chr1	31575515	31576514	TINAGL1	19168	promoter
chr1	31616689	31617688	HCRTR1	4848	promoter
chr1	31644877	31645876	PEF1	30009	promoter
chr1	31704018	31705017	COL16A1	2193	promoter
chr1	31764341	31765340	ADGRB2	944	promoter
chr1	31816023	31817022	SPOCD1	26338	promoter
chr1	31938369	31939368	PTP4A2	9635	promoter
chr1	32012868	32013867	KHDRBS1	18116	promoter
chr1	32071939	32072938	TMEM39B	25510	promoter
chr1	32107056	32108055	KPNA6	6399	promoter
chr1	32178675	32179674	TXLNA	30685	promoter
chr1	32199595	32200594	CCDC28B	28163	promoter
chr1	32204671	32205670	IQCC	25545	promoter
chr1	32208089	32209088	DCDC2B	32576	promoter
chr1	32221407	32222406	EIF3I	3272	promoter
chr1	32222354	32223353	TMEM234	28837	promoter
chr1	32246222	32247221	FAM167B	28133	promoter
chr1	32250265	32251264	LCK	6524	promoter
chr1	32291083	32292082	HDAC1	4852	promoter
chr1	32336234	32337233	MARCKSL1	7142	promoter
chr1	32361539	32362538	TSSK3	15473	promoter
chr1	32362486	32363485	FAM229A	44652	promoter
chr1	32394442	32395441	BSDC1	25501	promoter
chr1	32464072	32465071	ZBTB8B	37057	promoter
chr1	32538427	32539426	ZBTB8A	24172	promoter
chr1	32650551	32651550	ZBTB8OS	24094	promoter
chr1	32650208	32651207	RBBP4	9887	promoter
chr1	32702771	32703770	SYNC	28897	promoter
chr1	32740830	32741829	NHSL3	29301	promoter
chr1	32816653	32817652	S100PBP	25768	promoter
chr1	32817359	32818358	YARS1	12840	promoter
chr1	32870913	32871912	FNDC5	20240	promoter
chr1	32885491	32886490	HPCA	5144	promoter
chr1	32901390	32902389	TMEM54	24143	promoter
chr1	32964810	32965809	RNF19B	26886	promoter
chr1	33036884	33037883	AK2	362	promoter
chr1	33080153	33081152	AZIN2	29957	promoter
chr1	33182044	33183043	TRIM62	25574	promoter
chr1	33255492	33256491	ZNF362	18079	promoter
chr1	33321099	33322098	A3GALT2	30005	promoter
chr1	33431096	33432095	PHC2	3183	promoter
chr1	33471645	33472644	ZSCAN20	13093	promoter
chr1	33863079	33864078	HMGB4	24954	promoter
chr1	34165231	34166230	CSMD2	19290	promoter
chr1	34175907	34176906	C1orf94	28250	promoter
chr1	34754047	34755046	GJB5	4287	promoter
chr1	34758740	34759739	GJB4	4286	promoter
chr1	34780214	34781213	GJB3	4285	promoter
chr1	34791999	34792998	GJA4	4278	promoter
chr1	34859750	34860749	SMIM12	25154	promoter
chr1	34929651	34930650	DLGAP3	30368	promoter
chr1	34985348	34986347	TMEM35B	40021	promoter
chr1	35031946	35032945	ZMYM6	13050	promoter
chr1	35078385	35079384	ZMYM1	26253	promoter
chr1	35193146	35194145	SFPQ	10774	promoter
chr1	35267709	35268708	ZMYM4	13055	promoter
chr1	35556799	35557798	NCDN	17597	promoter
chr1	35557404	35558403	KIAA0319L	30071	promoter
chr1	35572314	35573313	TFAP2E	30774	promoter
chr1	35641527	35642526	PSMB2	9539	promoter
chr1	35718885	35719884	C1orf216	26800	promoter
chr1	35769979	35770978	CLSPN	19715	promoter
chr1	35807016	35808015	AGO4	18424	promoter
chr1	35882209	35883208	AGO1	3262	promoter
chr1	35930105	35931104	AGO3	18421	promoter
chr1	36083094	36084093	TEKT2	11725	promoter
chr1	36087892	36088891	ADPRS	21304	promoter
chr1	36125223	36126222	COL8A2	2216	promoter
chr1	36155160	36156159	MAP7D1	25514	promoter
chr1	36149487	36150486	TRAPPC3	19942	promoter
chr1	36223443	36224442	THRAP3	22964	promoter
chr1	36305368	36306367	SH3D21	26236	promoter
chr1	36323646	36324645	EVA1B	25558	promoter
chr1	36385925	36386924	STK40	21373	promoter
chr1	36397909	36398908	LSM10	17562	promoter
chr1	36450452	36451451	OSCP1	29971	promoter
chr1	36464385	36465384	MRPS15	14504	promoter
chr1	36482914	36483913	CSF3R	2439	promoter
chr1	37034516	37035515	GRIK3	4581	promoter
chr1	37473580	37474579	ZC3H12A	26259	promoter
chr1	37514767	37515766	MEAF6	25674	promoter
chr1	37554294	37555293	SNIP1	30587	promoter
chr1	37555940	37556939	DNALI1	14353	promoter
chr1	37595938	37596937	GNL2	29925	promoter
chr1	37634893	37635892	RSPO1	21679	promoter
chr1	37690530	37691529	AIRIM	26039	promoter
chr1	37691516	37692515	CDCA8	14629	promoter
chr1	37765121	37766120	EPHA10	19987	promoter
chr1	37792847	37793846	MANEAL	26452	promoter
chr1	37806790	37807789	C1orf122	24789	promoter
chr1	37808209	37809208	YRDC	28905	promoter
chr1	37859593	37860592	MTF1	7428	promoter
chr1	37947054	37948053	INPP5B	6077	promoter
chr1	37990023	37991022	SF3A3	10767	promoter
chr1	38005515	38006514	FHL3	3704	promoter
chr1	38011734	38012733	UTP11	24329	promoter
chr1	38046794	38047793	POU3F1	9214	promoter
chr1	38859773	38860772	RRAGC	19902	promoter
chr1	38873349	38874348	MYCBP	7554	promoter
chr1	38881588	38882587	GJA9	19155	promoter
chr1	38941831	38942830	RHBDL2	16083	promoter
chr1	38990276	38991275	AKIRIN1	25744	promoter
chr1	39025350	39026349	NDUFS5	7712	promoter
chr1	39203695	39204694	MACF1	13664	promoter
chr1	39490636	39491635	BMP8A	21650	promoter
chr1	39576791	39577790	PABPC4	8557	promoter
chr1	39639644	39640643	HEYL	4882	promoter
chr1	39672108	39673107	NT5C1A	17819	promoter
chr1	39691434	39692433	HPCAL4	18212	promoter
chr1	39737882	39738881	PPIE	9258	promoter
chr1	39771349	39772348	OXCT2	18606	promoter
chr1	39788866	39789865	BMP8B	1075	promoter
chr1	39883505	39884504	TRIT1	20286	promoter
chr1	39901918	39902917	MYCL	7555	promoter
chr1	39954145	39955144	MFSD2A	25897	promoter
chr1	40039729	40040728	CAP1	20040	promoter
chr1	40097253	40098252	PPT1	9325	promoter
chr1	40160387	40161386	RLF	10025	promoter
chr1	40246937	40247936	TMCO2	23312	promoter
chr1	40257236	40258235	ZMPSTE24	12877	promoter
chr1	40317287	40318286	COL9A2	2218	promoter
chr1	40372727	40373726	SMAP2	25082	promoter
chr1	40449476	40450475	ZFP69B	28053	promoter
chr1	40476290	40477289	ZFP69	24708	promoter
chr1	40507767	40508766	EXO5	26115	promoter
chr1	40530637	40531636	ZNF684	28418	promoter
chr1	40665683	40666682	RIMS3	21292	promoter
chr1	40690704	40691703	NFYC	7806	promoter
chr1	40782787	40783786	KCNQ4	6298	promoter
chr1	40862364	40863363	CITED4	18696	promoter
chr1	40978696	40979695	CTPS1	2519	promoter
chr1	41021726	41022725	SLFNL1	26313	promoter
chr1	41242307	41243306	SCMH1	19003	promoter
chr1	41360931	41361930	FOXO6	24814	promoter
chr1	41484684	41485683	EDN2	3177	promoter
chr1	41918923	41919922	HIVEP3	13561	promoter
chr1	42152410	42153409	GUCA2B	4683	promoter
chr1	42164746	42165745	GUCA2A	4682	promoter
chr1	42335236	42336235	FOXJ3	29178	promoter
chr1	42379792	42380791	RIMKLA	28725	promoter
chr1	42455543	42456542	PPCS	25686	promoter
chr1	42456023	42457022	ZMYND12	21192	promoter
chr1	42462286	42463285	CCDC30	26103	promoter
chr1	42657423	42658422	PPIH	14651	promoter
chr1	42681418	42682417	YBX1	8014	promoter
chr1	42740237	42741236	CLDN19	2040	promoter
chr1	42767029	42768028	P3H1	19316	promoter
chr1	42766249	42767248	C1orf50	28795	promoter
chr1	42783991	42784990	TMEM269	52381	promoter
chr1	42816122	42817121	ERMAP	15743	promoter
chr1	42817398	42818397	SVBP	29204	promoter
chr1	42845613	42846612	ZNF691	28028	promoter
chr1	42958869	42959868	SLC2A1	11005	promoter
chr1	43146904	43147903	CFAP144	34347	promoter
chr1	43171330	43172329	CFAP57	26485	promoter
chr1	43268983	43269982	TMEM125	28275	promoter
chr1	43172291	43173290	EBNA1BP2	15531	promoter
chr1	43285582	43286581	C1orf210	28755	promoter
chr1	43299982	43300981	TIE1	11809	promoter
chr1	43336818	43337817	MPL	7217	promoter
chr1	43357981	43358980	CDC20	1723	promoter
chr1	43368012	43369011	ELOVL1	14418	promoter
chr1	43389801	43390800	MED8	19971	promoter
chr1	43388899	43389898	SZT2	29040	promoter
chr1	43453932	43454931	HYI	26948	promoter
chr1	43529883	43530882	PTPRF	9670	promoter
chr1	43649149	43650148	KDM4A	22978	promoter
chr1	43706536	43707535	ST3GAL3	10866	promoter
chr1	43932801	43933800	ARTN	727	promoter
chr1	43945950	43946949	IPO13	16853	promoter
chr1	43969010	43970009	DPH2	3004	promoter
chr1	43973960	43974959	ATP6V0B	861	promoter
chr1	43978210	43979209	B4GALT2	925	promoter
chr1	43990599	43991598	CCDC24	28688	promoter
chr1	44031463	44032462	SLC6A9	11056	promoter
chr1	44117821	44118820	KLF17	18830	promoter
chr1	44141632	44142631	KLF18	51793	promoter
chr1	44212471	44213470	DMAP1	18291	promoter
chr1	44355258	44356257	ERI3	17276	promoter
chr1	44404255	44405254	RNF220	25552	promoter
chr1	44674482	44675481	TMEM53	26186	promoter
chr1	44673714	44674713	ARMH1	34345	promoter
chr1	44738837	44739836	KIF2C	6393	promoter
chr1	44774540	44775539	RPS8	10441	promoter
chr1	44788171	44789170	BEST4	17106	promoter
chr1	44799377	44800376	PLK3	2154	promoter
chr1	44807352	44808351	DYNLT4	32315	promoter
chr1	44807523	44808522	BTBD19	27145	promoter
chr1	44843254	44844253	PTCH2	9586	promoter
chr1	44986596	44987595	EIF2B3	3259	promoter
chr1	45011254	45012253	UROD	12591	promoter
chr1	45011325	45012324	HECTD3	26117	promoter
chr1	45206606	45207605	ZSWIM5	29299	promoter
chr1	45325895	45326894	HPDL	28242	promoter
chr1	45339170	45340169	TOE1	15954	promoter
chr1	45339971	45340970	MUTYH	7527	promoter
chr1	45491164	45492163	TESK2	11732	promoter
chr1	45500074	45501073	CCDC163	27003	promoter
chr1	45499300	45500299	MMACHC	24525	promoter
chr1	45521885	45522884	PRDX1	9352	promoter
chr1	45549826	45550825	AKR1A1	380	promoter
chr1	45583041	45584040	NASP	7644	promoter
chr1	45624055	45625054	CCDC17	26574	promoter
chr1	45686534	45687533	GPBP1L1	28843	promoter
chr1	45687181	45688180	TMEM69	28035	promoter
chr1	45750654	45751653	IPP	6108	promoter
chr1	45802612	45803611	MAST2	19035	promoter
chr1	46132630	46133629	PIK3R3	8981	promoter
chr1	46174087	46175086	TSPAN1	20657	promoter
chr1	46176489	46177488	P3R3URF	53451	promoter
chr1	46202334	46203333	LURAP1	32327	promoter
chr1	46198435	46199434	POMGNT1	19139	promoter
chr1	46246763	46247762	RAD54L	9826	promoter
chr1	46303617	46304616	LRRC41	16917	promoter
chr1	46302698	46303697	UQCRH	12590	promoter
chr1	46339807	46340806	NSUN4	31802	promoter
chr1	46393317	46394316	FAAH	3553	promoter
chr1	46488836	46489835	DMBX1	19026	promoter
chr1	46535516	46536515	TMEM275	53938	promoter
chr1	46551648	46552647	KNCN	26488	promoter
chr1	46616812	46617811	MOB3C	29800	promoter
chr1	46604269	46605268	MKNK1	7110	promoter
chr1	46670854	46671853	TEX38	29589	promoter
chr1	46668365	46669364	ATPAF1	18803	promoter
chr1	46719115	46720114	EFCAB14	29051	promoter
chr1	46798046	46799045	CYP4B1	2644	promoter
chr1	46941477	46942476	CYP4A11	2642	promoter
chr1	47022669	47023668	CYP4X1	20244	promoter
chr1	47066231	47067230	CYP4Z1	20583	promoter
chr1	47136441	47137440	CYP4A22	20575	promoter
chr1	47190037	47191036	PDZK1IP1	16887	promoter
chr1	47232226	47233225	TAL1	11556	promoter
chr1	47314148	47315147	STIL	10879	promoter
chr1	47332790	47333789	CMPK1	18170	promoter
chr1	47415285	47416284	FOXE3	3808	promoter
chr1	47437044	47438043	FOXD2	3803	promoter
chr1	47997386	47998385	TRABD2B	44200	promoter
chr1	48221716	48222715	SLC5A9	22146	promoter
chr1	48472205	48473204	SPATA6	18309	promoter
chr1	48776892	48777891	BEND5	25668	promoter
chr1	50023955	50024954	AGBL4	25892	promoter
chr1	50107920	50108919	ELAVL4	3315	promoter
chr1	50423444	50424443	DMRTA2	13908	promoter
chr1	50960268	50961267	FAF1	3578	promoter
chr1	50969245	50970244	CDKN2C	1789	promoter
chr1	51101228	51102227	C1orf185	28096	promoter
chr1	51235273	51236272	RNF11	10056	promoter
chr1	51330563	51331562	TTC39A	18657	promoter
chr1	51519267	51520266	EPS15	3419	promoter
chr1	51616092	51617091	OSBPL9	16386	promoter
chr1	51878728	51879727	NRDC	7995	promoter
chr1	51990701	51991700	RAB3B	9778	promoter
chr1	52033811	52034810	KTI12	25160	promoter
chr1	52055192	52056191	TXNDC12	24626	promoter
chr1	52055295	52056294	BTF3L4	30547	promoter
chr1	52141089	52142088	ZFYVE9	6775	promoter
chr1	52366206	52367205	CC2D1B	29386	promoter
chr1	52404424	52405423	ORC1	8487	promoter
chr1	52403602	52404601	PRPF38A	25930	promoter
chr1	52553093	52554092	TUT4	28981	promoter
chr1	52601371	52602370	GPX7	4559	promoter
chr1	52632168	52633167	SHISAL2A	28757	promoter
chr1	52698348	52699347	COA7	25716	promoter
chr1	52725453	52726452	ZYG11B	25820	promoter
chr1	52841760	52842759	ZYG11A	32058	promoter
chr1	52921741	52922740	ECHDC2	23408	promoter
chr1	52926276	52927275	SCP2	10606	promoter
chr1	53061213	53062212	PODN	23174	promoter
chr1	53142639	53143638	SLC1A7	10945	promoter
chr1	53195824	53196823	CPT2	2330	promoter
chr1	53220635	53221634	CZIB	26059	promoter
chr1	53238519	53239518	MAGOH	6815	promoter
chr1	53328071	53329070	LRP8	6700	promoter
chr1	53458399	53459398	DMRTB1	13913	promoter
chr1	53739165	53740164	GLIS1	29525	promoter
chr1	53838297	53839296	NDC1	25525	promoter
chr1	53889798	53890797	YIPF1	25231	promoter
chr1	53893187	53894186	DIO1	2883	promoter
chr1	53945700	53946699	IFT25	25019	promoter
chr1	53945350	53946349	LRRC42	28792	promoter
chr1	54018187	54019186	LDLRAD1	32069	promoter
chr1	54053205	54054204	TMEM59	1239	promoter
chr1	54052608	54053607	TCEANC2	26494	promoter
chr1	54153001	54154000	CDCP2	27297	promoter
chr1	54199167	54200166	MRPL37	14034	promoter
chr1	54200031	54201030	CYB5RL	32220	promoter
chr1	54406395	54407394	SSBP3	15674	promoter
chr1	54547228	54548227	ACOT11	18156	promoter
chr1	54623526	54624525	FAM151A	25032	promoter
chr1	54640786	54641785	MROH7	24802	promoter
chr1	54714861	54715860	TTC4	12394	promoter
chr1	54764524	54765523	PARS2	30563	promoter
chr1	54801324	54802323	TTC22	26067	promoter
chr1	54805063	54806062	CIMAP2	26854	promoter
chr1	54979628	54980627	TMEM61	27296	promoter
chr1	54887196	54888195	DHCR24	2859	promoter
chr1	54997933	54998932	BSND	16512	promoter
chr1	55038548	55039547	PCSK9	20001	promoter
chr1	55215365	55216364	USP24	12623	promoter
chr1	56579564	56580563	PLPP3	9229	promoter
chr1	56644314	56645313	PRKAA2	9377	promoter
chr1	56819405	56820404	FYB2	27295	promoter
chr1	56853797	56854796	C8A	1352	promoter
chr1	56966016	56967015	C8B	1353	promoter
chr1	57424061	57425060	DAB1	2661	promoter
chr1	58546727	58547726	OMA1	29661	promoter
chr1	58577253	58578252	TACSTD2	11530	promoter
chr1	58700063	58701062	MYSM1	29401	promoter
chr1	58784048	58785047	JUN	6204	promoter
chr1	59296094	59297093	FGGY	25610	promoter
chr1	59813949	59814948	HOOK1	19884	promoter
chr1	59926774	59927773	CYP2J2	2634	promoter
chr1	60073771	60074770	C1orf87	28547	promoter
chr1	61081561	61082560	NFIA	7784	promoter
chr1	61725142	61726141	TM2D1	24142	promoter
chr1	61741480	61742479	PATJ	28881	promoter
chr1	62193849	62194848	L1TD1	25595	promoter
chr1	62319435	62320434	KANK4	27263	promoter
chr1	62436049	62437048	USP1	12607	promoter
chr1	62596520	62597519	ANGPTL3	491	promoter
chr1	62688387	62689386	DOCK7	19190	promoter
chr1	62783132	62784131	ATG4C	16040	promoter
chr1	63321567	63322566	FOXD3	3804	promoter
chr1	63366627	63367626	ALG6	23157	promoter
chr1	63522525	63523524	EFCAB7	29379	promoter
chr1	63592411	63593410	PGM1	8905	promoter
chr1	63523226	63524225	ITGB3BP	6157	promoter
chr1	63773017	63774016	ROR1	10256	promoter
chr1	64202623	64203622	UBE2U	28559	promoter
chr1	64469129	64470128	CACHD1	29314	promoter
chr1	64744075	64745074	RAVER2	25577	promoter
chr1	64966550	64967549	JAK1	6190	promoter
chr1	65147203	65148202	AK4	363	promoter
chr1	65308543	65309542	DNAJC6	15469	promoter
chr1	65419668	65420667	LEPROT	29477	promoter
chr1	65419668	65420667	LEPR	6554	promoter
chr1	65791895	65792894	PDE4B	8781	promoter
chr1	66533153	66534152	SGIP1	25412	promoter
chr1	66751459	66752458	DYNLT5	26882	promoter
chr1	66801277	66802276	INSL5	6088	promoter
chr1	66924857	66925856	DNAI4	26252	promoter
chr1	66923990	66924989	MIER1	29657	promoter
chr1	67054149	67055148	SLC35D1	20800	promoter
chr1	67165454	67166453	IL23R	19100	promoter
chr1	67134971	67135970	C1orf141	32044	promoter
chr1	67306873	67307872	IL12RB2	5972	promoter
chr1	67430403	67431402	SERBP1	17860	promoter
chr1	67684201	67685200	GADD45A	4095	promoter
chr1	67833468	67834467	GNG12	19663	promoter
chr1	68050628	68051627	DIRAS3	687	promoter
chr1	68232524	68233523	WLS	30238	promoter
chr1	68449955	68450954	RPE65	10294	promoter
chr1	68497083	68498082	DEPDC1	22949	promoter
chr1	69566922	69567921	LRRC7	18531	promoter
chr1	70205580	70206579	LRRC40	26004	promoter
chr1	70220380	70221379	SRSF11	10782	promoter
chr1	70354723	70355722	ANKRD13C	25374	promoter
chr1	70410268	70411267	CTH	2501	promoter
chr1	71047817	71048816	PTGER3	9595	promoter
chr1	71081036	71082035	ZRANB2	13058	promoter
chr1	72282540	72283539	NEGR1	17302	promoter
chr1	74198177	74199176	LRRIQ3	28318	promoter
chr1	74197242	74198241	FPGT	3825	promoter
chr1	74234387	74235386	TNNI3K	19661	promoter
chr1	74512612	74513611	LRRC53	25255	promoter
chr1	74673793	74674792	ERICH3	25346	promoter
chr1	74732152	74733151	TYW3	24757	promoter
chr1	74733051	74734050	CRYZ	2419	promoter
chr1	75133388	75134387	LHX8	28838	promoter
chr1	75611115	75612114	SLC44A5	28524	promoter
chr1	75723709	75724708	ACADM	89	promoter
chr1	75785256	75786255	RABGGTB	9796	promoter
chr1	75795882	75796881	MSH4	7327	promoter
chr1	75932405	75933404	ASB17	19769	promoter
chr1	76073746	76074745	ST6GALNAC3	19343	promoter
chr1	76866480	76867479	ST6GALNAC5	19342	promoter
chr1	77219431	77220430	PIGK	8965	promoter
chr1	77281019	77282018	AK5	365	promoter
chr1	77682659	77683658	ZZZ3	24523	promoter
chr1	77759853	77760852	USP33	20059	promoter
chr1	77778649	77779648	MIGA1	24741	promoter
chr1	77887624	77888623	NEXN	29557	promoter
chr1	77979073	77980072	FUBP1	4004	promoter
chr1	78003939	78004938	DNAJB4	14886	promoter
chr1	78044966	78045965	GIPC2	18177	promoter
chr1	78489974	78490973	PTGFR	9600	promoter
chr1	78619448	78620447	IFI44L	17817	promoter
chr1	78648831	78649830	IFI44	16938	promoter
chr1	79006731	79007730	ADGRL4	20822	promoter
chr1	81799934	81800933	ADGRL2	18582	promoter
chr1	83999133	84000132	TTLL7	26242	promoter
chr1	84143271	84144270	PRKACB	9381	promoter
chr1	84300708	84301707	SAMD13	24582	promoter
chr1	84397484	84398483	DNASE2B	28875	promoter
chr1	84478266	84479265	RPF1	30350	promoter
chr1	84505386	84506385	SPATA1	14682	promoter
chr1	84506582	84507581	GNG5	4408	promoter
chr1	84574441	84575440	CTBS	2496	promoter
chr1	84690462	84691461	SSX2IP	16509	promoter
chr1	84893207	84894206	LPAR3	14298	promoter
chr1	84997114	84998113	MCOLN2	13357	promoter
chr1	85061327	85062326	DNAI3	30711	promoter
chr1	85048501	85049500	MCOLN3	13358	promoter
chr1	85201017	85202016	SYDE2	25841	promoter
chr1	85259663	85260662	C1orf52	24871	promoter
chr1	85276633	85277632	BCL10	989	promoter
chr1	85465160	85466159	DDAH1	2715	promoter
chr1	85579761	85580760	CCN1	2654	promoter
chr1	85708434	85709433	ZNHIT6	26089	promoter
chr1	86156773	86157772	COL24A1	20821	promoter
chr1	86396324	86397323	ODF2L	29225	promoter
chr1	86423171	86424170	CLCA2	2016	promoter
chr1	86467927	86468926	CLCA1	2015	promoter
chr1	86546078	86547077	CLCA4	2018	promoter
chr1	86703576	86704575	SH3GLB1	10833	promoter
chr1	86914127	86915126	SELENOF	17705	promoter
chr1	86913635	86914634	HS2ST1	5193	promoter
chr1	87327880	87328879	LMO4	6644	promoter
chr1	88683273	88684272	PKN2	9406	promoter
chr1	88891568	88892567	GTF2B	4648	promoter
chr1	88992630	88993629	KYAT3	33238	promoter
chr1	88992630	88993629	RBMXL1	25073	promoter
chr1	89022867	89023866	GBP3	4184	promoter
chr1	89065209	89066208	GBP1	4182	promoter
chr1	89126115	89127114	GBP2	4183	promoter
chr1	89176004	89177003	GBP7	29606	promoter
chr1	89198943	89199942	GBP4	20480	promoter
chr1	89272861	89273860	GBP5	19895	promoter
chr1	89363059	89364058	GBP6	25395	promoter
chr1	89523829	89524828	LRRC8B	30692	promoter
chr1	89632120	89633119	LRRC8C	25075	promoter
chr1	89820032	89821031	LRRC8D	16992	promoter
chr1	89994110	89995109	ZNF326	14104	promoter
chr1	90717303	90718302	BARHL2	954	promoter
chr1	91022036	91023035	ZNF644	29222	promoter
chr1	91404838	91405837	HFM1	20193	promoter
chr1	91499851	91500850	CDC7	1745	promoter
chr1	91886152	91887151	TGFBR3	11774	promoter
chr1	91948401	91949400	BRDT	1105	promoter
chr1	92028985	92029984	EPHX4	23758	promoter
chr1	92075412	92076411	SETSIP	42937	promoter
chr1	92079345	92080344	BTBD8	21019	promoter
chr1	92216915	92217914	C1orf146	24032	promoter
chr1	92298988	92299987	GLMN	14373	promoter
chr1	92298059	92299058	RPAP2	25791	promoter
chr1	92486926	92487925	GFI1	4237	promoter
chr1	92785109	92786108	EVI5	3501	promoter
chr1	92831040	92832039	RPL5	10360	promoter
chr1	92961463	92962462	DIPK1A	32213	promoter
chr1	93078283	93079282	MTF2	29535	promoter
chr1	93179724	93180723	CCDC18	30370	promoter
chr1	93180414	93181413	TMED5	24251	promoter
chr1	93344907	93345906	DR1	3017	promoter
chr1	93447118	93448117	FNBP1L	20851	promoter
chr1	93681838	93682837	BCAR3	973	promoter
chr1	93879207	93880206	DNTTIP2	24013	promoter
chr1	93909431	93910430	GCLM	4312	promoter
chr1	94121149	94122148	ABCA4	34	promoter
chr1	94237585	94238584	ARHGAP29	30207	promoter
chr1	94417389	94418388	ABCD3	67	promoter
chr1	94541760	94542759	F3	3541	promoter
chr1	94819357	94820356	SLC44A3	28689	promoter
chr1	94927111	94928110	CNN3	2157	promoter
chr1	95072952	95073951	ALG14	28287	promoter
chr1	95116355	95117354	TLCD4	26477	promoter
chr1	95233210	95234209	RWDD3	21393	promoter
chr1	96720784	96721783	PTBP2	17662	promoter
chr1	97921035	97922034	DPYD	3012	promoter
chr1	98660721	98661720	SNX7	14971	promoter
chr1	99004862	99005861	PLPPR5	31703	promoter
chr1	99263492	99264491	PLPPR4	23496	promoter
chr1	99645113	99646112	PALMD	15846	promoter
chr1	99766636	99767635	FRRS1	27622	promoter
chr1	99849361	99850360	AGL	321	promoter
chr1	99968996	99969995	SLC35A3	11023	promoter
chr1	100037095	100038094	MFSD14A	23363	promoter
chr1	100132931	100133930	SASS6	25403	promoter
chr1	100132163	100133162	TRMT13	25502	promoter
chr1	100178257	100179256	LRRC39	28228	promoter
chr1	100249835	100250834	DBT	2698	promoter
chr1	100265216	100266215	RTCA	17981	promoter
chr1	100351506	100352505	CDC14A	1718	promoter
chr1	100537139	100538138	GPR88	4539	promoter
chr1	100718742	100719741	VCAM1	12663	promoter
chr1	100894843	100895842	EXTL2	3516	promoter
chr1	100895090	100896089	SLC30A7	19306	promoter
chr1	101025785	101026784	DPH5	24270	promoter
chr1	101236019	101237018	S1PR1	3165	promoter
chr1	101996927	101997926	OLFM3	17990	promoter
chr1	103108523	103109522	COL11A1	2186	promoter
chr1	103524699	103525698	RNPC3	18666	promoter
chr1	103570589	103571588	AMY2B	478	promoter
chr1	103616427	103617426	AMY2A	477	promoter
chr1	103654760	103655759	AMY1A	474	promoter
chr1	103696211	103697210	AMY1B	475	promoter
chr1	103748898	103749897	AMY1C	476	promoter
chr1	107055674	107056673	PRMT6	18241	promoter
chr1	107140039	107141038	NTNG1	23319	promoter
chr1	107965181	107966180	VAV3	12659	promoter
chr1	108200344	108201343	SLC25A24	20662	promoter
chr1	108244077	108245076	NBPF4	26550	promoter
chr1	108449343	108450342	NBPF6	31988	promoter
chr1	108559100	108560099	EEIG2	27637	promoter
chr1	108661094	108662093	HENMT1	26400	promoter
chr1	108691310	108692309	PRPF38B	25512	promoter
chr1	108711908	108712907	FNDC7	26668	promoter
chr1	108745674	108746673	STXBP3	11446	promoter
chr1	108875985	108876984	GPSM2	29501	promoter
chr1	108857095	108858094	AKNAD1	28398	promoter
chr1	108963485	108964484	CLCC1	29675	promoter
chr1	109042103	109043102	WDR47	29141	promoter
chr1	109076004	109077003	TAF13	11546	promoter
chr1	109089764	109090763	TMEM167B	30187	promoter
chr1	109113115	109114114	ELAPOR1	29618	promoter
chr1	109112748	109113747	CFAP276	32331	promoter
chr1	109212918	109213917	SARS1	10537	promoter
chr1	109248539	109249538	CELSR2	3231	promoter
chr1	109283146	109284145	PSRC1	24472	promoter
chr1	109307012	109308011	MYBPHL	30434	promoter
chr1	109397919	109398918	SORT1	11186	promoter
chr1	109426449	109427448	PSMA5	9534	promoter
chr1	109465546	109466545	SYPL2	27638	promoter
chr1	109482905	109483904	ATXN7L2	28713	promoter
chr1	109493094	109494093	CYB561D1	26804	promoter
chr1	109509728	109510727	AMIGO1	20824	promoter
chr1	109538872	109539871	GPR61	13300	promoter
chr1	109547615	109548614	GNAI3	4387	promoter
chr1	109618837	109619836	AMPD2	469	promoter
chr1	109619617	109620616	GNAT2	4394	promoter
chr1	109655099	109656098	GSTM4	4636	promoter
chr1	109667057	109668056	GSTM2	4634	promoter
chr1	109686817	109687816	GSTM1	4632	promoter
chr1	109711251	109712250	GSTM5	4637	promoter
chr1	109741039	109742038	GSTM3	4635	promoter
chr1	109763924	109764923	EPS8L3	21297	promoter
chr1	109909849	109910848	CSF1	2432	promoter
chr1	109983765	109984764	AHCYL1	344	promoter
chr1	110033624	110034623	STRIP1	25916	promoter
chr1	110070673	110071672	ALX3	449	promoter
chr1	110111443	110112442	UBL4B	32309	promoter
chr1	110149494	110150493	SLC6A17	31399	promoter
chr1	110209314	110210313	KCNC4	6236	promoter
chr1	110338377	110339376	RBM15	14959	promoter
chr1	110391027	110392026	SLC16A4	10925	promoter
chr1	110407695	110408694	LAMTOR5	17955	promoter
chr1	110450149	110451148	PROK1	18454	promoter
chr1	110519176	110520175	KCNA10	6219	promoter
chr1	110606359	110607358	KCNA2	6220	promoter
chr1	110674941	110675940	KCNA3	6221	promoter
chr1	110872148	110873147	CD53	1686	promoter
chr1	110963923	110964922	LRIF1	30299	promoter
chr1	111139223	111140222	CEPT1	24289	promoter
chr1	111140094	111141093	DRAM2	28769	promoter
chr1	111226713	111227712	CHI3L2	1933	promoter
chr1	111200647	111201646	DENND2D	26192	promoter
chr1	111289851	111290850	CHIA	17432	promoter
chr1	111345622	111346621	CIMAP3	27009	promoter
chr1	111427736	111428735	OVGP1	8524	promoter
chr1	111448464	111449463	ATP5PB	840	promoter
chr1	111449257	111450256	WDR77	29652	promoter
chr1	111472984	111473983	C1orf162	28344	promoter
chr1	111503634	111504633	ADORA3	268	promoter
chr1	111618789	111619788	RAP1A	9855	promoter
chr1	111503634	111504633	TMIGD3	51375	promoter
chr1	111754901	111755900	DDX20	2743	promoter
chr1	111739396	111740395	INKA2	28045	promoter
chr1	111989669	111990668	KCND3	6239	promoter
chr1	112395214	112396213	CTTNBP2NL	25330	promoter
chr1	112507965	112508964	WNT2B	12781	promoter
chr1	112618832	112619831	CAPZA1	1488	promoter
chr1	112619142	112620141	ST7L	18441	promoter
chr1	112673659	112674658	MOV10	7200	promoter
chr1	112707128	112708127	RHOC	669	promoter
chr1	112715333	112716332	PPM1J	20785	promoter
chr1	112717905	112718904	TAFA3	21590	promoter
chr1	112956197	112957196	SLC16A1	10922	promoter
chr1	113072198	113073197	LRIG2	20889	promoter
chr1	113389515	113390514	MAGI3	29647	promoter
chr1	113759487	113760486	PHTF1	8939	promoter
chr1	113812477	113813476	RSBN1	25642	promoter
chr1	113871713	113872712	PTPN22	9652	promoter
chr1	113887582	113888581	BCL2L15	33624	promoter
chr1	113904326	113905325	DCLRE1B	17641	promoter
chr1	113904800	113905799	AP4B1	572	promoter
chr1	113928324	113929323	HIPK1	19006	promoter
chr1	113978474	113979473	OLFML3	24956	promoter
chr1	114153870	114154869	SYT6	18638	promoter
chr1	114511204	114512203	TRIM33	16290	promoter
chr1	114581616	114582615	BCAS2	975	promoter
chr1	114670050	114671049	DENND2C	24748	promoter
chr1	114695547	114696546	AMPD1	468	promoter
chr1	114716772	114717771	NRAS	7989	promoter
chr1	114757985	114758984	CSDE1	29905	promoter
chr1	114780686	114781685	SIKE1	26119	promoter
chr1	114853863	114854862	SYCP1	11487	promoter
chr1	115028826	115029825	TSHB	12372	promoter
chr1	115089504	115090503	TSPAN2	20659	promoter
chr1	115338250	115339249	NGF	7808	promoter
chr1	115640970	115641969	VANGL1	15512	promoter
chr1	115768715	115769714	CASQ2	1513	promoter
chr1	115841127	115842126	NHLH2	7818	promoter
chr1	115975513	115976512	SLC22A15	20301	promoter
chr1	116110399	116111398	MAB21L3	26787	promoter
chr1	116372244	116373243	ATP1A1	799	promoter
chr1	116571027	116572026	CD58	1688	promoter
chr1	116667734	116668733	IGSF3	5950	promoter
chr1	116753430	116754429	CD2	1639	promoter
chr1	116908916	116909915	PTGFRN	9601	promoter
chr1	117000760	117001759	CD101	5949	promoter
chr1	117059326	117060325	TTF2	12398	promoter
chr1	117121750	117122749	TRIM45	19018	promoter
chr1	117210928	117211927	VTCN1	28873	promoter
chr1	117366449	117367448	MAN1A2	6822	promoter
chr1	117605048	117606047	TENT5C	24712	promoter
chr1	117929622	117930621	GDAP2	18010	promoter
chr1	117928739	117929738	WDR3	12755	promoter
chr1	118185229	118186228	SPAG17	26620	promoter
chr1	118988344	118989343	TBX15	11594	promoter
chr1	119140654	119141653	WARS2	12730	promoter
chr1	119367785	119368784	HAO2	4810	promoter
chr1	119414150	119415149	HSD3B2	5218	promoter
chr1	119506210	119507209	HSD3B1	5217	promoter
chr1	119648267	119649266	ZNF697	32034	promoter
chr1	119710934	119711933	PHGDH	8923	promoter
chr1	119768906	119769905	HMGCS2	5008	promoter
chr1	119811461	119812460	REG4	22977	promoter
chr1	119896516	119897515	ADAM30	208	promoter
chr1	120069663	120070662	NOTCH2	7882	promoter
chr1	120176521	120177520	SEC22B	10700	promoter
chr1	120414035	120415034	NBPF8	31990	promoter
chr1	120722945	120723944	NOTCH2NLR	53925	promoter
chr1	120722945	120723944	NBPF26	49571	promoter
chr1	120888771	120889770	PPIAL4A	24369	promoter
chr1	121183975	121184974	SRGAP2C	30584	promoter
chr1	121184341	121185340	FAM72B	24805	promoter
chr1	143905978	143906977	H3-7	32060	promoter
chr1	143971987	143972986	FAM72C	30602	promoter
chr1	144373635	144374634	PPIAL4E	33997	promoter
chr1	144461670	144462669	NBPF15	28791	promoter
chr1	144591893	144592892	PPIAL4F	33999	promoter
chr1	145095329	145096328	SRGAP2B	35237	promoter
chr1	145094974	145095973	FAM72D	33593	promoter
chr1	145242175	145243174	PPIAL4D	33998	promoter
chr1	145425604	145426603	NBPF20	32000	promoter
chr1	145606988	145607987	GPR89A	31984	promoter
chr1	145707369	145708368	PDZK1	8821	promoter
chr1	145718499	145719498	CD160	17013	promoter
chr1	145823200	145824199	POLR3C	30076	promoter
chr1	145824096	145825095	RNF115	18154	promoter
chr1	145844630	145845629	NUDT17	26618	promoter
chr1	145859082	145860081	PIAS3	16861	promoter
chr1	145885867	145886866	ANKRD35	26323	promoter
chr1	145910051	145911050	ITGA10	6135	promoter
chr1	145918718	145919717	PEX11B	8853	promoter
chr1	145927485	145928484	RBM8A	9905	promoter
chr1	145958018	145959017	LIX1L	28715	promoter
chr1	145964576	145965575	ANKRD34A	27639	promoter
chr1	145963690	145964689	POLR3GL	28466	promoter
chr1	145996580	145997579	TXNIP	16952	promoter
chr1	146021736	146022735	HJV	4887	promoter
chr1	146144805	146145804	NBPF10	31992	promoter
chr1	146229022	146230021	NOTCH2NLA	31862	promoter
chr1	146344766	146345765	PPIAL4H	53889	promoter
chr1	146937324	146938323	NBPF12	24297	promoter
chr1	147172471	147173470	PRKAB2	9379	promoter
chr1	147241684	147242683	CHD1L	1916	promoter
chr1	147225340	147226339	FMO5	3773	promoter
chr1	147540501	147541500	BCL9	1008	promoter
chr1	147670525	147671524	ACP6	29609	promoter
chr1	147760603	147761602	GJA5	4279	promoter
chr1	147901795	147902794	GJA8	4281	promoter
chr1	147927420	147928419	GPR89B	13840	promoter
chr1	148152282	148153281	NBPF11	31993	promoter
chr1	148483303	148484302	PPIAL4G	33996	promoter
chr1	148596012	148597011	NBPF14	25232	promoter
chr1	148679747	148680746	NOTCH2NLB	53923	promoter
chr1	148747774	148748773	NUDT4B	18012	promoter
chr1	148843428	148844427	PDE4DIP	15580	promoter
chr1	149103552	149104551	NBPF9	31991	promoter
chr1	149389621	149390620	NOTCH2NLC	53924	promoter
chr1	149474045	149475044	NBPF19	31999	promoter
chr1	149582848	149583847	PPIAL4C	33995	promoter
chr1	149781694	149782693	FCGR1A	3613	promoter
chr1	149812371	149813370	H2BC18	24700	promoter
chr1	149813694	149814693	H3C13	25311	promoter
chr1	149831657	149832656	H4C14	4794	promoter
chr1	149841209	149842208	H3C14	20503	promoter
chr1	149842751	149843750	H2AC18	4736	promoter
chr1	149850061	149851060	H2AC19	29668	promoter
chr1	149851608	149852607	H3C15	20505	promoter
chr1	149861160	149862159	H4C15	29607	promoter
chr1	149886683	149887682	H2BC21	4760	promoter
chr1	149885918	149886917	H2AC20	4738	promoter
chr1	149898568	149899567	BOLA1	24263	promoter
chr1	149887966	149888965	H2AC21	20508	promoter
chr1	149917845	149918844	SV2A	20566	promoter
chr1	149927804	149928803	SF3B4	10771	promoter
chr1	149936880	149937879	MTMR11	24307	promoter
chr1	150010727	150011726	OTUD7B	16683	promoter
chr1	150066776	150067775	VPS45	14579	promoter
chr1	150148916	150149915	PLEKHO1	24310	promoter
chr1	150236113	150237112	ANP32E	16673	promoter
chr1	150256774	150257773	CA14	1372	promoter
chr1	150271790	150272789	C1orf54	26258	promoter
chr1	150269017	150270016	APH1A	29509	promoter
chr1	150281554	150282553	CIART	25200	promoter
chr1	150292861	150293860	MRPS21	14046	promoter
chr1	150320533	150321532	PRPF3	17348	promoter
chr1	150363147	150364146	RPRD2	29039	promoter
chr1	150486419	150487418	TARS2	30740	promoter
chr1	150507109	150508108	ECM1	3153	promoter
chr1	150548408	150549407	ADAMTSL4	19706	promoter
chr1	150579611	150580610	MCL1	6943	promoter
chr1	150629613	150630612	ENSA	3360	promoter
chr1	150697155	150698154	GOLPH3L	24882	promoter
chr1	150720896	150721895	HORMAD1	25245	promoter
chr1	150765779	150766778	CTSS	2545	promoter
chr1	150808261	150809260	CTSK	2536	promoter
chr1	150876600	150877599	ARNT	700	promoter
chr1	150886136	150887135	CTXND2	53440	promoter
chr1	150925363	150926362	SETDB1	10761	promoter
chr1	150974836	150975835	CERS2	14076	promoter
chr1	150981292	150982291	ANXA9	547	promoter
chr1	151006903	151007902	MINDY1	25648	promoter
chr1	151007449	151008448	PRUNE1	13420	promoter
chr1	151035586	151036585	BNIPL	16976	promoter
chr1	151046751	151047750	C1orf56	26045	promoter
chr1	151059397	151060396	MLLT11	16997	promoter
chr1	151059623	151060622	CDC42SE1	17719	promoter
chr1	151069761	151070760	GABPB2	28441	promoter
chr1	151146632	151147631	SEMA6C	10740	promoter
chr1	151155649	151156648	TNFAIP8L2	26277	promoter
chr1	151165144	151166143	SCNM1	23136	promoter
chr1	151165903	151166902	LYSMD1	32070	promoter
chr1	151175982	151176981	TMOD4	11874	promoter
chr1	151190198	151191197	VPS72	11644	promoter
chr1	151197552	151198551	PIP5K1A	8994	promoter
chr1	151253734	151254733	PSMD4	9561	promoter
chr1	151281299	151282298	ZNF687	29277	promoter
chr1	151327417	151328416	PI4KB	8984	promoter
chr1	151347253	151348252	RFX5	9986	promoter
chr1	151372706	151373705	SELENBP1	10719	promoter
chr1	151398573	151399572	PSMB4	9541	promoter
chr1	151459495	151460494	POGZ	18801	promoter
chr1	151510387	151511386	CGN	17429	promoter
chr1	151539309	151540308	TUFT1	12422	promoter
chr1	151611050	151612049	SNX27	20073	promoter
chr1	151720522	151721521	RIIAD1	26686	promoter
chr1	151716804	151717803	CELF3	11967	promoter
chr1	151765655	151766654	OAZ3	8097	promoter
chr1	151763497	151764496	MRPL9	14277	promoter
chr1	151790501	151791500	TDRKH	11713	promoter
chr1	151805420	151806419	LINGO4	31814	promoter
chr1	151831803	151832802	RORC	10260	promoter
chr1	151839821	151840820	C2CD4D	37210	promoter
chr1	151853713	151854712	THEM5	26755	promoter
chr1	151909512	151910511	THEM4	17947	promoter
chr1	151993860	151994859	S100A10	10487	promoter
chr1	152037005	152038004	S100A11	10488	promoter
chr1	152089065	152090064	TCHHL1	31796	promoter
chr1	152115445	152116444	TCHH	11791	promoter
chr1	152159229	152160228	RPTN	26809	promoter
chr1	152224194	152225193	HRNR	20846	promoter
chr1	152325240	152326239	FLG	3748	promoter
chr1	152360007	152361006	FLG2	33276	promoter
chr1	152414264	152415263	CRNN	1230	promoter
chr1	152509803	152510802	LCE5A	16614	promoter
chr1	152513482	152514481	CRCT1	29875	promoter
chr1	152566781	152567780	LCE3E	29463	promoter
chr1	152580517	152581516	LCE3D	16615	promoter
chr1	152599234	152600233	LCE3C	16612	promoter
chr1	152612811	152613810	LCE3B	29462	promoter
chr1	152623104	152624103	LCE3A	29461	promoter
chr1	152662380	152663379	LCE2D	16518	promoter
chr1	152674279	152675278	LCE2C	29460	promoter
chr1	152685123	152686122	LCE2B	16610	promoter
chr1	152697345	152698344	LCE2A	29469	promoter
chr1	152707160	152708159	LCE4A	16613	promoter
chr1	152718522	152719521	KPLCE	29468	promoter
chr1	152757025	152758024	KPRP	31823	promoter
chr1	152774140	152775139	LCE1F	29467	promoter
chr1	152785257	152786256	LCE1E	29466	promoter
chr1	152795721	152796720	LCE1D	29465	promoter
chr1	152806652	152807651	LCE1C	29464	promoter
chr1	152810971	152811970	LCE1B	16611	promoter
chr1	152826473	152827472	LCE1A	29459	promoter
chr1	152841856	152842855	LCE6A	31824	promoter
chr1	152858996	152859995	LCE7A	55921	promoter
chr1	152877322	152878321	SMCP	6962	promoter
chr1	152907546	152908545	IVL	6187	promoter
chr1	152946206	152947205	SPRR5	53428	promoter
chr1	152969648	152970647	SPRR4	23173	promoter
chr1	152983081	152984080	SPRR1A	11259	promoter
chr1	153000749	153001748	SPRR3	11268	promoter
chr1	153030203	153031202	SPRR1B	11260	promoter
chr1	153041121	153042120	SPRR2D	11264	promoter
chr1	153057513	153058512	SPRR2A	11261	promoter
chr1	153071612	153072611	SPRR2B	11262	promoter
chr1	153094527	153095526	SPRR2E	11265	promoter
chr1	153113517	153114516	SPRR2F	11266	promoter
chr1	153150891	153151890	SPRR2G	11267	promoter
chr1	153202430	153203429	LELP1	32046	promoter
chr1	153216584	153217583	PRR9	32057	promoter
chr1	153258687	153259686	LORICRIN	6663	promoter
chr1	153312953	153313952	PGLYRP3	30014	promoter
chr1	153348842	153349841	PGLYRP4	30015	promoter
chr1	153356854	153357853	S100A9	10499	promoter
chr1	153375622	153376621	S100A12	10489	promoter
chr1	153391074	153392073	S100A8	10498	promoter
chr1	153415520	153416519	S100A7A	21657	promoter
chr1	153460652	153461651	S100A7	10497	promoter
chr1	153535992	153536991	S100A6	10496	promoter
chr1	153540935	153541934	S100A5	10495	promoter
chr1	153549259	153550258	S100A3	10493	promoter
chr1	153545807	153546806	S100A4	10494	promoter
chr1	153565845	153566844	S100A2	10492	promoter
chr1	153613138	153614137	S100A16	20441	promoter
chr1	153616326	153617325	S100A14	18901	promoter
chr1	153627434	153628433	S100A1	10486	promoter
chr1	153633066	153634065	CHTOP	24511	promoter
chr1	153627506	153628505	S100A13	10490	promoter
chr1	153657703	153658702	SNAPIN	17145	promoter
chr1	153670994	153671993	ILF2	6037	promoter
chr1	153677688	153678687	NPR1	7943	promoter
chr1	153727050	153728049	INTS3	26153	promoter
chr1	153774407	153775406	SLC27A3	10997	promoter
chr1	153922973	153923972	GATAD2B	30778	promoter
chr1	153946719	153947718	DENND4B	29044	promoter
chr1	153958613	153959612	CRTC2	27301	promoter
chr1	153966902	153967901	CREB3L4	18854	promoter
chr1	153963538	153964537	SLC39A1	12876	promoter
chr1	153977675	153978674	JTB	6201	promoter
chr1	153986340	153987339	RAB13	9762	promoter
chr1	153989762	153990761	RPS27	10416	promoter
chr1	154155074	154156073	NUP210L	29915	promoter
chr1	154192101	154193100	TPM3	12012	promoter
chr1	154206334	154207333	CFAP141	32305	promoter
chr1	154219955	154220954	UBAP2L	29877	promoter
chr1	154220591	154221590	C1orf43	29876	promoter
chr1	154271629	154272628	HAX1	16915	promoter
chr1	154320093	154321092	AQP10	16029	promoter
chr1	154324525	154325524	ATP8B2	13534	promoter
chr1	154404343	154405342	IL6R	6019	promoter
chr1	154501219	154502218	TDRD10	25316	promoter
chr1	154502413	154503412	SHE	27004	promoter
chr1	154558663	154559662	UBE2Q1	15698	promoter
chr1	154566778	154567777	CHRNB2	1962	promoter
chr1	154608187	154609186	ADAR	225	promoter
chr1	154870282	154871281	KCNN3	6292	promoter
chr1	154936720	154937719	PMVK	9141	promoter
chr1	154956100	154957099	PBXIP1	21199	promoter
chr1	154961783	154962782	PYGO2	30257	promoter
chr1	154970748	154971747	SHC1	10840	promoter
chr1	154973681	154974680	CKS1B	19083	promoter
chr1	154982344	154983343	FLAD1	24671	promoter
chr1	154992586	154993585	LENEP	14429	promoter
chr1	155001802	155002801	ZBTB7B	18668	promoter
chr1	155033782	155034781	DCST2	26562	promoter
chr1	155032824	155033823	DCST1	26539	promoter
chr1	155050316	155051315	ADAM15	193	promoter
chr1	155062740	155063739	EFNA4	3224	promoter
chr1	155077837	155078836	EFNA3	3223	promoter
chr1	155126876	155127875	EFNA1	3221	promoter
chr1	155134852	155135851	SLC50A1	30657	promoter
chr1	155140532	155141531	DPM3	3007	promoter
chr1	155173305	155174304	KRTCAP2	28942	promoter
chr1	155172849	155173848	TRIM46	19019	promoter
chr1	155192916	155193915	MUC1	7508	promoter
chr1	155207695	155208694	MTX1	7504	promoter
chr1	155207898	155208897	THBS3	11787	promoter
chr1	155241250	155242249	GBA1	4177	promoter
chr1	155255484	155256483	ENTREP3	1233	promoter
chr1	155262361	155263360	SCAMP3	10565	promoter
chr1	155276463	155277462	HCN3	19183	promoter
chr1	155273505	155274504	CLK2	2069	promoter
chr1	155301439	155302438	PKLR	9020	promoter
chr1	155307866	155308865	FDPS	3631	promoter
chr1	155319894	155320893	RUSC1	17153	promoter
chr1	155562804	155563803	ASH1L	19088	promoter
chr1	155609218	155610217	MSTO1	29678	promoter
chr1	155688091	155689090	DAP3	2673	promoter
chr1	155688775	155689774	YY1AP1	30935	promoter
chr1	155857215	155858214	GON4L	25973	promoter
chr1	155858567	155859566	SYT11	19239	promoter
chr1	155911350	155912349	RIT1	10023	promoter
chr1	155934414	155935413	KHDC4	29145	promoter
chr1	155940638	155941637	RXFP4	14666	promoter
chr1	155978548	155979547	ARHGEF2	682	promoter
chr1	156020952	156021951	SSR2	11324	promoter
chr1	156053799	156054798	UBQLN4	1237	promoter
chr1	156053782	156054781	LAMTOR2	29796	promoter
chr1	156060160	156061159	RAB25	18238	promoter
chr1	156082466	156083465	MEX3A	33482	promoter
chr1	156113711	156114710	LMNA	6636	promoter
chr1	156152585	156153584	SEMA4A	10729	promoter
chr1	156193104	156194103	SLC25A44	29036	promoter
chr1	156212007	156213006	PMF1	9112	promoter
chr1	156241184	156242183	BGLAP	1043	promoter
chr1	156248057	156249056	PAQR6	30132	promoter
chr1	156282826	156283825	SMG5	24644	promoter
chr1	156283325	156284324	TMEM79	28196	promoter
chr1	156295680	156296679	GLMP	29436	promoter
chr1	156299308	156300307	VHLL	30666	promoter
chr1	156337526	156338525	TSACC	30636	promoter
chr1	156338293	156339292	CCT3	1616	promoter
chr1	156368211	156369210	RHBG	14572	promoter
chr1	156500776	156501775	MEF2D	6997	promoter
chr1	156572566	156573565	IQGAP3	20669	promoter
chr1	156578723	156579722	TTC24	32348	promoter
chr1	156590776	156591775	NAXE	18453	promoter
chr1	156601480	156602479	GPATCH4	25982	promoter
chr1	156618415	156619414	HAPLN2	17410	promoter
chr1	156641117	156642116	BCAN	23059	promoter
chr1	156677408	156678407	NES	7756	promoter
chr1	156705584	156706583	CRABP2	2339	promoter
chr1	156727469	156728468	METTL25B	24273	promoter
chr1	156728767	156729766	ISG20L2	25745	promoter
chr1	156741089	156742088	MRPL24	14037	promoter
chr1	156766535	156767534	PRCC	9343	promoter
chr1	156751676	156752675	HDGF	4856	promoter
chr1	156859865	156860864	NTRK1	8031	promoter
chr1	156816849	156817848	SH2D2A	10821	promoter
chr1	156859118	156860117	INSRR	6093	promoter
chr1	156892718	156893717	PEAR1	33631	promoter
chr1	156919632	156920631	LRRC71	26556	promoter
chr1	157045743	157046742	ARHGEF11	14580	promoter
chr1	157099809	157100808	ETV3L	33834	promoter
chr1	157138396	157139395	ETV3	3492	promoter
chr1	157552516	157553515	FCRL5	18508	promoter
chr1	157598086	157599085	FCRL4	18507	promoter
chr1	157700770	157701769	FCRL3	18506	promoter
chr1	157777133	157778132	FCRL2	14875	promoter
chr1	157820121	157821120	FCRL1	18509	promoter
chr1	157841809	157842808	CD5L	1690	promoter
chr1	157992645	157993644	KIRREL1	15734	promoter
chr1	158128302	158129301	SMIM42	55000	promoter
chr1	158179895	158180894	CD1D	1637	promoter
chr1	158253424	158254423	CD1A	1634	promoter
chr1	158288923	158289922	CD1C	1636	promoter
chr1	158331532	158332531	CD1B	1635	promoter
chr1	158352894	158353893	CD1E	1638	promoter
chr1	158399467	158400466	OR10T2	14816	promoter
chr1	158426238	158427237	OR10K2	14826	promoter
chr1	158460834	158461833	OR10K1	14693	promoter
chr1	158471220	158472219	OR10R2	14820	promoter
chr1	158554406	158555405	OR6Y1	14823	promoter
chr1	158570581	158571580	OR6P1	15036	promoter
chr1	158579900	158580899	OR10X1	14995	promoter
chr1	158604268	158605267	OR10Z1	14996	promoter
chr1	158686716	158687715	SPTA1	11272	promoter
chr1	158700653	158701652	OR6K2	15029	promoter
chr1	158720721	158721720	OR6K3	15030	promoter
chr1	158753720	158754719	OR6K6	15033	promoter
chr1	158772196	158773195	OR6N1	15034	promoter
chr1	158781205	158782204	OR6N2	15035	promoter
chr1	158830351	158831350	MNDA	7183	promoter
chr1	158930552	158931551	PYHIN1	28894	promoter
chr1	159008907	159009906	IFI16	5395	promoter
chr1	159002752	159003751	PYDC5	53781	promoter
chr1	159170615	159171614	CADM3	17601	promoter
chr1	159076767	159077766	AIM2	357	promoter
chr1	159203875	159204874	ACKR1	4035	promoter
chr1	159301336	159302335	FCER1A	3609	promoter
chr1	159314660	159315659	OR10J3	14992	promoter
chr1	159431204	159432203	OR10J4	15408	promoter
chr1	159438722	159439721	OR10J1	8175	promoter
chr1	159536008	159537007	OR10J5	14993	promoter
chr1	159586826	159587825	APCS	584	promoter
chr1	159714590	159715589	CRP	2367	promoter
chr1	159779962	159780961	DUSP23	21480	promoter
chr1	159801360	159802359	FCRL6	31910	promoter
chr1	159825873	159826872	SLAMF8	21391	promoter
chr1	159862658	159863657	VSIG8	32063	promoter
chr1	159900166	159901165	CFAP45	17229	promoter
chr1	159925508	159926507	TAGLN2	11554	promoter
chr1	159945614	159946613	IGSF9	18132	promoter
chr1	159954238	159955237	SLAMF9	18430	promoter
chr1	160031991	160032990	PIGM	18858	promoter
chr1	160070161	160071160	KCNJ10	6256	promoter
chr1	160080538	160081537	KCNJ9	6270	promoter
chr1	160098620	160099619	IGSF8	17813	promoter
chr1	160114759	160115758	ATP1A2	800	promoter
chr1	160150603	160151602	ATP1A4	14073	promoter
chr1	160189575	160190574	CASQ1	1512	promoter
chr1	160204384	160205383	PEA15	8822	promoter
chr1	160262550	160263549	DCAF8	24891	promoter
chr1	160285134	160286133	PEX19	9713	promoter
chr1	160342383	160343382	NCSTN	17091	promoter
chr1	160343251	160344250	COPA	2230	promoter
chr1	160366071	160367070	NHLH1	7817	promoter
chr1	160399564	160400563	VANGL2	15511	promoter
chr1	160523256	160524255	SLAMF6	21392	promoter
chr1	160579497	160580496	CD84	1704	promoter
chr1	160647045	160648044	SLAMF1	10903	promoter
chr1	160711823	160712822	CD48	1683	promoter
chr1	160738247	160739246	SLAMF7	21394	promoter
chr1	160795174	160796173	LY9	6730	promoter
chr1	160862888	160863887	CD244	18171	promoter
chr1	160885181	160886180	ITLN1	18259	promoter
chr1	160954810	160955809	ITLN2	20599	promoter
chr1	161021153	161022152	F11R	14685	promoter
chr1	161038965	161039964	TSTD1	35410	promoter
chr1	161045978	161046977	USF1	12593	promoter
chr1	161069892	161070891	ARHGAP30	27414	promoter
chr1	161089559	161090558	NECTIN4	19688	promoter
chr1	161097361	161098360	KLHDC9	28489	promoter
chr1	161118038	161119037	PFDN2	8867	promoter
chr1	161117105	161118104	NIT1	7828	promoter
chr1	161132668	161133667	DEDD	2755	promoter
chr1	161152978	161153977	UFC1	26941	promoter
chr1	161158500	161159499	USP21	12620	promoter
chr1	161165426	161166425	PPOX	9280	promoter
chr1	161177508	161178507	B4GALT3	926	promoter
chr1	161201367	161202366	NDUFS2	7708	promoter
chr1	161199055	161200054	ADAMTS4	220	promoter
chr1	161214295	161215294	FCER1G	3611	promoter
chr1	161223629	161224628	APOA2	601	promoter
chr1	161225060	161226059	TOMM40L	25756	promoter
chr1	161238204	161239203	NR1I3	7969	promoter
chr1	161257745	161258744	PCP4L1	20448	promoter
chr1	161309969	161310968	MPZ	7225	promoter
chr1	161313381	161314380	SDHC	10682	promoter
chr1	161367877	161368876	CFAP126	32325	promoter
chr1	161504457	161505456	FCGR2A	3616	promoter
chr1	161523540	161524539	HSPA6	5239	promoter
chr1	161549819	161550818	FCGR3A	3619	promoter
chr1	161580340	161581339	FCGR2C	15626	promoter
chr1	161631177	161632176	FCGR3B	3620	promoter
chr1	161662143	161663142	FCGR2B	3618	promoter
chr1	161706229	161707228	FCRLA	18504	promoter
chr1	161720544	161721543	FCRLB	26431	promoter
chr1	161748786	161749785	DUSP12	3067	promoter
chr1	161765320	161766319	ATF6	791	promoter
chr1	162023870	162024869	OLFML2B	24558	promoter
chr1	162068691	162069690	NOS1AP	16859	promoter
chr1	162376855	162377854	SPATA46	27648	promoter
chr1	162380728	162381727	C1orf226	34351	promoter
chr1	162412137	162413136	SH2D1B	30416	promoter
chr1	162496818	162497817	UHMK1	19683	promoter
chr1	162560722	162561721	UAP1	12457	promoter
chr1	162631464	162632463	DDR2	2731	promoter
chr1	162789702	162790701	HSD17B7	5215	promoter
chr1	162861176	162862175	CCDC190	28736	promoter
chr1	163068361	163069360	RGS4	10000	promoter
chr1	163320954	163321953	NUF2	14621	promoter
chr1	163202917	163203916	RGS5	10001	promoter
chr1	164558184	164559183	PBX1	8632	promoter
chr1	165356716	165357715	LMX1A	6653	promoter
chr1	165445127	165446126	RXRG	10479	promoter
chr1	165543000	165543999	LRRC52	32156	promoter
chr1	165630234	165631233	MGST3	7064	promoter
chr1	165698563	165699562	ALDH9A1	412	promoter
chr1	165826614	165827613	UCK2	12562	promoter
chr1	165768869	165769868	TMCO1	18188	promoter
chr1	166167002	166168001	FAM78B	13495	promoter
chr1	166838475	166839474	POGK	18800	promoter
chr1	166876265	166877264	TADA1	30631	promoter
chr1	166975541	166976540	ILDR2	18131	promoter
chr1	166988280	166989279	MAEL	25929	promoter
chr1	167093075	167094074	STYXL2	25034	promoter
chr1	167090378	167091377	GPA33	4445	promoter
chr1	167219886	167220885	POU2F1	9212	promoter
chr1	167518530	167519529	CD247	1677	promoter
chr1	167553763	167554762	CREG1	2351	promoter
chr1	167629232	167630231	RCSD1	28310	promoter
chr1	167720982	167721981	MPZL1	7226	promoter
chr1	167914135	167915134	ADCY10	21285	promoter
chr1	167935683	167936682	DCAF6	30002	promoter
chr1	167937073	167938072	MPC2	24515	promoter
chr1	168136931	168137930	GPR161	23694	promoter
chr1	168177962	168178961	TIPRL	30231	promoter
chr1	168225004	168226003	SFT2D2	25140	promoter
chr1	168279877	168280876	TBX19	11596	promoter
chr1	168543998	168544997	XCL2	10646	promoter
chr1	168575605	168576604	XCL1	10645	promoter
chr1	168729207	168730206	DPT	3011	promoter
chr1	169105690	169106689	ATP1B1	804	promoter
chr1	169367798	169368797	NME7	20461	promoter
chr1	169367195	169368194	BLZF1	1065	promoter
chr1	169427475	169428474	CCDC181	28051	promoter
chr1	169485945	169486944	SLC19A2	10938	promoter
chr1	169586482	169587481	F5	3542	promoter
chr1	169630125	169631124	SELP	10721	promoter
chr1	169794040	169795039	FIRRM	25565	promoter
chr1	169711621	169712620	SELL	10720	promoter
chr1	169734080	169735079	SELE	10718	promoter
chr1	169794908	169795907	METTL18	28793	promoter
chr1	169893897	169894896	SCYL3	19285	promoter
chr1	170074696	170075695	KIFAP3	17060	promoter
chr1	170144959	170145958	NTMT2	31932	promoter
chr1	170531166	170532165	GORAB	25676	promoter
chr1	170663131	170664130	PRRX1	9142	promoter
chr1	170934534	170935533	MROH9	26287	promoter
chr1	171089905	171090904	FMO3	3771	promoter
chr1	171184300	171185299	FMO2	3770	promoter
chr1	171247494	171248493	FMO1	3769	promoter
chr1	171313183	171314182	FMO4	3772	promoter
chr1	171484530	171485529	PRRC2C	24903	promoter
chr1	171621243	171622242	MYOCOS	53429	promoter
chr1	171652689	171653688	MYOC	7610	promoter
chr1	171742066	171743065	VAMP4	12645	promoter
chr1	171780660	171781659	METTL13	24248	promoter
chr1	171840498	171841497	DNM3	29125	promoter
chr1	172419685	172420684	C1orf105	29591	promoter
chr1	172444070	172445069	PIGC	8960	promoter
chr1	172532150	172533149	SUCO	1240	promoter
chr1	172658103	172659102	FASLG	11936	promoter
chr1	173050942	173051941	TNFSF18	11932	promoter
chr1	173476335	173477334	PRDX6	16753	promoter
chr1	173207332	173208331	TNFSF4	11934	promoter
chr1	173603073	173604072	SLC9C2	28664	promoter
chr1	173634338	173635337	TEX50	52382	promoter
chr1	173669852	173670851	ANKRD45	24786	promoter
chr1	173713981	173714980	KLHL20	25056	promoter
chr1	173823673	173824672	DARS2	25538	promoter
chr1	173824884	173825883	CENPL	17879	promoter
chr1	173867380	173868379	ZBTB37	28365	promoter
chr1	173917328	173918327	SERPINC1	775	promoter
chr1	174022358	174023357	RC3H1	29434	promoter
chr1	174158520	174159519	RABGAP1L	24663	promoter
chr1	174446964	174447963	GPR52	4508	promoter
chr1	174998947	174999946	CACYBP	30423	promoter
chr1	175023426	175024425	MRPS14	14049	promoter
chr1	175066833	175067832	TNN	22942	promoter
chr1	175192777	175193776	KIAA0040	28950	promoter
chr1	175743596	175744595	TNR	11953	promoter
chr1	176207287	176208286	COP1	17440	promoter
chr1	176462175	176463174	PAPPA2	14615	promoter
chr1	177164713	177165712	ASTN1	773	promoter
chr1	177169958	177170957	BRINP2	13746	promoter
chr1	177970059	177971058	SEC16B	30301	promoter
chr1	178093104	178094103	RASAL2	9874	promoter
chr1	178496965	178497964	CLEC20A	34521	promoter
chr1	178512109	178513108	TEX35	25366	promoter
chr1	178724244	178725243	RALGPS2	30279	promoter
chr1	178871078	178872077	ANGPTL1	489	promoter
chr1	179024894	179025893	FAM20B	23017	promoter
chr1	179081070	179082069	TOR3A	11997	promoter
chr1	179229678	179230677	ABL2	77	promoter
chr1	179292797	179293796	SOAT1	11177	promoter
chr1	179364971	179365970	AXDND1	26564	promoter
chr1	179575949	179576948	NPHS2	13394	promoter
chr1	179590832	179591831	TDRD5	20614	promoter
chr1	179742291	179743290	FAM163A	28274	promoter
chr1	179877804	179878803	TOR1AIP2	24055	promoter
chr1	179881285	179882284	TOR1AIP1	29456	promoter
chr1	179953810	179954809	CEP350	24238	promoter
chr1	180153869	180154868	QSOX1	9756	promoter
chr1	180229264	180230263	LHX4	21734	promoter
chr1	180502578	180503577	ACBD6	23339	promoter
chr1	180631022	180632021	XPR1	12827	promoter
chr1	180911897	180912896	KIAA1614	29327	promoter
chr1	181022871	181023870	STX6	11441	promoter
chr1	181032983	181033982	MR1	4975	promoter
chr1	181087700	181088699	IER5	5393	promoter
chr1	181482517	181483516	CACNA1E	1392	promoter
chr1	182061713	182062712	ZNF648	18190	promoter
chr1	182391791	182392790	GLUL	4341	promoter
chr1	182400668	182401667	TEDDM1	30233	promoter
chr1	182449146	182450145	RGSL1	18636	promoter
chr1	182589257	182590256	RNASEL	10050	promoter
chr1	182604390	182605389	RGS16	9997	promoter
chr1	182684588	182685587	RGS8	16810	promoter
chr1	182788773	182789772	NPL	16781	promoter
chr1	182838347	182839346	DHX9	2750	promoter
chr1	182953167	182954166	SHCBP1L	16788	promoter
chr1	183022420	183023419	LAMC1	6492	promoter
chr1	183185264	183186263	LAMC2	6493	promoter
chr1	183418381	183419380	NMNAT2	16789	promoter
chr1	183471499	183472498	SMG7	16792	promoter
chr1	183590460	183591459	NCF2	7661	promoter
chr1	183635784	183636783	ARPC5	708	promoter
chr1	183804120	183805119	RGL1	30281	promoter
chr1	183653317	183654316	APOBEC4	32152	promoter
chr1	184037729	184038728	COLGALT2	16790	promoter
chr1	184050730	184051729	TSEN15	16791	promoter
chr1	184386029	184387028	C1orf21	15494	promoter
chr1	184754859	184755858	EDEM3	16787	promoter
chr1	184974509	184975508	NIBAN1	16784	promoter
chr1	185044558	185045557	RNF2	10061	promoter
chr1	185156954	185157953	TRMT1L	16782	promoter
chr1	185156167	185157166	SWT1	16785	promoter
chr1	185317244	185318243	IVNS1ABP	16951	promoter
chr1	185733391	185734390	HMCN1	19194	promoter
chr1	186295279	186296278	PRG4	9364	promoter
chr1	186375254	186376253	TPR	12017	promoter
chr1	186374838	186375837	ODR4	24299	promoter
chr1	186461115	186462114	PDC	8759	promoter
chr1	186680424	186681423	PTGS2	9605	promoter
chr1	186827949	186828948	PLA2G4A	9035	promoter
chr1	190477865	190478864	BRINP3	22393	promoter
chr1	192157462	192158461	RGS18	14261	promoter
chr1	192315992	192316991	RGS21	26839	promoter
chr1	192574773	192575772	RGS1	9991	promoter
chr1	192635147	192636146	RGS13	9995	promoter
chr1	192808039	192809038	RGS2	9998	promoter
chr1	193058612	193059611	RO60	11313	promoter
chr1	193059361	193060360	UCHL5	19678	promoter
chr1	193105415	193106414	GLRX2	16065	promoter
chr1	193121031	193122030	CDC73	16783	promoter
chr1	193186614	193187613	B3GALT2	917	promoter
chr1	196608441	196609440	KCNT2	18866	promoter
chr1	196651043	196652042	CFH	4883	promoter
chr1	196773840	196774839	CFHR3	16980	promoter
chr1	196818731	196819730	CFHR1	4888	promoter
chr1	196887052	196888051	CFHR4	16979	promoter
chr1	196942738	196943737	CFHR2	4890	promoter
chr1	196976556	196977555	CFHR5	24668	promoter
chr1	197067261	197068260	F13B	3534	promoter
chr1	197146670	197147669	ASPM	19048	promoter
chr1	197201294	197202293	ZBTB41	24819	promoter
chr1	197267252	197268251	CRB1	2343	promoter
chr1	197775481	197776480	DENND1B	28404	promoter
chr1	197901630	197902629	C1orf53	30003	promoter
chr1	197916372	197917371	LHX9	14222	promoter
chr1	198155998	198156997	NEK7	13386	promoter
chr1	198540681	198541680	ATP6V1G3	18265	promoter
chr1	198638040	198639039	PTPRC	9666	promoter
chr1	200026710	200027709	NR5A2	7984	promoter
chr1	200410037	200411036	ZNF281	13075	promoter
chr1	200620752	200621751	KIF14	19181	promoter
chr1	200669908	200670907	DDX59	25360	promoter
chr1	200737893	200738892	CAMSAP2	29188	promoter
chr1	200871981	200872980	GPR25	4480	promoter
chr1	200893900	200894899	INAVA	25599	promoter
chr1	201023715	201024714	KIF21B	29442	promoter
chr1	201112427	201113426	CACNA1S	1397	promoter
chr1	201127185	201128184	ASCL5	33169	promoter
chr1	201154475	201155474	TMEM9	18823	promoter
chr1	201189824	201190823	IGFN1	24607	promoter
chr1	201282506	201283505	PKP1	9023	promoter
chr1	201377681	201378680	TNNT2	11949	promoter
chr1	201399325	201400324	LAD1	6472	promoter
chr1	201421731	201422730	TNNI1	11945	promoter
chr1	201469189	201470188	PHLDA3	8934	promoter
chr1	201507124	201508123	CSRP1	2469	promoter
chr1	201538127	201539126	NAV1	15989	promoter
chr1	201828157	201829156	IPO9	19425	promoter
chr1	201887898	201888897	SHISA4	27139	promoter
chr1	201946549	201947548	LMOD1	6647	promoter
chr1	201954503	201955502	TIMM17A	17315	promoter
chr1	201981648	201982647	RNPEP	10078	promoter
chr1	202009587	202010586	ELF3	3318	promoter
chr1	202121917	202122916	GPR37L1	14923	promoter
chr1	202144738	202145737	ARL8A	25192	promoter
chr1	202160603	202161602	PTPN7	9659	promoter
chr1	202192799	202193798	LGR6	19719	promoter
chr1	202341937	202342936	UBE2T	25009	promoter
chr1	202347699	202348698	PPP1R12B	7619	promoter
chr1	202710455	202711454	SYT2	11510	promoter
chr1	202808422	202809421	KDM5B	18039	promoter
chr1	202889150	202890149	RABIF	9797	promoter
chr1	202927235	202928234	KLHL12	19360	promoter
chr1	202958313	202959312	ADIPOR1	24040	promoter
chr1	202967258	202968257	CYB5R1	13397	promoter
chr1	203006374	203007373	TMEM183A	20173	promoter
chr1	203025491	203026490	PPFIA4	9248	promoter
chr1	203086013	203087012	MYOG	7612	promoter
chr1	203126726	203127725	ADORA1	262	promoter
chr1	203175827	203176826	MYBPH	7552	promoter
chr1	203186705	203187704	CHI3L1	1932	promoter
chr1	203229674	203230673	CHIT1	1936	promoter
chr1	203304519	203305518	BTG2	1131	promoter
chr1	203351123	203352122	FMOD	3774	promoter
chr1	203474806	203475805	PRELP	9357	promoter
chr1	203493153	203494152	OPTC	8158	promoter
chr1	203625832	203626831	ATP2B4	817	promoter
chr1	203764183	203765182	LAX1	26005	promoter
chr1	203794623	203795622	ZC3H11A	29093	promoter
chr1	203794623	203795622	ZBED6	33273	promoter
chr1	203860599	203861598	SNRPE	11161	promoter
chr1	204072115	204073114	SOX13	11192	promoter
chr1	204152045	204153044	ETNK2	25575	promoter
chr1	204166338	204167337	REN	9958	promoter
chr1	204196492	204197491	KISS1	6341	promoter
chr1	204213989	204214988	GOLT1A	24766	promoter
chr1	204359930	204360929	PLEKHA6	17053	promoter
chr1	204411818	204412817	PPP1R15B	14951	promoter
chr1	204494806	204495805	PIK3C2B	8972	promoter
chr1	204515406	204516405	MDM4	6974	promoter
chr1	204685739	204686738	LRRN2	16914	promoter
chr1	204827652	204828651	NFASC	29866	promoter
chr1	205042212	205043211	CNTN2	2172	promoter
chr1	205084461	205085460	TMEM81	32349	promoter
chr1	205121979	205122978	RBBP5	9888	promoter
chr1	205211703	205212702	DSTYK	29043	promoter
chr1	205226946	205227945	TMCC2	24239	promoter
chr1	205321746	205322745	NUAK2	29558	promoter
chr1	205356923	205357922	KLHDC8A	25573	promoter
chr1	205422057	205423056	LEMD1	18725	promoter
chr1	205456046	205457045	BLACAT1	48597	promoter
chr1	205503669	205504668	CDK18	8751	promoter
chr1	205568014	205569013	MFSD4A	25433	promoter
chr1	205632012	205633011	ELK4	3326	promoter
chr1	205680510	205681509	SLC45A3	8642	promoter
chr1	205750183	205751182	NUCKS1	29923	promoter
chr1	205775483	205776482	RAB29	9789	promoter
chr1	205813199	205814198	SLC41A1	19429	promoter
chr1	205850133	205851132	PM20D1	26518	promoter
chr1	205943457	205944456	SLC26A9	14469	promoter
chr1	206003396	206004395	RAB7B	30513	promoter
chr1	206023896	206024895	CTSE	2530	promoter
chr1	206052173	206053172	RHEX	25341	promoter
chr1	206117389	206118388	AVPR1B	896	promoter
chr1	206202541	206203540	SRGAP2	19751	promoter
chr1	206202840	206203839	FAM72A	24044	promoter
chr1	206469476	206470475	IKBKE	14552	promoter
chr1	206506531	206507530	RASSF5	17609	promoter
chr1	206612466	206613465	EIF2D	6583	promoter
chr1	206634536	206635535	DYRK3	3094	promoter
chr1	206683905	206684904	MAPKAPK2	6887	promoter
chr1	206769773	206770772	IL19	5990	promoter
chr1	206772495	206773494	IL10	5962	promoter
chr1	206864623	206865622	IL20	6002	promoter
chr1	206896443	206897442	IL24	11346	promoter
chr1	206921942	206922941	FCMR	14315	promoter
chr1	206946467	206947466	PIGR	8968	promoter
chr1	206970461	206971460	FCAMR	24692	promoter
chr1	207032757	207033756	C1orf116	28667	promoter
chr1	207052275	207053274	PFKFB2	8873	promoter
chr1	207051209	207052208	YOD1	25035	promoter
chr1	207087860	207088859	C4BPB	1328	promoter
chr1	207103233	207104232	C4BPA	1325	promoter
chr1	207320678	207321677	CD55	2665	promoter
chr1	207453328	207454327	CR2	2336	promoter
chr1	207495157	207496156	CR1	2334	promoter
chr1	207644133	207645132	CR1L	2335	promoter
chr1	207751054	207752053	CD46	6953	promoter
chr1	207911126	207912125	CD34	1662	promoter
chr1	208244385	208245384	PLXNA2	9100	promoter
chr1	209582714	209583713	CAMK1G	14585	promoter
chr1	209652426	209653425	LAMB3	6490	promoter
chr1	209674412	209675411	G0S2	30229	promoter
chr1	209703846	209704845	HSD11B1	5208	promoter
chr1	209755053	209756052	TRAF3IP3	30766	promoter
chr1	209784560	209785559	C1orf74	26319	promoter
chr1	209806143	209807142	IRF6	6121	promoter
chr1	209826972	209827971	UTP25	28440	promoter
chr1	209937217	209938216	SYT14	23143	promoter
chr1	210231796	210232795	SERTAD4	25236	promoter
chr1	210327902	210328901	HHAT	18270	promoter
chr1	211134149	211135148	KCNH1	6250	promoter
chr1	211258366	211259365	RCOR3	25594	promoter
chr1	211325833	211326832	TRAF5	12035	promoter
chr1	211492163	211493162	RD3	19689	promoter
chr1	211579162	211580161	SLC30A1	11012	promoter
chr1	211675622	211676621	NEK2	7745	promoter
chr1	211830764	211831763	LPGAT1	28985	promoter
chr1	212034748	212035747	DTL	30288	promoter
chr1	212035558	212036557	INTS7	24484	promoter
chr1	212284410	212285409	PPP2R5A	9309	promoter
chr1	212414887	212415886	PACC1	25593	promoter
chr1	212431920	212432919	NENF	30384	promoter
chr1	212607761	212608760	ATF3	785	promoter
chr1	212623474	212624473	GARIN4	26541	promoter
chr1	212699841	212700840	BATF3	28915	promoter
chr1	212791778	212792777	NSL1	24548	promoter
chr1	212790894	212791893	TATDN3	27010	promoter
chr1	212847650	212848649	SPATA45	33709	promoter
chr1	212857275	212858274	FLVCR1	24682	promoter
chr1	212949541	212950540	VASH2	25723	promoter
chr1	213015868	213016867	ANGEL2	30534	promoter
chr1	213050241	213051240	RPS6KC1	10439	promoter
chr1	213986973	213987972	PROX1	9459	promoter
chr1	214280159	214281158	SMYD2	20982	promoter
chr1	214551603	214552602	PTPN14	9647	promoter
chr1	214602195	214603194	CENPF	1857	promoter
chr1	215081737	215082736	KCNK2	6277	promoter
chr1	215566304	215567303	KCTD3	21305	promoter
chr1	216423449	216424448	USH2A	12601	promoter
chr1	216723430	216724429	ESRRG	3474	promoter
chr1	217631091	217632090	GPATCH2	25499	promoter
chr1	217630344	217631343	SPATA17	25184	promoter
chr1	218284293	218285292	RRP15	24255	promoter
chr1	218344336	218345335	TGFB2	11768	promoter
chr1	219172878	219173877	LYPLAL1	20440	promoter
chr1	219613106	219614105	ZC3H11B	25659	promoter
chr1	219928558	219929557	SLC30A10	25355	promoter
chr1	220046506	220047505	EPRS1	3418	promoter
chr1	220089789	220090788	BPNT1	1096	promoter
chr1	220093132	220094131	IARS2	29685	promoter
chr1	220272454	220273453	RAB3GAP2	17168	promoter
chr1	220527136	220528135	MARK1	6896	promoter
chr1	220689363	220690362	C1orf115	25873	promoter
chr1	220747322	220748321	MTARC2	26064	promoter
chr1	220785913	220786912	MTARC1	26189	promoter
chr1	220878443	220879442	HLX	4978	promoter
chr1	221742090	221743089	DUSP10	3065	promoter
chr1	222548105	222549104	HHIPL2	25842	promoter
chr1	222589934	222590933	TAF1A	11532	promoter
chr1	222617097	222618096	MIA3	24008	promoter
chr1	222711564	222712563	BROX	26512	promoter
chr1	222712492	222713491	AIDA	25761	promoter
chr1	222736202	222737201	FAM177B	34395	promoter
chr1	222814039	222815038	DISP1	19711	promoter
chr1	223143249	223144248	TLR5	11851	promoter
chr1	223364177	223365176	SUSD4	25470	promoter
chr1	223392415	223393414	CCDC185	26654	promoter
chr1	223665702	223666701	CAPN8	1485	promoter
chr1	223711539	223712538	CAPN2	1479	promoter
chr1	223845948	223846947	TP53BP2	12000	promoter
chr1	224113111	224114110	FBXO28	29046	promoter
chr1	224182240	224183239	DEGS1	13709	promoter
chr1	224330173	224331172	NVL	8070	promoter
chr1	224355879	224356878	CNIH4	25013	promoter
chr1	224615317	224616316	CNIH3	26802	promoter
chr1	224434798	224435797	WDR26	21208	promoter
chr1	224928675	224929674	DNAH14	2945	promoter
chr1	225428039	225429038	LBR	6518	promoter
chr1	225653124	225654123	ENAH	18271	promoter
chr1	225776826	225777825	SRP9	11304	promoter
chr1	225809124	225810123	EPHX1	3401	promoter
chr1	225882381	225883380	TMEM63A	29118	promoter
chr1	225889147	225890146	LEFTY1	6552	promoter
chr1	225924251	225925250	PYCR2	30262	promoter
chr1	225941221	225942220	LEFTY2	3122	promoter
chr1	225999344	226000343	SDE2	26643	promoter
chr1	226061716	226062715	H3-3A	4764	promoter
chr1	226186742	226187741	ACBD3	15453	promoter
chr1	226222664	226223663	MIXL1	13363	promoter
chr1	226309165	226310164	LIN9	30830	promoter
chr1	226408094	226409093	PARP1	270	promoter
chr1	226547764	226548763	STUM	30491	promoter
chr1	226739283	226740282	ITPKB	6179	promoter
chr1	226869616	226870615	PSEN2	9509	promoter
chr1	226939294	226940293	COQ8A	16812	promoter
chr1	227318493	227319492	CDC42BPA	1737	promoter
chr1	227562556	227563555	ZNF678	28652	promoter
chr1	227734435	227735434	SNAP47	30669	promoter
chr1	227735303	227736302	JMJD4	25724	promoter
chr1	227814675	227815674	PRSS38	29625	promoter
chr1	227947933	227948932	WNT9A	12778	promoter
chr1	228005998	228006997	WNT3A	15983	promoter
chr1	228081708	228082707	ARF1	652	promoter
chr1	228103326	228104325	C1orf35	19032	promoter
chr1	228109300	228110299	MRPL55	16686	promoter
chr1	228139279	228140278	GUK1	4693	promoter
chr1	228148930	228149929	GJC2	17494	promoter
chr1	228164804	228165803	IBA57	27302	promoter
chr1	228207044	228208043	OBSCN	15719	promoter
chr1	228406836	228407835	TRIM11	16281	promoter
chr1	228416862	228417861	TRIM17	13430	promoter
chr1	228425361	228426360	H3-4	4778	promoter
chr1	228457874	228458873	H2AC25	20507	promoter
chr1	228457103	228458102	H2BC26	20514	promoter
chr1	228486382	228487381	RNF187	27146	promoter
chr1	228734479	228735478	RHOU	17794	promoter
chr1	229270111	229271110	RAB4A	9781	promoter
chr1	229343048	229344047	CCSAP	29578	promoter
chr1	229434095	229435094	ACTA1	129	promoter
chr1	229508342	229509341	NUP133	18016	promoter
chr1	229558708	229559707	ABCB10	41	promoter
chr1	229626123	229627122	TAF5L	17304	promoter
chr1	229625247	229626246	URB2	28967	promoter
chr1	230066238	230067237	GALNT2	4124	promoter
chr1	230426333	230427332	PGBD5	19405	promoter
chr1	230641481	230642480	COG2	6546	promoter
chr1	230714123	230715122	AGT	333	promoter
chr1	230746388	230747387	CAPN9	1486	promoter
chr1	230868522	230869521	C1orf198	25900	promoter
chr1	230978862	230979861	TTC13	26204	promoter
chr1	230978094	230979093	ARV1	29561	promoter
chr1	231040255	231041254	FAM89A	25057	promoter
chr1	231161058	231162057	TRIM67	31859	promoter
chr1	231241176	231242175	C1orf131	25332	promoter
chr1	231240212	231241211	GNPAT	4416	promoter
chr1	231337293	231338292	SPRTN	25356	promoter
chr1	231337853	231338852	EXOC8	24659	promoter
chr1	231422288	231423287	EGLN1	1232	promoter
chr1	231527669	231528668	TSNAX	12380	promoter
chr1	231625790	231626789	DISC1	2888	promoter
chr1	232630134	232631133	SIPA1L2	23800	promoter
chr1	232804416	232805415	MAP10	29265	promoter
chr1	232949611	232950610	NTPCR	28204	promoter
chr1	233295726	233296725	PCNX2	8736	promoter
chr1	233326724	233327723	MAP3K21	29798	promoter
chr1	233613106	233614105	KCNK1	6272	promoter
chr1	233903676	233904675	SLC35F3	23616	promoter
chr1	234372456	234373455	COA6	18025	promoter
chr1	234479180	234480179	TARBP1	11568	promoter
chr1	234610179	234611178	IRF2BP2	21729	promoter
chr1	235128838	235129837	TOMM20	20947	promoter
chr1	235161251	235162250	RBM34	28965	promoter
chr1	235327570	235328569	GGPS1	4249	promoter
chr1	235328180	235329179	ARID4B	15550	promoter
chr1	235366427	235367426	TBCE	11582	promoter
chr1	235504453	235505452	B3GALNT2	28596	promoter
chr1	235649785	235650784	GNG4	4407	promoter
chr1	235866907	235867906	LYST	1968	promoter
chr1	236065091	236066090	NID1	7821	promoter
chr1	236141539	236142538	GPR137B	11862	promoter
chr1	236281959	236282958	ERO1B	14355	promoter
chr1	236393286	236394285	EDARADD	14341	promoter
chr1	236522982	236523981	LGALS8	6569	promoter
chr1	236604517	236605516	HEATR1	25517	promoter
chr1	236685499	236686498	ACTN2	164	promoter
chr1	236794292	236795291	MTR	7468	promoter
chr1	237004442	237005441	MT1HL1	31864	promoter
chr1	237041184	237042183	RYR2	10484	promoter
chr1	237890923	237891922	ZP4	15770	promoter
chr1	239385568	239386567	CHRM3	1952	promoter
chr1	240090883	240091882	FMN2	14074	promoter
chr1	240612156	240613155	GREM2	17655	promoter
chr1	241357206	241358205	RGS7	10003	promoter
chr1	241519756	241520755	FH	3700	promoter
chr1	241531378	241532377	KMO	6381	promoter
chr1	241640370	241641369	CHML	1941	promoter
chr1	241651281	241652280	WDR64	26570	promoter
chr1	241640370	241641369	OPN3	14007	promoter
chr1	241847204	241848203	EXO1	3511	promoter
chr1	241956767	241957766	BECN2	38606	promoter
chr1	241999099	242000098	MAP1LC3C	13353	promoter
chr1	242524698	242525697	PLD5	26879	promoter
chr1	243255282	243256281	CEP170	28920	promoter
chr1	243255041	243256040	SDCCAG8	10671	promoter
chr1	243850244	243851243	AKT3	393	promoter
chr1	244050283	244051282	ZBTB18	13030	promoter
chr1	244351635	244352634	SPMIP3	30435	promoter
chr1	244451910	244452909	ADSS2	292	promoter
chr1	244460273	244461272	CATSPERE	28491	promoter
chr1	244652126	244653125	DESI2	24264	promoter
chr1	244731016	244732015	C1orf202	56760	promoter
chr1	244834658	244835657	COX20	26970	promoter
chr1	244864544	244865543	HNRNPU	5048	promoter
chr1	244968682	244969681	EFCAB2	28166	promoter
chr1	245153985	245154984	KIF26B	25484	promoter
chr1	246507280	246508279	SMYD3	15513	promoter
chr1	246566262	246567261	TFB2M	18559	promoter
chr1	246565456	246566455	CNST	26486	promoter
chr1	246723409	246724408	SCCPDH	24275	promoter
chr1	246931949	246932948	AHCTF1	24618	promoter
chr1	247008058	247009057	ZNF695	30954	promoter
chr1	247078812	247079811	ZNF670	28167	promoter
chr1	247104357	247105356	ZNF669	25736	promoter
chr1	247172021	247173020	ZNF124	12907	promoter
chr1	247254972	247255971	VN1R5	19870	promoter
chr1	247331868	247332867	ZNF496	23713	promoter
chr1	247415173	247416172	NLRP3	16400	promoter
chr1	247458105	247459104	OR2B11	31249	promoter
chr1	247548134	247549133	GCSAML	29583	promoter
chr1	247536441	247537440	OR2C3	15005	promoter
chr1	247587360	247588359	OR2G2	15007	promoter
chr1	247604586	247605585	OR2G3	15008	promoter
chr1	247616143	247617142	OR14L1	15023	promoter
chr1	247679740	247680739	OR13G1	14999	promoter
chr1	247716647	247717646	OR6F1	15027	promoter
chr1	247737615	247738614	OR14K1	15025	promoter
chr1	247748142	247749141	OR14A2	15024	promoter
chr1	247760557	247761556	OR1C1	8182	promoter
chr1	247769169	247770168	OR9H1P	15038	promoter
chr1	247824120	247825119	OR14A16	15022	promoter
chr1	247841897	247842896	OR11L1	14998	promoter
chr1	247856187	247857186	TRIM58	24150	promoter
chr1	247894587	247895586	OR2W3	15021	promoter
chr1	247919252	247920251	OR2T8	15020	promoter
chr1	247923889	247924888	OR2AJ1	15001	promoter
chr1	247947858	247948857	OR2L8	15014	promoter
chr1	247964233	247965232	OR2AK2	19569	promoter
chr1	248012660	248013659	OR2L5	15011	promoter
chr1	248029070	248030069	OR2L2	8266	promoter
chr1	248045836	248046835	OR2L3	15009	promoter
chr1	248094184	248095183	OR2L13	19578	promoter
chr1	248144148	248145147	OR2M5	19576	promoter
chr1	248173821	248174820	OR2M2	8268	promoter
chr1	248196265	248197264	OR2M3	8269	promoter
chr1	248230417	248231416	OR2M4	8270	promoter
chr1	248277977	248278976	OR2T33	31255	promoter
chr1	248303425	248304424	OR2T12	19592	promoter
chr1	248324569	248325568	OR2M7	19594	promoter
chr1	248347775	248348774	OR14C36	15026	promoter
chr1	248360665	248361664	OR2T4	15016	promoter
chr1	248374746	248375745	OR2T6	15018	promoter
chr1	248402048	248403047	OR2T1	8277	promoter
chr1	248435359	248436358	OR2T7	15019	promoter
chr1	248444637	248445636	OR2T2	14725	promoter
chr1	248472351	248473350	OR2T3	14727	promoter
chr1	248487589	248488588	OR2T5	15017	promoter
chr1	248507073	248508072	OR2G6	27019	promoter
chr1	248562773	248563772	OR2T29	31253	promoter
chr1	248574758	248575757	OR2T34	31256	promoter
chr1	248597701	248598700	OR2T10	19573	promoter
chr1	248635092	248636091	OR2T11	19574	promoter
chr1	248645279	248646278	OR2T35	31257	promoter
chr1	248655529	248656528	OR2T27	31252	promoter
chr1	248702767	248703766	OR14I1	19575	promoter
chr1	248755760	248756759	LYPD8	44208	promoter
chr1	248825916	248826915	SH3BP5L	29360	promoter
chr1	248837224	248838223	ZNF672	26179	promoter
chr1	248859086	248860085	ZNF692	26049	promoter
chr1	248905235	248906234	PGBD2	19399	promoter
chr2	46506	47505	FAM110C	33340	promoter
chr2	263947	264946	ACP1	122	promoter
chr2	264033	265032	SH3YL1	29546	promoter
chr2	288092	289091	ALKAL2	27683	promoter
chr2	677407	678406	TMEM18	25257	promoter
chr2	949849	950848	SNTG2	13741	promoter
chr2	1412463	1413462	TPO	12015	promoter
chr2	1744516	1745515	PXDN	14966	promoter
chr2	2331276	2332275	MYT1L	7623	promoter
chr2	3377819	3378818	EIPR1	12383	promoter
chr2	3378694	3379693	TRAPPC12	24284	promoter
chr2	3519532	3520531	ADI1	30576	promoter
chr2	3558334	3559333	RNASEH1	18466	promoter
chr2	3574260	3575259	RPS7	10440	promoter
chr2	3594112	3595111	COLEC11	17213	promoter
chr2	3657200	3658199	ALLC	17377	promoter
chr2	3702575	3703574	DCDC2C	32696	promoter
chr2	5691384	5692383	SOX11	11191	promoter
chr2	6876777	6877776	RSAD2	30908	promoter
chr2	6865908	6866907	CMPK2	27015	promoter
chr2	6916412	6917411	RNF144A	20457	promoter
chr2	8681056	8682055	ID2	5361	promoter
chr2	8837614	8838613	KIDINS220	29508	promoter
chr2	9003685	9004684	MBOAT2	25193	promoter
chr2	9205812	9206811	ASAP2	2721	promoter
chr2	9423529	9424528	ITGB1BP1	23927	promoter
chr2	9422654	9423653	CPSF3	2326	promoter
chr2	9473551	9474550	IAH1	27696	promoter
chr2	9555831	9556830	ADAM17	195	promoter
chr2	9630998	9631997	YWHAQ	12854	promoter
chr2	9842474	9843473	TAF1B	11533	promoter
chr2	9950693	9951692	GRHL1	17923	promoter
chr2	10042550	10043549	KLF11	11811	promoter
chr2	10080412	10081411	CYS1	18525	promoter
chr2	10121739	10122738	RRM2	10452	promoter
chr2	10301904	10302903	HPCAL1	5145	promoter
chr2	10448328	10449327	ODC1	8109	promoter
chr2	10689976	10690975	NOL10	25862	promoter
chr2	10720630	10721629	ATP6V1C2	18264	promoter
chr2	10812786	10813785	PDIA6	30168	promoter
chr2	10910934	10911933	KCNF1	6246	promoter
chr2	11132128	11133127	CIMIP5	26324	promoter
chr2	11154467	11155466	SLC66A3	28503	promoter
chr2	11344637	11345636	ROCK2	10252	promoter
chr2	11466162	11467161	E2F6	3120	promoter
chr2	11533045	11534044	GREB1	24885	promoter
chr2	11670196	11671195	NTSR2	8040	promoter
chr2	11745632	11746631	LPIN1	13345	promoter
chr2	12715936	12716935	TRIB2	30809	promoter
chr2	14631717	14632716	LRATD1	20743	promoter
chr2	15561335	15562334	NBAS	15625	promoter
chr2	15590868	15591867	DDX1	2734	promoter
chr2	15939550	15940549	MYCN	7559	promoter
chr2	16665835	16666834	CYRIA	25373	promoter
chr2	17518441	17519440	RAD51AP2	34417	promoter
chr2	17539696	17540695	VSNL1	12722	promoter
chr2	17753138	17754137	GEN1	26881	promoter
chr2	17753811	17754810	SMC6	20466	promoter
chr2	17815460	17816459	MSGN1	14907	promoter
chr2	17877667	17878666	KCNS3	6302	promoter
chr2	18560654	18561653	RDH14	19979	promoter
chr2	18589570	18590569	NT5C1B	17818	promoter
chr2	19358624	19359623	OSR1	8111	promoter
chr2	19901984	19902983	TTC32	32954	promoter
chr2	19990106	19991105	WDR35	29250	promoter
chr2	20012669	20013668	MATN3	6909	promoter
chr2	20051629	20052628	LAPTM4A	6924	promoter
chr2	20225131	20226130	SDC1	10658	promoter
chr2	20350845	20351844	PUM2	14958	promoter
chr2	20446074	20447073	RHOB	668	promoter
chr2	20651099	20652098	HS1BP3	24979	promoter
chr2	20666144	20667143	GDF7	4222	promoter
chr2	20823102	20824101	LDAH	26145	promoter
chr2	21044074	21045073	APOB	603	promoter
chr2	21122968	21123967	TDRD15	45037	promoter
chr2	23384179	23385178	KLHL29	29404	promoter
chr2	23927124	23928123	ATAD2B	29230	promoter
chr2	23939463	23940462	UBXN2A	27265	promoter
chr2	24009085	24010084	MFSD2B	37207	promoter
chr2	24047392	24048391	WDCP	26157	promoter
chr2	24048741	24049740	FKBP1B	3712	promoter
chr2	24076327	24077326	SF3B6	30096	promoter
chr2	24122469	24123468	FAM228B	24736	promoter
chr2	24084835	24085834	TP53I3	19373	promoter
chr2	24123335	24124334	PFN4	31103	promoter
chr2	24174053	24175052	FAM228A	34418	promoter
chr2	24360537	24361536	ITSN2	6184	promoter
chr2	24490254	24491253	NCOA1	7668	promoter
chr2	24792425	24793424	CENPO	28152	promoter
chr2	24793392	24794391	PTRHD1	33782	promoter
chr2	24920238	24921237	ADCY3	234	promoter
chr2	24971956	24972955	DNAJC27	30290	promoter
chr2	25041076	25042075	EFR3B	29155	promoter
chr2	25168581	25169580	POMC	9201	promoter
chr2	25341926	25342925	DNMT3A	2978	promoter
chr2	25673578	25674577	DTNB	3058	promoter
chr2	25878488	25879487	ASXL2	23805	promoter
chr2	25982498	25983497	KIF3C	6321	promoter
chr2	26033084	26034083	RAB10	9759	promoter
chr2	26172088	26173087	GAREM2	27172	promoter
chr2	26243939	26244938	HADHB	4803	promoter
chr2	26244633	26245632	HADHA	4801	promoter
chr2	26345143	26346142	SELENOI	29361	promoter
chr2	26346790	26347789	ADGRF3	18989	promoter
chr2	26400920	26401919	DRC1	24245	promoter
chr2	26558757	26559756	OTOF	8515	promoter
chr2	26561587	26562586	CIMIP2C	27938	promoter
chr2	26641367	26642366	CIB4	33703	promoter
chr2	26691722	26692721	KCNK3	6278	promoter
chr2	26763284	26764283	SLC35F6	26055	promoter
chr2	26785056	26786055	CENPA	1851	promoter
chr2	26847132	26848131	DPYSL5	20637	promoter
chr2	26969637	26970636	MAPRE3	6892	promoter
chr2	27031965	27032964	TMEM214	25983	promoter
chr2	27050668	27051667	AGBL5	26147	promoter
chr2	27071655	27072654	OST4	32483	promoter
chr2	27077615	27078614	EMILIN1	19880	promoter
chr2	27085772	27086771	KHK	6315	promoter
chr2	27119129	27120128	CGREF1	16962	promoter
chr2	27122815	27123814	ABHD1	17553	promoter
chr2	27134637	27135636	PREB	9356	promoter
chr2	27139411	27140410	PRR30	28677	promoter
chr2	27148004	27149003	TCF23	18602	promoter
chr2	27211041	27212040	ATRAID	24090	promoter
chr2	27212269	27213268	SLC5A6	11041	promoter
chr2	27216369	27217368	CAD	1424	promoter
chr2	27274433	27275432	DNAJC5G	24844	promoter
chr2	27263048	27264047	SLC30A3	11014	promoter
chr2	27281429	27282428	TRIM54	16008	promoter
chr2	27308446	27309445	UCN	12516	promoter
chr2	27323098	27324097	MPV17	7224	promoter
chr2	27356765	27357764	GTF3C2	4665	promoter
chr2	27370339	27371338	EIF2B4	3260	promoter
chr2	27369616	27370615	SNX17	14979	promoter
chr2	27380735	27381734	ZNF513	26498	promoter
chr2	27409592	27410591	PPM1G	9278	promoter
chr2	27427631	27428630	NRBP1	7993	promoter
chr2	27441381	27442380	KRTCAP3	28943	promoter
chr2	27489744	27490743	IFT172	30391	promoter
chr2	27495201	27496200	FNDC4	20239	promoter
chr2	27495839	27496838	GCKR	4196	promoter
chr2	27536386	27537385	SPATA31H1	25275	promoter
chr2	27582042	27583041	ZNF512	29380	promoter
chr2	27628050	27629049	GPN1	17030	promoter
chr2	27629013	27630012	CCDC121	25833	promoter
chr2	27662889	27663888	SLC4A1AP	13813	promoter
chr2	27663615	27664614	SUPT7L	30632	promoter
chr2	27770719	27771718	MRPL33	14487	promoter
chr2	27889729	27890728	BABAM2	1106	promoter
chr2	27890388	27891387	RBKS	30325	promoter
chr2	28391858	28392857	FOSL2	3798	promoter
chr2	28495060	28496059	PLB1	30041	promoter
chr2	28750830	28751829	PPP1CB	9282	promoter
chr2	28809834	28810833	SPDYA	30613	promoter
chr2	28870310	28871309	TRMT61B	26070	promoter
chr2	28893667	28894666	WDR43	28945	promoter
chr2	28980298	28981297	TOGARAM2	33715	promoter
chr2	29074524	29075523	PCARE	34383	promoter
chr2	29114415	29115414	CLIP4	26108	promoter
chr2	29921587	29922586	ALK	427	promoter
chr2	30146007	30147006	YPEL5	18329	promoter
chr2	30230534	30231533	LBH	29532	promoter
chr2	30446246	30447245	LCLAT1	26756	promoter
chr2	30807447	30808446	CAPN13	16663	promoter
chr2	31138441	31139440	GALNT14	22946	promoter
chr2	31217516	31218515	CAPN14	16664	promoter
chr2	31233152	31234151	EHD3	3244	promoter
chr2	31414743	31415742	XDH	12805	promoter
chr2	31580939	31581938	SRD5A2	11285	promoter
chr2	32011009	32012008	MEMO1	14014	promoter
chr2	32039806	32040805	DPY30	24590	promoter
chr2	32062556	32063555	SPAST	11233	promoter
chr2	32164864	32165863	SLC30A6	19305	promoter
chr2	32264887	32265886	NLRC4	16412	promoter
chr2	32276904	32277903	YIPF4	28145	promoter
chr2	32356023	32357022	BIRC6	13516	promoter
chr2	32627050	32628049	TTC27	25986	promoter
chr2	32945953	32946952	LTBP1	6714	promoter
chr2	33475649	33476648	RASGRP3	14545	promoter
chr2	33599300	33600299	FAM98A	24520	promoter
chr2	36354778	36355777	CRIM1	2359	promoter
chr2	36598169	36599168	FEZ2	3660	promoter
chr2	36695707	36696706	VIT	12697	promoter
chr2	36966537	36967536	STRN	11424	promoter
chr2	37084373	37085372	HEATR5B	29273	promoter
chr2	37083518	37084517	GPATCH11	26768	promoter
chr2	37156981	37157980	EIF2AK2	9437	promoter
chr2	37195496	37196495	CEBPZOS	49288	promoter
chr2	37188671	37189670	SULT6B1	33433	promoter
chr2	37231597	37232596	CEBPZ	24218	promoter
chr2	37230658	37231657	NDUFAF7	28816	promoter
chr2	37324834	37325833	PRKD3	9408	promoter
chr2	37343630	37344629	QPCT	9753	promoter
chr2	37671643	37672642	CDC42EP3	16943	promoter
chr2	37924287	37925286	RMDN2	26567	promoter
chr2	38076152	38077151	CYP1B1	2597	promoter
chr2	38377274	38378273	ATL2	24047	promoter
chr2	38602929	38603928	HNRNPLL	25127	promoter
chr2	38665114	38666113	GALM	24063	promoter
chr2	38751362	38752361	SRSF7	10789	promoter
chr2	38777210	38778209	GEMIN6	20044	promoter
chr2	38875935	38876934	DHX57	20086	promoter
chr2	38874976	38875975	MORN2	30166	promoter
chr2	38888875	38889874	ARHGEF33	37252	promoter
chr2	39121052	39122051	SOS1	11187	promoter
chr2	39243971	39244970	CDKL4	19287	promoter
chr2	39437286	39438285	MAP4K3	6865	promoter
chr2	39664917	39665916	TMEM178A	28517	promoter
chr2	39779259	39780258	THUMPD2	14890	promoter
chr2	40452091	40453090	SLC8A1	11068	promoter
chr2	42047021	42048020	PKDCC	25123	promoter
chr2	42168353	42169352	EML4	1316	promoter
chr2	42361218	42362217	COX7A2L	2289	promoter
chr2	42493983	42494982	KCNG3	18306	promoter
chr2	42567632	42568631	MTA3	23784	promoter
chr2	42764136	42765135	OXER1	24884	promoter
chr2	42792584	42793583	HAAO	4796	promoter
chr2	43226607	43227606	ZFP36L2	1108	promoter
chr2	43596039	43597038	THADA	19217	promoter
chr2	43636260	43637259	PLEKHH2	30506	promoter
chr2	43676430	43677429	C1GALT1C1L	51617	promoter
chr2	43773039	43774038	DYNC2LI1	24595	promoter
chr2	43837971	43838970	ABCG8	13887	promoter
chr2	43838840	43839839	ABCG5	13886	promoter
chr2	43995990	43996989	LRPPRC	15714	promoter
chr2	44167875	44168874	PPM1B	9276	promoter
chr2	44274480	44275479	SLC3A1	11025	promoter
chr2	44361495	44362494	PREPL	30228	promoter
chr2	44360947	44361946	CAMKMT	26276	promoter
chr2	44940702	44941701	SIX3	10889	promoter
chr2	45009453	45010452	SIX2	10888	promoter
chr2	45611268	45612267	SRBD1	25521	promoter
chr2	45650675	45651674	PRKCE	9401	promoter
chr2	46296407	46297406	EPAS1	3374	promoter
chr2	46478565	46479564	TMEM247	42967	promoter
chr2	46541490	46542489	RHOQ	17736	promoter
chr2	46542578	46543577	ATP6V1E2	18125	promoter
chr2	46616215	46617214	CRIPT	14312	promoter
chr2	46617042	46618041	PIGF	8962	promoter
chr2	46698295	46699294	SOCS5	16852	promoter
chr2	46940224	46941223	TTC7A	19750	promoter
chr2	46915807	46916806	MCFD2	18451	promoter
chr2	47155309	47156308	STPG4	26850	promoter
chr2	47176512	47177511	CALM2	1445	promoter
chr2	47368311	47369310	EPCAM	11529	promoter
chr2	47402156	47403155	MSH2	7325	promoter
chr2	47570986	47571985	KCNK12	6274	promoter
chr2	47782145	47783144	MSH6	7329	promoter
chr2	47906499	47907498	FBXO11	13590	promoter
chr2	48313682	48314681	FOXN2	5281	promoter
chr2	48439766	48440765	PPP1R21	30595	promoter
chr2	48529154	48530153	STON1	17003	promoter
chr2	48616856	48617855	GTF2A1L	30727	promoter
chr2	48755725	48756724	LHCGR	6585	promoter
chr2	49154516	49155515	FSHR	3969	promoter
chr2	51032133	51033132	NRXN1	8008	promoter
chr2	53766804	53767803	CHAC2	32363	promoter
chr2	53786044	53787043	ERLEC1	25222	promoter
chr2	53859968	53860967	GPR75	4526	promoter
chr2	53786954	53787953	ASB3	16013	promoter
chr2	54114615	54115614	ACYP2	180	promoter
chr2	53970994	53971993	PSME4	20635	promoter
chr2	54256230	54257229	TSPYL6	14521	promoter
chr2	54329884	54330883	CIMIP6	26861	promoter
chr2	54455327	54456326	SPTBN1	11275	promoter
chr2	54722662	54723661	EML6	35412	promoter
chr2	55050452	55051451	RTN4	14085	promoter
chr2	55231688	55232687	RPS27A	10417	promoter
chr2	55232294	55233293	CLHC1	26453	promoter
chr2	55269232	55270231	MTIF2	7441	promoter
chr2	55419857	55420856	CCDC88A	25523	promoter
chr2	55518718	55519717	CFAP36	30540	promoter
chr2	55617623	55618622	PPP4R3B	29267	promoter
chr2	55693845	55694844	PNPT1	23166	promoter
chr2	55923783	55924782	EFEMP1	3218	promoter
chr2	56182990	56183989	CCDC85A	29400	promoter
chr2	58045806	58046805	VRK2	12719	promoter
chr2	58241326	58242325	FANCL	20748	promoter
chr2	60553655	60554654	BCL11A	13221	promoter
chr2	60755268	60756267	PAPOLG	14982	promoter
chr2	60880574	60881573	REL	9954	promoter
chr2	61016720	61017719	PEX13	8855	promoter
chr2	61018256	61019255	PUS10	26505	promoter
chr2	61064871	61065870	SANBR	29387	promoter
chr2	61161188	61162187	C2orf74	34439	promoter
chr2	61471088	61472087	USP34	20066	promoter
chr2	61538357	61539356	XPO1	12825	promoter
chr2	61854061	61855060	FAM161A	25808	promoter
chr2	61888657	61889656	CCT4	1617	promoter
chr2	61904674	61905673	COMMD1	23024	promoter
chr2	62195115	62196114	B3GNT2	15629	promoter
chr2	62506196	62507195	TMEM17	26623	promoter
chr2	62704713	62705712	EHBP1	29144	promoter
chr2	63049830	63050829	OTX1	8521	promoter
chr2	63587963	63588962	MDH1	6970	promoter
chr2	63588478	63589477	WDPCP	28027	promoter
chr2	63840896	63841895	UGP2	12527	promoter
chr2	64019429	64020428	VPS54	18652	promoter
chr2	64144421	64145420	PELI1	8827	promoter
chr2	64453162	64454161	LGALSL	25012	promoter
chr2	64523328	64524327	AFTPH	25951	promoter
chr2	64653914	64654913	SERTAD2	30784	promoter
chr2	64988399	64989398	SLC1A4	10942	promoter
chr2	65055416	65056415	CEP68	29076	promoter
chr2	65130107	65131106	RAB1A	9758	promoter
chr2	65226831	65227830	ACTR2	169	promoter
chr2	65432600	65433599	SPRED2	17722	promoter
chr2	66434125	66435124	MEIS1	7000	promoter
chr2	67396333	67397332	ETAA1	24648	promoter
chr2	68063005	68064004	C1D	29911	promoter
chr2	68157528	68158527	DNAAF10	25176	promoter
chr2	68156888	68157887	PNO1	32790	promoter
chr2	68252533	68253532	PPP3R1	9317	promoter
chr2	68319950	68320949	CNRIP1	24546	promoter
chr2	68364282	68365281	PLEK	9070	promoter
chr2	68467295	68468294	FBXO48	33857	promoter
chr2	68466585	68467584	APLF	28724	promoter
chr2	68642579	68643578	PROKR1	4524	promoter
chr2	68733811	68734810	ARHGAP25	28951	promoter
chr2	68871398	68872397	BMP10	20869	promoter
chr2	68952894	68953893	GKN2	24588	promoter
chr2	68973636	68974635	GKN1	23217	promoter
chr2	69012179	69013178	ANTXR1	21014	promoter
chr2	69387228	69388227	GFPT1	4241	promoter
chr2	69437436	69438435	NFU1	16287	promoter
chr2	69741134	69742133	ANXA4	542	promoter
chr2	69643740	69644739	AAK1	19679	promoter
chr2	69828660	69829659	GMCL1	23843	promoter
chr2	69892956	69893955	SNRNP27	30240	promoter
chr2	69914109	69915108	MXD1	6761	promoter
chr2	69961632	69962631	ASPRV1	26321	promoter
chr2	70086477	70087476	PCBP1	8647	promoter
chr2	70191020	70192019	C2orf42	26056	promoter
chr2	70248629	70249628	TIA1	11802	promoter
chr2	70257137	70258136	PCYOX1	20588	promoter
chr2	70293741	70294740	SNRPG	11163	promoter
chr2	70302068	70303067	FAM136A	25911	promoter
chr2	70553827	70554826	TGFA	11765	promoter
chr2	70768201	70769200	ADD2	244	promoter
chr2	70790644	70791643	FIGLA	24669	promoter
chr2	70820600	70821599	CLEC4F	25357	promoter
chr2	70835817	70836816	CD207	17935	promoter
chr2	70899576	70900575	VAX2	12661	promoter
chr2	70934900	70935899	ATP6V1B1	853	promoter
chr2	70977630	70978629	ANKRD53	25691	promoter
chr2	70994874	70995873	TEX261	30712	promoter
chr2	71067648	71068647	NAGK	17174	promoter
chr2	71130230	71131229	MCEE	16732	promoter
chr2	71129634	71130633	MPHOSPH10	7213	promoter
chr2	71227104	71228103	PAIP2B	29200	promoter
chr2	71330782	71331781	ZNF638	17894	promoter
chr2	71465699	71466698	DYSF	3097	promoter
chr2	72147863	72148862	CYP26B1	20581	promoter
chr2	72826034	72827033	EXOC6B	17085	promoter
chr2	72886408	72887407	SPR	11257	promoter
chr2	72916519	72917518	EMX1	3340	promoter
chr2	73071713	73072712	SFXN5	16073	promoter
chr2	73112949	73113948	RAB11FIP5	24845	promoter
chr2	73201574	73202573	NOTO	31839	promoter
chr2	73213245	73214244	SMYD5	16258	promoter
chr2	73233240	73234239	PRADC1	16047	promoter
chr2	73233308	73234307	CCT7	1622	promoter
chr2	73284479	73285478	FBXO41	29409	promoter
chr2	73293549	73294548	EGR4	3241	promoter
chr2	73384836	73385835	ALMS1	428	promoter
chr2	73642423	73643422	NAT8	18069	promoter
chr2	73701341	73702340	NAT8B	30235	promoter
chr2	73737346	73738345	TPRKB	24259	promoter
chr2	73780104	73781103	DUSP11	3066	promoter
chr2	73783183	73784182	C2orf78	34349	promoter
chr2	73827961	73828960	STAMBP	16950	promoter
chr2	73892008	73893007	ACTG2	145	promoter
chr2	73925880	73926879	DGUOK	2858	promoter
chr2	73983910	73984909	TET3	28313	promoter
chr2	74147913	74148912	BOLA3	24415	promoter
chr2	74178880	74179879	MOB1A	16015	promoter
chr2	74197615	74198614	MTHFD2	7434	promoter
chr2	74343417	74344416	SLC4A5	18168	promoter
chr2	74380312	74381311	DCTN1	2711	promoter
chr2	74421620	74422619	C2orf81	34350	promoter
chr2	74420730	74421729	WDR54	25770	promoter
chr2	74441938	74442937	RTKN	10466	promoter
chr2	74454087	74455086	INO80B	13324	promoter
chr2	74457438	74458437	WBP1	12737	promoter
chr2	74465383	74466382	MOGS	24862	promoter
chr2	74472681	74473680	MRPL53	16684	promoter
chr2	74482081	74483080	TTC31	25759	promoter
chr2	74482999	74483998	CCDC142	25889	promoter
chr2	74499604	74500603	LBX2	15525	promoter
chr2	74507696	74508695	PCGF1	17615	promoter
chr2	74513450	74514449	TLX2	5057	promoter
chr2	74526232	74527231	DQX1	20410	promoter
chr2	74528933	74529932	HTRA2	14348	promoter
chr2	74529707	74530706	AUP1	891	promoter
chr2	74553720	74554719	DOK1	2990	promoter
chr2	74553943	74554942	LOXL3	13869	promoter
chr2	74648331	74649330	M1AP	25183	promoter
chr2	74653247	74654246	SEMA4F	10734	promoter
chr2	74833127	74834126	HK2	4923	promoter
chr2	74957643	74958642	POLE4	18755	promoter
chr2	75199521	75200520	TACR1	11526	promoter
chr2	75560940	75561939	EVA1A	25816	promoter
chr2	75645783	75646782	MRPL19	14052	promoter
chr2	75710916	75711915	GCFC2	1317	promoter
chr2	77522377	77523376	LRRTM4	19411	promoter
chr2	79024702	79025701	REG3G	29595	promoter
chr2	79087994	79088993	REG1B	9952	promoter
chr2	79119488	79120487	REG1A	9951	promoter
chr2	79159754	79160753	REG3A	8601	promoter
chr2	79512051	79513050	CTNNA2	2510	promoter
chr2	80304753	80305752	LRRTM1	19408	promoter
chr2	84459281	84460280	SUCLG1	11449	promoter
chr2	84515498	84516497	DNAH6	2951	promoter
chr2	84904656	84905655	TMSB10	11879	promoter
chr2	84881085	84882084	TRABD2A	27013	promoter
chr2	84970161	84971160	KCMF1	20589	promoter
chr2	85132392	85133391	TCF7L1	11640	promoter
chr2	85327990	85328989	TGOLN2	15450	promoter
chr2	85353769	85354768	ELMOD3	26158	promoter
chr2	85354529	85355528	RETSAT	25991	promoter
chr2	85410367	85411366	CAPG	1474	promoter
chr2	85417714	85418713	SH2D6	30439	promoter
chr2	85538168	85539167	MAT2A	6904	promoter
chr2	85561494	85562493	GGCX	4247	promoter
chr2	85576586	85577585	VAMP8	12647	promoter
chr2	85583431	85584430	VAMP5	12646	promoter
chr2	85594745	85595744	RNF181	28037	promoter
chr2	85615186	85616185	USP39	20071	promoter
chr2	85602699	85603698	TMEM150A	24677	promoter
chr2	85612067	85613066	C2orf68	34353	promoter
chr2	85668200	85669199	SFTPB	10801	promoter
chr2	85693358	85694357	GNLY	4414	promoter
chr2	85752991	85753990	ATOH8	24126	promoter
chr2	85888991	85889990	ST3GAL5	10872	promoter
chr2	86105887	86106886	POLR1A	17264	promoter
chr2	86105235	86106234	PTCD3	24717	promoter
chr2	86195463	86196462	IMMT	6047	promoter
chr2	86198457	86199456	MRPL35	14489	promoter
chr2	86337627	86338626	REEP1	25786	promoter
chr2	86440371	86441370	KDM3A	20815	promoter
chr2	86563444	86564443	CHMP3	29865	promoter
chr2	86623866	86624865	RNF103	12859	promoter
chr2	86719291	86720290	RMND5A	25850	promoter
chr2	86790914	86791913	CD8A	1706	promoter
chr2	86861887	86862886	CD8B	1707	promoter
chr2	86941118	86942117	RGPD1	32414	promoter
chr2	87021845	87022844	PLGLB1	9072	promoter
chr2	87747087	87748086	PLGLB2	9073	promoter
chr2	87825797	87826796	RGPD2	32415	promoter
chr2	88055784	88056783	KRCC1	28039	promoter
chr2	88066825	88067824	SMYD1	20986	promoter
chr2	88128063	88129062	FABP1	3555	promoter
chr2	88169346	88170345	THNSL2	25602	promoter
chr2	88452694	88453693	FOXI3	35123	promoter
chr2	88523649	88524648	SPMIP9	26341	promoter
chr2	88627465	88628464	EIF2AK3	3255	promoter
chr2	88690673	88691672	RPIA	10297	promoter
chr2	94586311	94587310	AQP7B	53895	promoter
chr2	94870430	94871429	TEKT4	31012	promoter
chr2	95024708	95025707	MAL	6817	promoter
chr2	95121809	95122808	MRPS5	14498	promoter
chr2	95164809	95165808	ZNF2	12991	promoter
chr2	95159849	95160848	ZNF514	25894	promoter
chr2	95206521	95207520	ZNF892	38707	promoter
chr2	95273449	95274448	PROM2	20685	promoter
chr2	95296347	95297346	KCNIP3	15523	promoter
chr2	95401708	95402707	FAHD2A	24252	promoter
chr2	95484755	95485754	TRIM43B	37146	promoter
chr2	95591001	95592000	TRIM43	19015	promoter
chr2	95991825	95992824	ANKRD36C	32946	promoter
chr2	96034917	96035916	GPAT2	27168	promoter
chr2	96116572	96117571	ADRA2B	282	promoter
chr2	96138503	96139502	ASTL	31704	promoter
chr2	96145441	96146440	DUSP2	3068	promoter
chr2	96208828	96209827	STARD7	18063	promoter
chr2	96265998	96266997	TMEM127	26038	promoter
chr2	96265225	96266224	CIAO1	14280	promoter
chr2	96305547	96306546	SNRNP200	30859	promoter
chr2	96324317	96325316	ITPRIPL1	29371	promoter
chr2	96334766	96335765	NCAPH	1112	promoter
chr2	96505358	96506357	NEURL3	25162	promoter
chr2	96535752	96536751	ARID5A	17361	promoter
chr2	96641764	96642763	FER1L5	19044	promoter
chr2	96638313	96639312	KANSL3	25473	promoter
chr2	96740065	96741064	LMAN2L	19263	promoter
chr2	96759902	96760901	CNNM4	105	promoter
chr2	96815268	96816267	CNNM3	104	promoter
chr2	96844022	96845021	ANKRD23	24470	promoter
chr2	96858017	96859016	ANKRD39	28640	promoter
chr2	96870081	96871080	SEMA4C	10731	promoter
chr2	96986581	96987580	FAM178B	28036	promoter
chr2	97094883	97095882	FAHD2B	25318	promoter
chr2	97112153	97113152	ANKRD36	24079	promoter
chr2	97589878	97590877	ANKRD36B	29333	promoter
chr2	97645062	97646061	COX5B	2269	promoter
chr2	97664045	97665044	ACTR1B	168	promoter
chr2	97668713	97669712	C2orf92	49272	promoter
chr2	97712576	97713575	ZAP70	12858	promoter
chr2	97995949	97996948	TMEM131	30366	promoter
chr2	98086167	98087166	VWA3B	28385	promoter
chr2	98345456	98346455	CNGA3	2150	promoter
chr2	98443858	98444857	INPP4A	6074	promoter
chr2	98608513	98609512	COA5	33848	promoter
chr2	98607589	98608588	UNC50	16046	promoter
chr2	98731133	98732132	MGAT4A	7047	promoter
chr2	98936226	98937225	CRACDL	33454	promoter
chr2	99140707	99141706	C2orf15	28436	promoter
chr2	99153967	99154966	LIPT1	29569	promoter
chr2	99154943	99155942	TSGA10	14927	promoter
chr2	99181059	99182058	MITD1	25207	promoter
chr2	99180184	99181183	MRPL30	14036	promoter
chr2	99255667	99256666	LYG2	29615	promoter
chr2	99301198	99302197	LYG1	27014	promoter
chr2	99336389	99337388	EIF5B	30793	promoter
chr2	99336334	99337333	TXNDC9	24110	promoter
chr2	99490018	99491017	REV1	14060	promoter
chr2	100142591	100143590	AFF3	6473	promoter
chr2	100322502	100323501	LONRF2	24788	promoter
chr2	100417669	100418668	CHST10	19650	promoter
chr2	100469482	100470481	NMS	32203	promoter
chr2	100561993	100562992	PDCL3	28860	promoter
chr2	100819139	100820138	NPAS2	7895	promoter
chr2	101001289	101002288	RPL31	10334	promoter
chr2	101151383	101152382	TBC1D8	17791	promoter
chr2	101251886	101252885	CNOT11	25217	promoter
chr2	101308702	101309701	RNF149	23137	promoter
chr2	101387504	101388503	CREG2	14272	promoter
chr2	101475113	101476112	RFX8	37253	promoter
chr2	101696707	101697706	MAP4K4	6866	promoter
chr2	101990960	101991959	IL1R2	5994	promoter
chr2	102141746	102142745	IL1R1	5993	promoter
chr2	102186023	102187022	IL1RL2	5999	promoter
chr2	102310563	102311562	IL1RL1	5998	promoter
chr2	102354796	102355795	IL18R1	5988	promoter
chr2	102422160	102423159	IL18RAP	5989	promoter
chr2	102472226	102473225	SLC9A4	11077	promoter
chr2	102618553	102619552	SLC9A2	11072	promoter
chr2	102736889	102737888	MFSD9	28158	promoter
chr2	102761031	102762030	TMEM182	26391	promoter
chr2	104853115	104854114	POU3F3	9216	promoter
chr2	105037069	105038068	MRPS9	14501	promoter
chr2	105240743	105241742	GPR45	4503	promoter
chr2	105329736	105330735	TGFBRAP1	16836	promoter
chr2	105336540	105337539	C2orf49	28772	promoter
chr2	105399052	105400051	FHL2	3703	promoter
chr2	105743912	105744911	NCK2	7665	promoter
chr2	106064688	106065687	ECRG4	24642	promoter
chr2	106194302	106195301	UXS1	17729	promoter
chr2	106468414	106469413	RGPD3	32416	promoter
chr2	106486364	106487363	CD8B2	1708	promoter
chr2	106886168	106887167	ST6GAL2	10861	promoter
chr2	107825892	107826891	RGPD4	32417	promoter
chr2	107985524	107986523	SLC5A7	14025	promoter
chr2	108238968	108239967	SULT1C3	33543	promoter
chr2	108287895	108288894	SULT1C2	11456	promoter
chr2	108376954	108377953	SULT1C4	11457	promoter
chr2	108448206	108449205	GCC2	23218	promoter
chr2	108533470	108534469	LIMS1	6616	promoter
chr2	108718482	108719481	RANBP2	9848	promoter
chr2	108785771	108786770	CCDC138	26531	promoter
chr2	108989221	108990220	EDAR	2895	promoter
chr2	109128205	109129204	SH3RF3	24699	promoter
chr2	109613967	109614966	SEPTIN10	14349	promoter
chr2	109613364	109614363	SOWAHC	26149	promoter
chr2	109793305	109794304	RGPD5	32418	promoter
chr2	109897688	109898687	LIMS3	30047	promoter
chr2	110115823	110116822	MALL	6818	promoter
chr2	110205014	110206013	NPHP1	7905	promoter
chr2	110212548	110213547	MTLN	27339	promoter
chr2	110472817	110473816	LIMS4	39941	promoter
chr2	110577223	110578222	RGPD6	32419	promoter
chr2	110678064	110679063	BUB1	1148	promoter
chr2	110731573	110732572	ACOXL	25621	promoter
chr2	111119914	111120913	BCL2L11	994	promoter
chr2	111884194	111885193	ANAPC1	19988	promoter
chr2	111897607	111898606	MERTK	7027	promoter
chr2	112054269	112055268	TMEM87B	25913	promoter
chr2	112137385	112138384	FBLN7	26740	promoter
chr2	112255043	112256042	ZC3H8	30941	promoter
chr2	112274597	112275596	ZC3H6	24762	promoter
chr2	112433646	112434645	RGPD8	9849	promoter
chr2	112481156	112482155	TTL	21586	promoter
chr2	112541465	112542464	POLR1B	20454	promoter
chr2	112583609	112584608	CHCHD5	17840	promoter
chr2	112644939	112645938	SLC20A1	10946	promoter
chr2	112720020	112721019	NT5DC4	27678	promoter
chr2	112764610	112765609	CKAP2L	26877	promoter
chr2	112784494	112785493	IL1A	5991	promoter
chr2	112836780	112837779	IL1B	5992	promoter
chr2	112910165	112911164	IL37	15563	promoter
chr2	112977006	112978005	IL36G	15741	promoter
chr2	113004459	113005458	IL36A	15562	promoter
chr2	113052868	113053867	IL36B	15564	promoter
chr2	113058198	113059197	IL36RN	15561	promoter
chr2	113066970	113067969	IL1F10	15552	promoter
chr2	113126598	113127597	IL1RN	6000	promoter
chr2	113172971	113173970	PSD4	19096	promoter
chr2	113278922	113279921	PAX8	8622	promoter
chr2	113436691	113437690	ZNG1B	17907	promoter
chr2	113497665	113498664	FOXD4L1	18521	promoter
chr2	113626266	113627265	RABL2A	9799	promoter
chr2	113756643	113757642	SLC35F5	23617	promoter
chr2	113889089	113890088	ACTR3	170	promoter
chr2	114441641	114442640	DPP10	20823	promoter
chr2	117813691	117814690	DDX18	2741	promoter
chr2	118014071	118015070	CCDC93	25611	promoter
chr2	118087471	118088470	INSIG2	20452	promoter
chr2	118847649	118848648	EN1	3342	promoter
chr2	118941194	118942193	MARCO	6895	promoter
chr2	119158752	119159751	C1QL2	24181	promoter
chr2	119222834	119223833	STEAP3	24592	promoter
chr2	119366835	119367834	C2orf76	27017	promoter
chr2	119365977	119366976	DBI	2690	promoter
chr2	119430854	119431853	TMEM37	18216	promoter
chr2	119524484	119525483	SCTR	10608	promoter
chr2	119543449	119544448	CFAP221	33720	promoter
chr2	119678201	119679200	TMEM177	28143	promoter
chr2	119758922	119759921	PTPN4	9656	promoter
chr2	120012077	120013076	EPB41L5	19819	promoter
chr2	120223401	120224400	TMEM185B	18896	promoter
chr2	120251852	120252851	RALB	9840	promoter
chr2	120345136	120346135	INHBB	6067	promoter
chr2	120734868	120735867	GLI2	4318	promoter
chr2	121285203	121286202	TFCP2L1	17925	promoter
chr2	121649463	121650462	CLASP1	17088	promoter
chr2	121736876	121737875	NIFK	17838	promoter
chr2	121754651	121755650	TSN	12379	promoter
chr2	124024287	124025286	CNTNAP5	18748	promoter
chr2	126655158	126656157	GYPC	4704	promoter
chr2	126897890	126898889	TEX51	52387	promoter
chr2	127107155	127108154	BIN1	1052	promoter
chr2	127220300	127221299	CYP27C1	33480	promoter
chr2	127294145	127295144	ERCC3	3435	promoter
chr2	127387976	127388975	MAP3K2	6854	promoter
chr2	127417427	127418426	PROC	9451	promoter
chr2	127526490	127527489	IWS1	25467	promoter
chr2	127534683	127535682	MYO7B	7607	promoter
chr2	127645153	127646152	GPR17	4471	promoter
chr2	127675531	127676530	LIMS2	16084	promoter
chr2	127700497	127701496	SFT2D3	28767	promoter
chr2	127811172	127812171	WDR33	25651	promoter
chr2	127858156	127859155	POLR2D	9191	promoter
chr2	127885957	127886956	AMMECR1L	28658	promoter
chr2	128028060	128029059	SAP130	29813	promoter
chr2	128090200	128091199	UGGT1	15663	promoter
chr2	128318869	128319868	HS6ST1	5201	promoter
chr2	129978666	129979665	RAB6C	16525	promoter
chr2	130129223	130130222	POTEF	33905	promoter
chr2	130145113	130146112	CCDC74B	25267	promoter
chr2	130181262	130182261	MZT2B	25886	promoter
chr2	130181603	130182602	SMPD4	32949	promoter
chr2	130198440	130199439	TUBA3E	20765	promoter
chr2	130342165	130343164	CCDC115	28178	promoter
chr2	130341897	130342896	IMP4	30856	promoter
chr2	130355056	130356055	PTPN18	9649	promoter
chr2	130509329	130510328	POTEI	37093	promoter
chr2	130520222	130521221	CFC1B	33983	promoter
chr2	130599576	130600575	CFC1	18292	promoter
chr2	130610440	130611439	POTEJ	37094	promoter
chr2	130728070	130729069	GPR148	23623	promoter
chr2	130754540	130755539	AMER3	26771	promoter
chr2	130835914	130836913	ARHGEF4	684	promoter
chr2	131034092	131035091	SMIM39	54076	promoter
chr2	131093461	131094460	FAM168B	27016	promoter
chr2	131104336	131105335	PLEKHB2	19236	promoter
chr2	131208536	131209535	POTEE	33895	promoter
chr2	131364169	131365168	RAB6D	30272	promoter
chr2	131475119	131476118	TUBA3D	24071	promoter
chr2	131492398	131493397	MZT2A	33187	promoter
chr2	131526888	131527887	CCDC74A	25197	promoter
chr2	132161953	132162952	ANKRD30BL	35167	promoter
chr2	132415805	132416804	GPR39	4496	promoter
chr2	132670206	132671205	LYPD1	28431	promoter
chr2	133568464	133569463	NCKAP5	29847	promoter
chr2	134253072	134254071	MGAT5	7049	promoter
chr2	134719001	134720000	TMEM163	25380	promoter
chr2	134837616	134838615	ACMSD	19288	promoter
chr2	134917822	134918821	CCNT2	1600	promoter
chr2	135047448	135048447	MAP3K19	26249	promoter
chr2	135051292	135052291	RAB3GAP1	17063	promoter
chr2	135531219	135532218	ZRANB3	25249	promoter
chr2	135530484	135531483	R3HDM1	9757	promoter
chr2	135740855	135741854	UBXN4	14860	promoter
chr2	135837185	135838184	LCT	6530	promoter
chr2	135876444	135877443	MCM6	6949	promoter
chr2	135985627	135986626	DARS1	2678	promoter
chr2	136118150	136119149	CXCR4	2561	promoter
chr2	136764545	136765544	THSD7B	29348	promoter
chr2	137963473	137964472	HNMT	5028	promoter
chr2	138500770	138501769	SPOPL	27934	promoter
chr2	138780391	138781390	NXPH2	8076	promoter
chr2	142131017	142132016	LRP1B	6693	promoter
chr2	142876664	142877663	KYNU	6469	promoter
chr2	143128419	143129418	ARHGAP15	21030	promoter
chr2	144332513	144333512	GTDC1	20887	promoter
chr2	144520120	144521119	ZEB2	14881	promoter
chr2	147844029	147845028	ACVR2A	173	promoter
chr2	148020091	148021090	MBD5	20444	promoter
chr2	148020738	148021737	ORC4	8490	promoter
chr2	148643751	148644750	EPC2	24543	promoter
chr2	148874227	148875226	KIF5C	6325	promoter
chr2	149037699	149038698	LYPD6B	27018	promoter
chr2	149329587	149330586	LYPD6	28751	promoter
chr2	149587776	149588775	MMADHC	25221	promoter
chr2	150487668	150488667	RND3	671	promoter
chr2	151261864	151262863	RBM43	24790	promoter
chr2	151289669	151290668	NMI	7854	promoter
chr2	151356592	151357591	TNFAIP6	11898	promoter
chr2	151408902	151409901	RIF1	23207	promoter
chr2	151734477	151735476	NEB	7720	promoter
chr2	151828422	151829421	ARL5A	696	promoter
chr2	152099045	152100044	CACNB4	1404	promoter
chr2	152175764	152176763	STAM2	11358	promoter
chr2	152334174	152335173	FMNL2	18267	promoter
chr2	152717620	152718619	ARL6IP6	24048	promoter
chr2	152717462	152718461	PRPF40A	16463	promoter
chr2	153478763	153479762	RPRM	24201	promoter
chr2	153870922	153871921	GALNT13	23242	promoter
chr2	154697695	154698694	KCNJ3	6264	promoter
chr2	156332722	156333721	NR4A2	7981	promoter
chr2	156435379	156436378	GPD2	4456	promoter
chr2	157256705	157257704	GALNT5	4127	promoter
chr2	157325825	157326824	ERMN	29208	promoter
chr2	157444090	157445089	CYTIP	9506	promoter
chr2	157628865	157629864	ACVR1C	18123	promoter
chr2	157876331	157877330	ACVR1	171	promoter
chr2	158100876	158101875	UPP2	23061	promoter
chr2	158456754	158457753	CCDC148	25191	promoter
chr2	158455952	158456951	PKP4	9026	promoter
chr2	158794317	158795316	DAPL1	21490	promoter
chr2	158967640	158968639	TANC1	29364	promoter
chr2	159286704	159287703	WDSUB1	26697	promoter
chr2	159616549	159617548	BAZ2B	963	promoter
chr2	159711506	159712505	MARCHF7	17393	promoter
chr2	159798209	159799208	CD302	30843	promoter
chr2	159904757	159905756	LY75	6729	promoter
chr2	160062616	160063615	PLA2R1	9042	promoter
chr2	160200273	160201272	ITGB6	6161	promoter
chr2	160493808	160494807	RBMS1	9907	promoter
chr2	161159428	161160427	TANK	11562	promoter
chr2	161307425	161308424	PSMD14	16889	promoter
chr2	161415297	161416296	TBR1	11590	promoter
chr2	161623416	161624415	SLC4A10	13811	promoter
chr2	162074216	162075215	DPP4	3009	promoter
chr2	162152248	162153247	GCG	4191	promoter
chr2	162243446	162244445	FAP	3590	promoter
chr2	162318685	162319684	IFIH1	18873	promoter
chr2	162343132	162344131	GCA	15990	promoter
chr2	162838768	162839767	KCNH7	18863	promoter
chr2	163736009	163737008	FIGN	13285	promoter
chr2	164621483	164622482	GRB14	4565	promoter
chr2	164841824	164842823	COBLL1	23571	promoter
chr2	164955526	164956525	SLC38A11	26836	promoter
chr2	165238414	165239413	SCN2A	10588	promoter
chr2	165204051	165205050	SCN3A	10590	promoter
chr2	165468698	165469697	CSRNP3	30729	promoter
chr2	165794248	165795247	GALNT3	4125	promoter
chr2	165953777	165954776	TTC21B	25660	promoter
chr2	166128021	166129020	SCN1A	10585	promoter
chr2	166375945	166376944	SCN9A	10597	promoter
chr2	166494250	166495249	SCN7A	10594	promoter
chr2	166887480	166888479	XIRP2	14303	promoter
chr2	167292001	167293000	B3GALT1	916	promoter
chr2	168247596	168248595	STK39	17717	promoter
chr2	168455272	168456271	CERS6	23826	promoter
chr2	168801637	168802636	NOSTRIN	20203	promoter
chr2	168900291	168901290	G6PC2	28906	promoter
chr2	168890431	168891430	SPC25	24031	promoter
chr2	169031325	169032324	ABCB11	42	promoter
chr2	169068563	169069562	DHRS9	16888	promoter
chr2	169362535	169363534	LRP2	6694	promoter
chr2	169478494	169479493	BBS5	970	promoter
chr2	169508702	169509701	KLHL41	16905	promoter
chr2	169573866	169574865	FASTKD1	26150	promoter
chr2	169583351	169584350	PPIG	14650	promoter
chr2	169694406	169695405	CFAP210	25064	promoter
chr2	169693469	169694468	PHOSPHO2	28316	promoter
chr2	169732832	169733831	KLHL23	27506	promoter
chr2	169797871	169798870	SSB	11316	promoter
chr2	169824906	169825905	METTL5	25006	promoter
chr2	169826454	169827453	UBR3	30467	promoter
chr2	170177147	170178146	MYO3B	15576	promoter
chr2	170714337	170715336	SP5	14529	promoter
chr2	170769378	170770377	ERICH2	44395	promoter
chr2	170815887	170816886	GAD1	4092	promoter
chr2	170928253	170929252	GORASP2	17500	promoter
chr2	171160894	171161893	TLK1	11841	promoter
chr2	171433226	171434225	DCAF17	25784	promoter
chr2	171433991	171434990	METTL8	25856	promoter
chr2	171521474	171522473	CYBRD1	20797	promoter
chr2	171686469	171687468	DYNC1I2	2964	promoter
chr2	171921461	171922460	HAT1	4821	promoter
chr2	171894245	171895244	SLC25A12	10982	promoter
chr2	171998953	171999952	METAP1D	32583	promoter
chr2	172084507	172085506	DLX1	2914	promoter
chr2	172102901	172103900	DLX2	2915	promoter
chr2	172426586	172427585	ITGA6	6142	promoter
chr2	172555090	172556089	PDK1	8809	promoter
chr2	172734845	172735844	RAPGEF4	16626	promoter
chr2	173074846	173075845	MAP3K20	17797	promoter
chr2	173353872	173354871	CDCA7	14628	promoter
chr2	173965374	173966373	SP3	11208	promoter
chr2	174248533	174249532	OLA1	28833	promoter
chr2	174333954	174334953	SP9	30690	promoter
chr2	174395713	174396712	CIR1	24217	promoter
chr2	174394730	174395729	SCRN3	30382	promoter
chr2	174487030	174488029	GPR155	22951	promoter
chr2	174597805	174598804	WIPF1	12736	promoter
chr2	174764473	174765472	CHRNA1	1955	promoter
chr2	175005382	175006381	CHN1	1943	promoter
chr2	175168204	175169203	ATF2	784	promoter
chr2	175181711	175182710	ATP5MC3	843	promoter
chr2	176002268	176003267	LNPK	21610	promoter
chr2	176083963	176084962	EVX2	3507	promoter
chr2	176091721	176092720	HOXD13	5136	promoter
chr2	176098795	176099794	HOXD12	5135	promoter
chr2	176106280	176107279	HOXD11	5134	promoter
chr2	176115778	176116777	HOXD10	5133	promoter
chr2	176121719	176122718	HOXD9	5140	promoter
chr2	176128705	176129704	HOXD8	5139	promoter
chr2	176156307	176157306	HOXD3	5137	promoter
chr2	176150550	176151549	HOXD4	5138	promoter
chr2	176187668	176188667	HOXD1	5132	promoter
chr2	176268442	176269441	MTX2	7506	promoter
chr2	177211794	177212793	HNRNPA3	24941	promoter
chr2	177391773	177392772	AGPS	327	promoter
chr2	177264728	177265727	NFE2L2	7782	promoter
chr2	177552797	177553796	IFT70B	26425	promoter
chr2	177618743	177619742	IFT70A	25853	promoter
chr2	178072778	178073777	PDE11A	8773	promoter
chr2	178111437	178112436	RBM45	24468	promoter
chr2	178193512	178194511	OSBPL6	16388	promoter
chr2	178450378	178451377	PJVK	29502	promoter
chr2	178451176	178452175	PRKRA	9438	promoter
chr2	178478601	178479600	FKBP7	3723	promoter
chr2	178479457	178480456	PLEKHA3	14338	promoter
chr2	178807424	178808423	TTN	12403	promoter
chr2	179050138	179051137	CCDC141	26821	promoter
chr2	179264833	179265832	SESTD1	18379	promoter
chr2	179861613	179862612	ZNF385B	26332	promoter
chr2	180007298	180008297	CWC22	29322	promoter
chr2	180979605	180980604	UBE2E3	12479	promoter
chr2	181456386	181457385	ITGA4	6140	promoter
chr2	181657106	181658105	CERKL	21699	promoter
chr2	181680518	181681517	NEUROD1	7762	promoter
chr2	181890730	181891729	ITPRID2	11319	promoter
chr2	181984853	181985852	PPP1R1C	14940	promoter
chr2	182427037	182428036	PDE1A	8774	promoter
chr2	182715257	182716256	DNAJC10	24637	promoter
chr2	182866638	182867637	FRZB	3959	promoter
chr2	183038458	183039457	NCKAP1	7666	promoter
chr2	183077747	183078746	DUSP19	18894	promoter
chr2	183123443	183124442	NUP35	29797	promoter
chr2	184597529	184598528	ZNF804A	21711	promoter
chr2	185737804	185738803	FSIP2	21675	promoter
chr2	186485260	186486259	ZC3H15	29528	promoter
chr2	186589056	186590055	ITGAV	6150	promoter
chr2	186693060	186694059	FAM171B	29412	promoter
chr2	186849171	186850170	ZSWIM2	30990	promoter
chr2	187448253	187449252	CALCRL	16709	promoter
chr2	187554436	187555435	TFPI	11760	promoter
chr2	188290874	188291873	GULP1	18649	promoter
chr2	188973373	188974372	COL3A1	2201	promoter
chr2	189179762	189180761	COL5A2	2210	promoter
chr2	189440474	189441473	WDR75	25725	promoter
chr2	189580787	189581786	SLC40A1	10909	promoter
chr2	189660459	189661458	ASNSD1	24910	promoter
chr2	189660459	189661458	ASDURF	53619	promoter
chr2	189673670	189674669	ANKAR	26350	promoter
chr2	189762793	189763792	OSGEPL1	23075	promoter
chr2	189783450	189784449	PMS1	9121	promoter
chr2	189784340	189785339	ORMDL1	16036	promoter
chr2	190179863	190180862	C2orf88	28191	promoter
chr2	190062730	190063729	MSTN	4223	promoter
chr2	190342589	190343588	INPP1	6071	promoter
chr2	190319827	190320826	HIBCH	4908	promoter
chr2	190407355	190408354	MFSD6	24711	promoter
chr2	190534723	190535722	NEMP2	33700	promoter
chr2	190648083	190649082	NAB1	7626	promoter
chr2	190879821	190880820	GLS	4331	promoter
chr2	191014172	191015171	STAT1	11362	promoter
chr2	191150995	191151994	STAT4	11365	promoter
chr2	191244404	191245403	MYO1B	7596	promoter
chr2	191677136	191678135	NABP1	26232	promoter
chr2	191847089	191848088	CAVIN2	10690	promoter
chr2	192194934	192195933	TMEFF2	11867	promoter
chr2	195656226	195657225	SLC39A10	20861	promoter
chr2	196068838	196069837	DNAH7	18661	promoter
chr2	196171579	196172578	STK17B	11396	promoter
chr2	196593555	196594554	HECW2	29853	promoter
chr2	196638715	196639714	CCDC150	26834	promoter
chr2	196799684	196800683	GTF3C3	4666	promoter
chr2	196809356	196810355	C2orf66	33809	promoter
chr2	196926708	196927707	PGAP1	25712	promoter
chr2	197310781	197311780	ANKRD44	25259	promoter
chr2	197435029	197436028	SF3B1	10768	promoter
chr2	197452552	197453551	COQ10B	25819	promoter
chr2	197499379	197500378	HSPE1	5269	promoter
chr2	197515066	197516065	MOB4	17261	promoter
chr2	197499841	197500840	HSPD1	5261	promoter
chr2	197675588	197676587	RFTN2	26402	promoter
chr2	197704369	197705368	MARS2	25133	promoter
chr2	197785320	197786319	BOLL	14273	promoter
chr2	197803593	197804592	PLCL1	9063	promoter
chr2	199457940	199458939	SATB2	21637	promoter
chr2	199851193	199852192	FTCDNL1	48661	promoter
chr2	199910293	199911292	C2orf69	26799	promoter
chr2	199954582	199955581	MAIP1	26198	promoter
chr2	199955492	199956491	TYW5	26754	promoter
chr2	200305693	200306692	SPATS2L	24574	promoter
chr2	200525207	200526206	SGO2	30812	promoter
chr2	200510069	200511068	KCTD18	26446	promoter
chr2	200585014	200586013	AOX1	553	promoter
chr2	200810910	200811909	BZW1	18380	promoter
chr2	200864659	200865658	CLK1	2068	promoter
chr2	200889078	200890077	PPIL3	9262	promoter
chr2	200888371	200889370	NIF3L1	13390	promoter
chr2	200963661	200964660	ORC2	8488	promoter
chr2	201071001	201072000	NDUFB3	7698	promoter
chr2	201071672	201072671	HYCC2	28593	promoter
chr2	201115164	201116163	CFLAR	1876	promoter
chr2	201182141	201183140	CASP10	1500	promoter
chr2	201259536	201260535	CASP8	1509	promoter
chr2	201357346	201358345	FLACC1	14439	promoter
chr2	201450740	201451739	STRADB	13205	promoter
chr2	201451459	201452458	TRAK2	13206	promoter
chr2	201619179	201620178	C2CD6	14438	promoter
chr2	201643504	201644503	TMEM237	14432	promoter
chr2	201698645	201699644	MPP4	13680	promoter
chr2	201780934	201781933	ALS2	443	promoter
chr2	201805537	201806536	CDK15	14434	promoter
chr2	202032855	202033854	FZD7	4045	promoter
chr2	202072255	202073254	KIAA2012	51250	promoter
chr2	202238598	202239597	SUMO1	12502	promoter
chr2	202264763	202265762	NOP58	29926	promoter
chr2	202375327	202376326	BMPR2	1078	promoter
chr2	202633969	202634968	FAM117B	14440	promoter
chr2	202871767	202872766	ICA1L	14442	promoter
chr2	202911275	202912274	CARF	14435	promoter
chr2	203013875	203014874	NBEAL1	20681	promoter
chr2	202911674	202912673	WDR12	14098	promoter
chr2	203238018	203239017	CYP20A1	20576	promoter
chr2	203327394	203328393	ABI2	24011	promoter
chr2	203535302	203536301	RAPH1	14436	promoter
chr2	203705639	203706638	CD28	1653	promoter
chr2	203866771	203867770	CTLA4	2505	promoter
chr2	203935763	203936762	ICOS	5351	promoter
chr2	204544475	204545474	PARD3B	14446	promoter
chr2	205681501	205682500	NRP2	8005	promoter
chr2	206086175	206087174	INO80D	25997	promoter
chr2	206159445	206160444	NDUFS1	7707	promoter
chr2	206158895	206159894	EEF1B2	3208	promoter
chr2	206213372	206214371	CMKLR2	4463	promoter
chr2	206273663	206274662	ZDBF2	29313	promoter
chr2	206442532	206443531	ADAM23	202	promoter
chr2	206641487	206642486	FAM237A	52388	promoter
chr2	206718397	206719396	DYTN	23279	promoter
chr2	206765329	206766328	MDH1B	17836	promoter
chr2	206764606	206765605	FASTKD2	29160	promoter
chr2	206938518	206939517	CPO	21011	promoter
chr2	207165949	207166948	KLF7	6350	promoter
chr2	207528962	207529961	CREB1	2345	promoter
chr2	207625395	207626394	METTL21A	30476	promoter
chr2	207710640	207711639	CCNYL1	26868	promoter
chr2	207769907	207770906	FZD5	4043	promoter
chr2	208025528	208026527	PLEKHM3	34006	promoter
chr2	208124525	208125524	CRYGD	2411	promoter
chr2	208129829	208130828	CRYGC	2410	promoter
chr2	208146159	208147158	CRYGB	2409	promoter
chr2	208163590	208164589	CRYGA	2408	promoter
chr2	208190031	208191030	C2orf80	34352	promoter
chr2	208255072	208256071	IDH1	5382	promoter
chr2	208265255	208266254	PIKFYVE	23785	promoter
chr2	208405792	208406791	PTH2R	9609	promoter
chr2	209423047	209424046	MAP2	6839	promoter
chr2	209770832	209771831	UNC80	26582	promoter
chr2	210001638	210002637	RPE	10293	promoter
chr2	210171410	210172409	KANSL1L	26310	promoter
chr2	210225448	210226447	ACADL	88	promoter
chr2	210315175	210316174	MYL1	7582	promoter
chr2	210476760	210477759	LANCL1	6508	promoter
chr2	210555599	210556598	CPS1	2323	promoter
chr2	212538803	212539802	ERBB4	3432	promoter
chr2	213151613	213152612	IKZF2	13177	promoter
chr2	213283464	213284463	SPAG16	23225	promoter
chr2	214410054	214411053	VWC2L	37203	promoter
chr2	214809684	214810683	BARD1	952	promoter
chr2	215138627	215139626	ABCA12	14637	promoter
chr2	215311059	215312058	ATIC	794	promoter
chr2	215436069	215437068	FN1	3778	promoter
chr2	216013552	216014551	MREG	25478	promoter
chr2	216080919	216081918	TMEM169	25130	promoter
chr2	216081810	216082809	PECR	18281	promoter
chr2	216108348	216109347	XRCC5	12833	promoter
chr2	216372484	216373483	MARCHF4	29269	promoter
chr2	216411484	216412483	SMARCAL1	11102	promoter
chr2	216497844	216498843	RPL37A	10348	promoter
chr2	216632420	216633419	IGFBP2	5471	promoter
chr2	216695550	216696549	IGFBP5	5474	promoter
chr2	216860065	216861064	TNP1	11951	promoter
chr2	218002996	218003995	TNS1	11973	promoter
chr2	218068253	218069252	RUFY4	24804	promoter
chr2	218125028	218126027	CXCR2	6027	promoter
chr2	218166963	218167962	CXCR1	6026	promoter
chr2	218216189	218217188	ARPC2	705	promoter
chr2	218260015	218261014	GPBAR1	19680	promoter
chr2	218269519	218270518	PNKD	9153	promoter
chr2	218270138	218271137	AAMP	18	promoter
chr2	218292504	218293503	TMBIM1	23410	promoter
chr2	218355857	218356856	CATIP	25062	promoter
chr2	218381273	218382272	SLC11A1	10907	promoter
chr2	218398868	218399867	CTDSP1	21614	promoter
chr2	218418123	218419122	VIL1	12690	promoter
chr2	218568352	218569351	USP37	20063	promoter
chr2	218567839	218568838	CNOT9	10445	promoter
chr2	218606899	218607898	PLCD4	9062	promoter
chr2	218658683	218659682	BCS1L	1020	promoter
chr2	218659624	218660623	ZNF142	12927	promoter
chr2	218672003	218673002	RNF25	14662	promoter
chr2	218671086	218672085	STK36	17209	promoter
chr2	218709835	218710834	TTLL4	28976	promoter
chr2	218781147	218782146	CYP27A1	2605	promoter
chr2	218831804	218832803	PRKAG3	9387	promoter
chr2	218858805	218859804	WNT6	12785	promoter
chr2	218879852	218880851	WNT10A	13829	promoter
chr2	218958666	218959665	CDK5R2	1776	promoter
chr2	218985185	218986184	FEV	18562	promoter
chr2	218993423	218994422	CRYBA2	2395	promoter
chr2	219041517	219042516	CFAP65	25325	promoter
chr2	219060922	219061921	IHH	5956	promoter
chr2	219160816	219161815	NHEJ1	25737	promoter
chr2	219170030	219171029	SLC23A3	20601	promoter
chr2	219177275	219178274	RETREG2	28450	promoter
chr2	219176926	219177925	CNPPD1	25220	promoter
chr2	219205782	219206781	ZFAND2B	25206	promoter
chr2	219218959	219219958	ABCB6	47	promoter
chr2	219229637	219230636	ATG9A	22408	promoter
chr2	219228806	219229805	ANKZF1	25527	promoter
chr2	219244479	219245478	STK16	11394	promoter
chr2	219245445	219246444	GLB1L	28129	promoter
chr2	219252243	219253242	TUBA4B	18637	promoter
chr2	219253919	219254918	TUBA4A	12407	promoter
chr2	219278366	219279365	DNAJB2	5228	promoter
chr2	219309402	219310401	PTPRN	9676	promoter
chr2	219333178	219334177	RESP18	33762	promoter
chr2	219387913	219388912	DNPEP	2981	promoter
chr2	219417377	219418376	DES	2770	promoter
chr2	219433843	219434842	SPEG	16901	promoter
chr2	219495131	219496130	SPEGNB	51251	promoter
chr2	219497891	219498890	GMPPA	22923	promoter
chr2	219513482	219514481	ASIC4	21263	promoter
chr2	219543028	219544027	TMEM198	33704	promoter
chr2	219543810	219544809	CHPF	24291	promoter
chr2	219571310	219572309	INHA	6065	promoter
chr2	219571540	219572539	OBSL1	29092	promoter
chr2	219596857	219597856	STK11IP	19184	promoter
chr2	219626630	219627629	SLC4A3	11029	promoter
chr2	221572305	221573304	EPHA4	3388	promoter
chr2	222298999	222299998	PAX3	8617	promoter
chr2	222320156	222321155	RNF228	55809	promoter
chr2	222423543	222424542	SGPP2	19953	promoter
chr2	222656093	222657092	FARSB	17800	promoter
chr2	222670658	222671657	MOGAT1	18210	promoter
chr2	222860036	222861035	ACSL3	3570	promoter
chr2	223051190	223052189	KCNE4	6244	promoter
chr2	223602362	223603361	SCG2	10575	promoter
chr2	223837583	223838582	AP1S3	18971	promoter
chr2	223945336	223946335	WDFY1	20451	promoter
chr2	223956463	223957462	MRPL44	16650	promoter
chr2	224039287	224040286	SERPINE2	8951	promoter
chr2	224402108	224403107	FAM124B	26224	promoter
chr2	224585364	224586363	CUL3	2553	promoter
chr2	224716366	224717365	CCDC195	53441	promoter
chr2	225042469	225043468	DOCK10	23479	promoter
chr2	225398710	225399709	NYAP2	29291	promoter
chr2	226799821	226800820	IRS1	6125	promoter
chr2	226835054	226836053	RHBDD1	23081	promoter
chr2	227164206	227165205	COL4A4	2206	promoter
chr2	227163624	227164623	COL4A3	2204	promoter
chr2	227324251	227325250	MFF	24858	promoter
chr2	227379307	227380306	TM4SF20	26230	promoter
chr2	227387950	227388949	SCYGR1	34218	promoter
chr2	227471156	227472155	AGFG1	5175	promoter
chr2	227597893	227598892	SCYGR2	34220	promoter
chr2	227607784	227608783	SCYGR10	34221	promoter
chr2	227614841	227615840	SCYGR3	34222	promoter
chr2	227616498	227617497	SCYGR4	34223	promoter
chr2	227665804	227666803	SCYGR5	34224	promoter
chr2	227718029	227719028	SLC19A3	16266	promoter
chr2	227724758	227725757	SCYGR6	34225	promoter
chr2	227727335	227728334	SCYGR7	34226	promoter
chr2	227744894	227745893	SCYGR8	34227	promoter
chr2	227812842	227813841	CCL20	10619	promoter
chr2	227870631	227871630	DAW1	26383	promoter
chr2	228181688	228182687	SPHKAP	30619	promoter
chr2	229271288	229272287	PID1	26084	promoter
chr2	229714556	229715555	DNER	24456	promoter
chr2	229921503	229922502	FBXO36	27020	promoter
chr2	229922010	229923009	TRIP12	12306	promoter
chr2	230068925	230069924	SLC16A14	26417	promoter
chr2	230224736	230225735	SP140	17133	promoter
chr2	230219985	230220984	SP110	5401	promoter
chr2	230326193	230327192	SP140L	25105	promoter
chr2	230415201	230416200	SP100	11206	promoter
chr2	230711842	230712841	CAB39	20292	promoter
chr2	230863942	230864941	ITM2C	6175	promoter
chr2	230925243	230926242	GPR55	4511	promoter
chr2	230995121	230996120	SPATA3	17884	promoter
chr2	231036523	231037522	C2orf72	27418	promoter
chr2	231055867	231056866	PSMD1	9554	promoter
chr2	231125043	231126042	HTR2B	5294	promoter
chr2	231197631	231198630	ARMC9	20730	promoter
chr2	231394710	231395709	B3GNT7	18811	promoter
chr2	231464485	231465484	NCL	7667	promoter
chr2	231530446	231531445	NMUR1	4518	promoter
chr2	231591864	231592863	TEX44	28563	promoter
chr2	231707525	231708524	PTMA	9623	promoter
chr2	231785445	231786444	COPS7B	16760	promoter
chr2	231781283	231782282	PDE6D	8788	promoter
chr2	231926397	231927396	NPPC	7941	promoter
chr2	231960713	231961712	DIS3L2	28648	promoter
chr2	232377751	232378750	ALPP	439	promoter
chr2	232405844	232406843	ALPG	441	promoter
chr2	232455153	232456152	ALPI	437	promoter
chr2	232487835	232488834	ECEL1	3147	promoter
chr2	232519388	232520387	PRSS56	39433	promoter
chr2	232525160	232526159	CHRND	1965	promoter
chr2	232538692	232539691	CHRNG	1967	promoter
chr2	232550558	232551557	TIGD1	14523	promoter
chr2	232549689	232550688	EIF4E2	3293	promoter
chr2	232632604	232633603	EFHD1	29556	promoter
chr2	232696331	232697330	GIGYF2	11960	promoter
chr2	232776566	232777565	KCNJ13	6259	promoter
chr2	232869264	232870263	SNORC	33763	promoter
chr2	233013257	233014256	NGEF	7807	promoter
chr2	233031672	233032671	NEU2	7759	promoter
chr2	233059342	233060341	INPP5D	6079	promoter
chr2	233250673	233251672	ATG16L1	21498	promoter
chr2	233306816	233307815	SAG	10521	promoter
chr2	233353494	233354493	DGKD	2851	promoter
chr2	233566783	233567782	USP40	20069	promoter
chr2	233616633	233617632	UGT1A8	12540	promoter
chr2	233635448	233636447	UGT1A10	12531	promoter
chr2	233670898	233671897	UGT1A9	12541	promoter
chr2	233680901	233681900	UGT1A7	12539	promoter
chr2	233691890	233692889	UGT1A6	12538	promoter
chr2	233711907	233712906	UGT1A5	12537	promoter
chr2	233717736	233718735	UGT1A4	12536	promoter
chr2	233728042	233729041	UGT1A3	12535	promoter
chr2	233759270	233760269	UGT1A1	12530	promoter
chr2	233777330	233778329	MROH2A	27936	promoter
chr2	233854536	233855535	HJURP	25444	promoter
chr2	233868387	233869386	MSL3B	17837	promoter
chr2	233916373	233917372	TRPM8	17961	promoter
chr2	234049702	234050701	SPP2	11256	promoter
chr2	234497082	234498081	ARL4C	698	promoter
chr2	234951017	234952016	SH3BP4	10826	promoter
chr2	235493043	235494042	AGAP1	16922	promoter
chr2	236168387	236169386	GBX2	4186	promoter
chr2	236264407	236265406	ASB18	19770	promoter
chr2	236568825	236569824	ACKR3	23692	promoter
chr2	237084889	237085888	COPS8	24335	promoter
chr2	237414165	237415164	COL6A3	2213	promoter
chr2	237486251	237487250	MLPH	29643	promoter
chr2	237565574	237566573	PRLH	17945	promoter
chr2	237590735	237591734	RAB17	16523	promoter
chr2	237626587	237627586	LRRFIP1	6702	promoter
chr2	237797779	237798778	RBM44	24756	promoter
chr2	237858623	237859622	RAMP1	9843	promoter
chr2	237966014	237967013	UBE2F	12480	promoter
chr2	238060001	238061000	SCLY	18161	promoter
chr2	238099340	238100339	ESPNL	27937	promoter
chr2	238137668	238138667	KLHL30	24770	promoter
chr2	238157970	238158969	ERFE	26727	promoter
chr2	238203696	238204695	ILKAP	15566	promoter
chr2	238240039	238241038	HES6	18254	promoter
chr2	238288611	238289610	PER2	8846	promoter
chr2	238319518	238320517	TRAF3IP1	17861	promoter
chr2	238425927	238426926	ASB1	16011	promoter
chr2	238847085	238848084	TWIST2	20670	promoter
chr2	239401021	239402020	HDAC4	14063	promoter
chr2	240025343	240026342	NDUFA10	7684	promoter
chr2	240030430	240031429	OR6B2	15041	promoter
chr2	240053522	240054521	OR6B3	15042	promoter
chr2	240136306	240137305	COPS9	21314	promoter
chr2	240140659	240141658	OTOS	22644	promoter
chr2	240434663	240435662	GPC1	4449	promoter
chr2	240559357	240560356	DUSP28	33237	promoter
chr2	240567484	240568483	RNPEPL1	10079	promoter
chr2	240557989	240558988	ANKMY1	20987	promoter
chr2	240585734	240586733	CAPN10	1477	promoter
chr2	240624480	240625479	GPR35	4492	promoter
chr2	240682886	240683885	AQP12B	6096	promoter
chr2	240690866	240691865	AQP12A	19941	promoter
chr2	240820220	240821219	KIF1A	888	promoter
chr2	240867824	240868823	AGXT	341	promoter
chr2	240896157	240897156	MAB21L4	26216	promoter
chr2	240905336	240906335	CROCC2	51677	promoter
chr2	240997618	240998617	SNED1	24696	promoter
chr2	241102288	241103287	MTERF4	28785	promoter
chr2	241149467	241150466	PPP1R7	9295	promoter
chr2	241149473	241150472	PASK	17270	promoter
chr2	241187677	241188676	ANO7	31677	promoter
chr2	241314925	241315924	SEPTIN2	7729	promoter
chr2	241315673	241316672	HDLBP	4857	promoter
chr2	241355285	241356284	FARP2	16460	promoter
chr2	241508585	241509584	STK25	11404	promoter
chr2	241557745	241558744	BOK	1087	promoter
chr2	241637159	241638158	THAP4	23187	promoter
chr2	241636693	241637692	ATG4B	20790	promoter
chr2	241686816	241687815	DTYMK	3061	promoter
chr2	241701039	241702038	ING5	19421	promoter
chr2	241733630	241734629	D2HGDH	28358	promoter
chr2	241775822	241776821	GAL3ST2	24869	promoter
chr2	241808193	241809192	NEU4	21328	promoter
chr2	241858895	241859894	PDCD1	8760	promoter
chr2	241868729	241869728	RTP5	26585	promoter
chr2	241900465	241901464	FAM240C	54200	promoter
chr3	195763	196762	CHL1	1939	promoter
chr3	1092024	1093023	CNTN6	2176	promoter
chr3	2097866	2098865	CNTN4	2174	promoter
chr3	3110375	3111374	IL5RA	6017	promoter
chr3	3125940	3126939	TRNT1	17341	promoter
chr3	3179692	3180691	CRBN	30185	promoter
chr3	3798431	3799430	LRRN1	20980	promoter
chr3	4302369	4303368	SETMAR	10762	promoter
chr3	4467270	4468269	SUMF1	20376	promoter
chr3	4492348	4493347	ITPR1	6180	promoter
chr3	4978437	4979436	BHLHE40	1046	promoter
chr3	5121292	5122291	ARL8B	25564	promoter
chr3	5186707	5187706	EDEM1	18967	promoter
chr3	6860115	6861114	GRM7	4599	promoter
chr3	8500823	8501822	LMCD1	6633	promoter
chr3	8732802	8733801	CAV3	1529	promoter
chr3	8644799	8645798	SSUH2	24809	promoter
chr3	8769614	8770613	OXTR	8529	promoter
chr3	8963473	8964472	RAD18	18278	promoter
chr3	9362054	9363053	THUMPD3	24493	promoter
chr3	9249647	9250646	SRGAP3	19744	promoter
chr3	9396615	9397614	SETD5	25566	promoter
chr3	9553823	9554822	LHFPL4	29568	promoter
chr3	9648505	9649504	MTMR14	26190	promoter
chr3	9702833	9703832	CPNE9	24336	promoter
chr3	9730735	9731734	BRPF1	14255	promoter
chr3	9748952	9749951	OGG1	8125	promoter
chr3	9769948	9770947	CAMK1	1459	promoter
chr3	9792082	9793081	ARPC4	707	promoter
chr3	9792474	9793473	TADA3	19422	promoter
chr3	9809262	9810261	TTLL3	24483	promoter
chr3	9844009	9845008	RPUSD3	28437	promoter
chr3	9880254	9881253	CIDEC	24229	promoter
chr3	9889610	9890609	JAGN1	26926	promoter
chr3	9901848	9902847	IL17RE	18439	promoter
chr3	9916098	9917097	IL17RC	18358	promoter
chr3	9932834	9933833	CRELD1	14630	promoter
chr3	9952409	9953408	PRRT3	26591	promoter
chr3	9986842	9987841	EMC3	23999	promoter
chr3	10025437	10026436	FANCD2	3585	promoter
chr3	10108256	10109255	FANCD2OS	28623	promoter
chr3	10114675	10115674	BRK1	23057	promoter
chr3	10140778	10141777	VHL	12687	promoter
chr3	10163919	10164918	IRAK2	6113	promoter
chr3	10247459	10248458	TATDN2	28988	promoter
chr3	10292948	10293947	GHRL	18129	promoter
chr3	10321113	10322112	SEC13	10697	promoter
chr3	10505587	10506586	ATP2B2	815	promoter
chr3	10815228	10816227	SLC6A11	11044	promoter
chr3	10991748	10992747	SLC6A1	11042	promoter
chr3	11153493	11154492	HRH1	5182	promoter
chr3	11271397	11272396	ATG7	16935	promoter
chr3	11643916	11644915	VGLL4	28966	promoter
chr3	11846886	11847885	TAMM41	25187	promoter
chr3	12003388	12004387	SYN2	11495	promoter
chr3	12158913	12159912	TIMP4	11823	promoter
chr3	12288070	12289069	PPARG	9236	promoter
chr3	12483480	12484479	TSEN2	28422	promoter
chr3	12556087	12557086	MKRN2	7113	promoter
chr3	12545500	12546499	MKRN2OS	40375	promoter
chr3	12664118	12665117	RAF1	9829	promoter
chr3	12759260	12760259	TMEM40	25620	promoter
chr3	12795680	12796679	CAND2	30689	promoter
chr3	12841566	12842565	RPL32	10336	promoter
chr3	13073430	13074429	IQSEC1	29112	promoter
chr3	13420323	13421322	NUP210	30052	promoter
chr3	13479306	13480305	HDAC11	19086	promoter
chr3	13548125	13549124	FBLN2	3601	promoter
chr3	13880072	13881071	WNT7A	12786	promoter
chr3	14124871	14125870	CHCHD4	26467	promoter
chr3	14124052	14125051	TMEM43	28472	promoter
chr3	14178602	14179601	XPC	12816	promoter
chr3	14177817	14178816	LSM3	17874	promoter
chr3	14401606	14402605	SLC6A6	11052	promoter
chr3	14540343	14541342	GRIP2	23841	promoter
chr3	14650762	14651761	CCDC174	28033	promoter
chr3	14674141	14675140	C3orf20	25320	promoter
chr3	14817962	14818961	FGD5	19117	promoter
chr3	14946583	14947582	NR2C2	7972	promoter
chr3	15065316	15066315	MRPS25	14511	promoter
chr3	15099149	15100148	RBSN	20759	promoter
chr3	15205246	15206245	CAPN7	1484	promoter
chr3	15332587	15333586	SH3BP5	10827	promoter
chr3	15426598	15427597	EAF1	20907	promoter
chr3	15427545	15428544	METTL6	28343	promoter
chr3	15521707	15522706	COLQ	2226	promoter
chr3	15600745	15601744	BTD	1122	promoter
chr3	15601570	15602569	HACL1	17856	promoter
chr3	15797980	15798979	ANKRD28	29024	promoter
chr3	16173680	16174679	GALNT15	21531	promoter
chr3	16264944	16265943	DPH3	27717	promoter
chr3	16264212	16265211	OXNAD1	25128	promoter
chr3	16513700	16514699	RFTN1	30278	promoter
chr3	16605424	16606423	DAZL	2685	promoter
chr3	16883955	16884954	PLCL2	9064	promoter
chr3	17742632	17743631	TBC1D5	19166	promoter
chr3	18425340	18426339	SATB1	10541	promoter
chr3	19147510	19148509	KCNH8	18864	promoter
chr3	19934218	19935217	EFHB	26330	promoter
chr3	19946097	19947096	RAB5A	9783	promoter
chr3	20012265	20013264	PP2D1	28406	promoter
chr3	20039446	20040445	KAT2B	8638	promoter
chr3	20186207	20187206	SGO1	25088	promoter
chr3	21751211	21752210	ZNF385D	26191	promoter
chr3	23202327	23203326	UBE2E2	12478	promoter
chr3	23804955	23805954	UBE2E1	12477	promoter
chr3	23916132	23917131	RPL15	10306	promoter
chr3	23944286	23945285	NR1D2	7963	promoter
chr3	23916991	23917990	NKIRAS1	17899	promoter
chr3	24494851	24495850	THRB	11799	promoter
chr3	25427263	25428262	RARB	9865	promoter
chr3	25664908	25665907	TOP2B	11990	promoter
chr3	25789090	25790089	OXSM	26063	promoter
chr3	25783444	25784443	NGLY1	17646	promoter
chr3	26621772	26622771	LRRC3B	28105	promoter
chr3	27369384	27370383	NEK10	18592	promoter
chr3	27484385	27485384	SLC4A7	11033	promoter
chr3	27722324	27723323	EOMES	3372	promoter
chr3	28240619	28241618	CMC1	28783	promoter
chr3	28347721	28348720	ZCWPW2	23574	promoter
chr3	28348825	28349824	AZI2	24002	promoter
chr3	29280071	29281070	RBMS3	13427	promoter
chr3	30605601	30606600	TGFBR2	11773	promoter
chr3	30894662	30895661	GADL1	27949	promoter
chr3	31531925	31532924	STT3B	30611	promoter
chr3	31980750	31981749	ZNF860	34513	promoter
chr3	31981263	31982262	OSBPL10	16395	promoter
chr3	32105620	32106619	GPD1L	28956	promoter
chr3	32237680	32238679	CMTM8	19179	promoter
chr3	32390853	32391852	CMTM7	19178	promoter
chr3	32502853	32503852	CMTM6	19177	promoter
chr3	32570859	32571858	DYNC1LI1	18745	promoter
chr3	32684188	32685187	CNOT10	23817	promoter
chr3	32816997	32817996	TRIM71	32669	promoter
chr3	32950644	32951643	CCR4	1605	promoter
chr3	33097147	33098146	TMPPE	33865	promoter
chr3	33097147	33098146	GLB1	4298	promoter
chr3	33113014	33114013	CRTAP	2379	promoter
chr3	33218811	33219810	SUSD5	29061	promoter
chr3	33276442	33277441	FBXL2	13598	promoter
chr3	33440406	33441405	UBP1	12507	promoter
chr3	33718255	33719254	CLASP2	17078	promoter
chr3	33797630	33798629	PDCD6IP	8766	promoter
chr3	35638525	35639524	ARPP21	16968	promoter
chr3	36379504	36380503	STAC	11353	promoter
chr3	36764554	36765553	DCLK3	19005	promoter
chr3	36945055	36946054	TRANK1	29011	promoter
chr3	36993132	36994131	EPM2AIP1	19735	promoter
chr3	36992518	36993517	MLH1	7127	promoter
chr3	37174583	37175582	LRRFIP2	6703	promoter
chr3	37242271	37243270	GOLGA4	4427	promoter
chr3	37451141	37452140	ITGA9	6145	promoter
chr3	37860880	37861879	CTDSPL	16890	promoter
chr3	37989786	37990785	VILL	30906	promoter
chr3	38029643	38030642	PLCD1	9060	promoter
chr3	38038208	38039207	DLEC1	2899	promoter
chr3	38137128	38138127	ACAA1	82	promoter
chr3	38137661	38138660	MYD88	7562	promoter
chr3	38164537	38165536	OXSR1	8508	promoter
chr3	38264812	38265811	SLC22A13	8494	promoter
chr3	38281294	38282293	SLC22A14	8495	promoter
chr3	38345785	38346784	XYLB	12839	promoter
chr3	38452890	38453889	ACVR2B	174	promoter
chr3	38495340	38496339	EXOG	3347	promoter
chr3	38649688	38650687	SCN5A	10593	promoter
chr3	38816218	38817217	SCN10A	10582	promoter
chr3	39051016	39052015	WDR48	30914	promoter
chr3	39051945	39052944	SCN11A	10583	promoter
chr3	39106680	39107679	TTC21A	30761	promoter
chr3	39107628	39108627	GORASP1	16769	promoter
chr3	39153592	39154591	CSRNP1	14300	promoter
chr3	39192596	39193595	XIRP1	14301	promoter
chr3	39280037	39281036	CX3CR1	2558	promoter
chr3	39328709	39329708	CCR8	1609	promoter
chr3	39382370	39383369	SLC25A38	26054	promoter
chr3	39405720	39406719	RPSA	6502	promoter
chr3	39466680	39467679	MOBP	7189	promoter
chr3	39808609	39809608	MYRIP	19156	promoter
chr3	40308707	40309706	EIF1B	30792	promoter
chr3	40386184	40387183	ENTPD3	3365	promoter
chr3	40456339	40457338	RPL14	10305	promoter
chr3	40476122	40477121	ZNF619	26910	promoter
chr3	40505039	40506038	ZNF620	28742	promoter
chr3	40523960	40524959	ZNF621	24787	promoter
chr3	41198505	41199504	CTNNB1	2514	promoter
chr3	41962104	41963103	ULK4	15784	promoter
chr3	42090357	42091356	TRAK1	29947	promoter
chr3	42266186	42267185	CCK	1569	promoter
chr3	42410611	42411610	LYZL4	28387	promoter
chr3	42501643	42502642	VIPR1	12694	promoter
chr3	42589860	42590859	SS18L2	15593	promoter
chr3	42599686	42600685	NKTR	7833	promoter
chr3	42581968	42582967	SEC22C	16828	promoter
chr3	42652697	42653696	ZBTB47	26955	promoter
chr3	42684537	42685536	KLHL40	30372	promoter
chr3	42702799	42703798	HHATL	13242	promoter
chr3	42773254	42774253	CCDC13	26358	promoter
chr3	42804491	42805490	HIGD1A	29527	promoter
chr3	42808445	42809444	ACKR2	1565	promoter
chr3	42875880	42876879	CYP8B1	2653	promoter
chr3	42905142	42906141	ZNF662	31930	promoter
chr3	42935386	42936385	KRBOX1	38708	promoter
chr3	42978311	42979310	GASK1A	24485	promoter
chr3	43106080	43107079	POMGNT2	25902	promoter
chr3	43285540	43286539	SNRK	30598	promoter
chr3	43689938	43690937	ABHD5	21396	promoter
chr3	43622012	43623011	ANO10	25519	promoter
chr3	44240886	44241885	TOPAZ1	24746	promoter
chr3	44337766	44338765	TCAIM	25241	promoter
chr3	44477671	44478670	ZNF445	21018	promoter
chr3	44510618	44511617	ZNF852	27713	promoter
chr3	44554193	44555192	ZKSCAN7	12955	promoter
chr3	44583964	44584963	ZNF660	26720	promoter
chr3	44624036	44625035	ZNF197	12988	promoter
chr3	44647732	44648731	ZNF35	13099	promoter
chr3	44711660	44712659	ZNF502	23718	promoter
chr3	44728635	44729634	ZNF501	23717	promoter
chr3	44761620	44762619	KIAA1143	29198	promoter
chr3	44760794	44761793	KIF15	17273	promoter
chr3	44860912	44861911	TMEM42	28444	promoter
chr3	44873608	44874607	TGM4	11780	promoter
chr3	44975244	44976243	EXOSC7	28112	promoter
chr3	44976175	44977174	ZDHHC3	18470	promoter
chr3	45025303	45026302	CLEC3B	11891	promoter
chr3	45146379	45147378	CDCP1	24357	promoter
chr3	45226288	45227287	TMEM158	30293	promoter
chr3	45387576	45388575	LARS2	17095	promoter
chr3	45593751	45594750	LIMD1	6612	promoter
chr3	45688396	45689395	SACM1L	17059	promoter
chr3	45796537	45797536	SLC6A20	30927	promoter
chr3	45885543	45886542	CCR9	1610	promoter
chr3	45842120	45843119	LZTFL1	6741	promoter
chr3	45942464	45943463	CXCR6	16647	promoter
chr3	45995825	45996824	FYCO1	14673	promoter
chr3	46027484	46028483	XCR1	1625	promoter
chr3	46241460	46242459	CCR3	1604	promoter
chr3	46208314	46209313	CCR1	1602	promoter
chr3	46353111	46354110	CCR2	1603	promoter
chr3	46369946	46370945	CCR5	1606	promoter
chr3	46406259	46407258	CCRL2	1612	promoter
chr3	46464906	46465905	LTF	6720	promoter
chr3	46496976	46497975	RTP3	15572	promoter
chr3	46576788	46577787	CRIPTO	11701	promoter
chr3	46566303	46567302	LRRC2	14676	promoter
chr3	46611525	46612524	FAM240A	52390	promoter
chr3	46693680	46694679	ALS2CL	20605	promoter
chr3	46700392	46701391	TMIE	30800	promoter
chr3	46717870	46718869	PRSS50	17910	promoter
chr3	46876721	46877720	PTH1R	9608	promoter
chr3	46863445	46864444	MYL3	7584	promoter
chr3	46978666	46979665	NBEAL2	31928	promoter
chr3	46976746	46977745	CCDC12	28332	promoter
chr3	47164114	47165113	SETD2	18420	promoter
chr3	47281944	47282943	KLHL18	29120	promoter
chr3	47282800	47283799	KIF9	16666	promoter
chr3	47380021	47381020	PTPN23	14406	promoter
chr3	47475942	47476941	SCAP	30634	promoter
chr3	47513713	47514712	ELP6	25976	promoter
chr3	47578866	47579865	CSPG5	2467	promoter
chr3	47781894	47782893	SMARCC1	11104	promoter
chr3	47802138	47803137	DHX30	16716	promoter
chr3	48016417	48017416	MAP4	6862	promoter
chr3	48188418	48189417	CDC25A	1725	promoter
chr3	48222495	48223494	CAMP	1472	promoter
chr3	48240104	48241103	ZNF589	16747	promoter
chr3	48301368	48302367	NME6	20567	promoter
chr3	48333662	48334661	SPINK8	33160	promoter
chr3	48371219	48372218	FBXW12	20729	promoter
chr3	48430087	48431086	PLXNB1	9103	promoter
chr3	48439257	48440256	TMA7	26932	promoter
chr3	48440120	48441119	CCDC51	25714	promoter
chr3	48445737	48446736	ATRIP	33499	promoter
chr3	48465230	48466229	TREX1	12269	promoter
chr3	48504175	48505174	SHISA5	30376	promoter
chr3	48556804	48557803	PFKFB4	8875	promoter
chr3	48563782	48564781	UCN2	18414	promoter
chr3	48595330	48596329	COL7A1	2214	promoter
chr3	48609647	48610646	UQCRC1	12585	promoter
chr3	48621770	48622769	TMEM89	32372	promoter
chr3	48635462	48636461	SLC26A6	14472	promoter
chr3	48662887	48663886	CELSR3	3230	promoter
chr3	48685916	48686915	NCKIPSD	15486	promoter
chr3	48717222	48718221	IP6K2	17313	promoter
chr3	48847875	48848874	PRKAR2A	9391	promoter
chr3	48898883	48899882	SLC25A20	1421	promoter
chr3	48917842	48918841	ARIH2	690	promoter
chr3	48989241	48990240	P4HTM	28858	promoter
chr3	49006391	49007390	WDR6	12758	promoter
chr3	49021121	49022120	NDUFAF3	29918	promoter
chr3	49018581	49019580	DALRD3	25536	promoter
chr3	49029399	49030398	IMPDH2	6053	promoter
chr3	49094072	49095071	QRICH1	24713	promoter
chr3	49104758	49105757	QARS1	9751	promoter
chr3	49120824	49121823	USP19	12617	promoter
chr3	49133051	49134050	LAMB2	6487	promoter
chr3	49166332	49167331	CCDC71	25760	promoter
chr3	49170598	49171597	KLHDC8B	28557	promoter
chr3	49191859	49192858	CIMIP7	44666	promoter
chr3	49198498	49199497	IHO1	27945	promoter
chr3	49277233	49278232	C3orf62	24771	promoter
chr3	49340054	49341053	USP4	12627	promoter
chr3	49358354	49359353	GPX1	4553	promoter
chr3	49411423	49412422	TCTA	11692	promoter
chr3	49411977	49412976	RHOA	667	promoter
chr3	49422474	49423473	AMT	473	promoter
chr3	49429325	49430324	NICN1	18317	promoter
chr3	49469267	49470266	DAG1	2666	promoter
chr3	49553477	49554476	BSN	1117	promoter
chr3	49673351	49674350	APEH	586	promoter
chr3	49689475	49690474	MST1	7380	promoter
chr3	49688557	49689556	RNF123	21148	promoter
chr3	49719685	49720684	AMIGO3	24075	promoter
chr3	49723952	49724951	GMPPB	22932	promoter
chr3	49786543	49787542	IP6K1	18360	promoter
chr3	49799874	49800873	CDHR4	34527	promoter
chr3	49802261	49803260	INKA1	32480	promoter
chr3	49813954	49814953	UBA7	12471	promoter
chr3	49856565	49857564	TRAIP	30764	promoter
chr3	49869907	49870906	CAMKV	28788	promoter
chr3	49903874	49904873	MST1R	7381	promoter
chr3	49929812	49930811	MON1A	28207	promoter
chr3	49939150	49940149	RBM6	9903	promoter
chr3	50087919	50088918	RBM5	9902	promoter
chr3	50154324	50155323	SEMA3F	10728	promoter
chr3	50190610	50191609	GNAT1	4393	promoter
chr3	50204271	50205270	SLC38A3	18044	promoter
chr3	50235204	50236203	GNAI2	4385	promoter
chr3	50268147	50269146	SEMA3B	10724	promoter
chr3	50278087	50279086	LSMEM2	26781	promoter
chr3	50292430	50293429	IFRD2	5457	promoter
chr3	50299406	50300405	HYAL3	5322	promoter
chr3	50299406	50300405	NAA80	30252	promoter
chr3	50303575	50304574	HYAL1	5320	promoter
chr3	50322746	50323745	HYAL2	5321	promoter
chr3	50328224	50329223	TUSC2	17034	promoter
chr3	50340837	50341836	RASSF1	9882	promoter
chr3	50345733	50346732	ZMYND10	19412	promoter
chr3	50350776	50351775	NPRL2	24969	promoter
chr3	50349862	50350861	CYB561D2	30253	promoter
chr3	50359522	50360521	TMEM115	30055	promoter
chr3	50503635	50504634	CACNA2D2	1400	promoter
chr3	50568522	50569521	HEMK1	24923	promoter
chr3	50567748	50568747	C3orf18	24837	promoter
chr3	50616151	50617150	MAPKAPK3	6888	promoter
chr3	50611775	50612774	CISH	1984	promoter
chr3	50673927	50674926	DOCK3	2989	promoter
chr3	51384291	51385290	MANF	15461	promoter
chr3	51390285	51391284	RBM15B	24303	promoter
chr3	51500016	51501015	DCAF1	30911	promoter
chr3	51537719	51538718	RAD54L2	29123	promoter
chr3	51670252	51671251	TEX264	30247	promoter
chr3	51706068	51707067	GRM2	4594	promoter
chr3	51779238	51780237	IQCF6	35158	promoter
chr3	51828426	51829425	IQCF3	31816	promoter
chr3	51860615	51861614	IQCF2	31815	promoter
chr3	51875602	51876601	IQCF5	35159	promoter
chr3	51903354	51904353	IQCF1	28607	promoter
chr3	51941905	51942904	RRP9	16829	promoter
chr3	51941363	51942362	PARP3	273	promoter
chr3	51954381	51955380	GPR62	13301	promoter
chr3	51974064	51975063	ABHD14A	24538	promoter
chr3	51967455	51968454	PCBP4	8652	promoter
chr3	51982535	51983534	ACY1	177	promoter
chr3	51974050	51975049	ABHD14B	28235	promoter
chr3	51995896	51996895	RPL29	10331	promoter
chr3	52056572	52057571	DUSP7	3073	promoter
chr3	52154424	52155423	POC1A	24488	promoter
chr3	52197160	52198159	ALAS1	396	promoter
chr3	52225646	52226645	TLR9	15633	promoter
chr3	52244759	52245758	PPM1M	26506	promoter
chr3	52239159	52240158	TWF2	9621	promoter
chr3	52286828	52287827	GLYCTK	24247	promoter
chr3	52278650	52279649	WDR82	28826	promoter
chr3	52315319	52316318	DNAH1	2940	promoter
chr3	52410009	52411008	BAP1	950	promoter
chr3	52409660	52410659	PHF7	18458	promoter
chr3	52445104	52446103	SEMA3G	30400	promoter
chr3	52454042	52455041	TNNC1	11943	promoter
chr3	52454604	52455603	NISCH	18006	promoter
chr3	52494338	52495337	STAB1	18628	promoter
chr3	52535605	52536604	UQCC5	37257	promoter
chr3	52533858	52534857	NT5DC2	25717	promoter
chr3	52685032	52686031	GNL3	29931	promoter
chr3	52685914	52686913	PBRM1	30064	promoter
chr3	52705106	52706105	SPCS1	23401	promoter
chr3	52705792	52706791	GLT8D1	24870	promoter
chr3	52770941	52771940	NEK4	11399	promoter
chr3	52776599	52777598	ITIH1	6166	promoter
chr3	52793796	52794795	ITIH3	6168	promoter
chr3	52830673	52831672	ITIH4	6169	promoter
chr3	52835020	52836019	MUSTN1	22144	promoter
chr3	52897549	52898548	STIMATE	30526	promoter
chr3	53046074	53047073	SFMBT1	20255	promoter
chr3	53130436	53131435	RFT1	30220	promoter
chr3	53160209	53161208	PRKCD	9399	promoter
chr3	53256023	53257022	TKT	11834	promoter
chr3	53493611	53494610	CACNA1D	1391	promoter
chr3	53347544	53348543	DCP1A	18714	promoter
chr3	53846420	53847419	CHDH	24288	promoter
chr3	53845568	53846567	IL17RB	18015	promoter
chr3	53882153	53883152	ACTR8	14672	promoter
chr3	53891860	53892859	SELENOK	30394	promoter
chr3	54121552	54122551	CACNA2D3	15460	promoter
chr3	54928060	54929059	LRTM1	25023	promoter
chr3	55487307	55488306	WNT5A	12784	promoter
chr3	56468468	56469467	ERC2	31922	promoter
chr3	56556175	56557174	CCDC66	27709	promoter
chr3	56683266	56684265	TASOR	30314	promoter
chr3	57059664	57060663	SPATA12	23221	promoter
chr3	56801950	56802949	ARHGEF3	683	promoter
chr3	57165354	57166353	IL17RD	17616	promoter
chr3	57199979	57200978	HESX1	4877	promoter
chr3	57226729	57227728	APPL1	24035	promoter
chr3	57292686	57293685	ASB14	19766	promoter
chr3	57544345	57545344	DNAH12	2943	promoter
chr3	57555274	57556273	PDE12	25386	promoter
chr3	57597345	57598344	ARF4	655	promoter
chr3	57693078	57694077	DENND6A	26635	promoter
chr3	57755309	57756308	SLMAP	16643	promoter
chr3	58007422	58008421	FLNB	3755	promoter
chr3	58210973	58211972	DNASE1L3	2959	promoter
chr3	58236792	58237791	ABHD6	21398	promoter
chr3	58305245	58306244	RPP14	30327	promoter
chr3	58305520	58306519	HTD2	53111	promoter
chr3	58331892	58332891	PXK	23326	promoter
chr3	58433833	58434832	PDHB	8808	promoter
chr3	58491096	58492095	KCTD6	22235	promoter
chr3	58537191	58538190	ACOX2	120	promoter
chr3	58577392	58578391	FAM107A	30827	promoter
chr3	58666775	58667774	FAM3D	18665	promoter
chr3	59050026	59051025	CFAP20DC	24763	promoter
chr3	61251453	61252452	FHIT	3701	promoter
chr3	61560571	61561570	PTPRG	9671	promoter
chr3	62318022	62319021	CEP15	25024	promoter
chr3	62373551	62374550	FEZF2	13506	promoter
chr3	62875417	62876416	CADPS	1426	promoter
chr3	63277308	63278307	SYNPR	16507	promoter
chr3	63651675	63652674	SNTN	33706	promoter
chr3	63818299	63819298	C3orf49	25190	promoter
chr3	63862867	63863866	ATXN7	10560	promoter
chr3	63863806	63864805	THOC7	29874	promoter
chr3	64023495	64024494	PSMD6	9564	promoter
chr3	64225467	64226466	PRICKLE2	20340	promoter
chr3	64688001	64689000	ADAMTS9	13202	promoter
chr3	66038919	66039918	MAGI1	946	promoter
chr3	66220001	66221000	SLC25A26	20661	promoter
chr3	66501023	66502022	LRIG1	17360	promoter
chr3	66997307	66998306	KBTBD8	30691	promoter
chr3	67654613	67655612	SUCLG2	11450	promoter
chr3	68003247	68004246	TAFA1	21587	promoter
chr3	68932548	68933547	TAFA4	21591	promoter
chr3	69013685	69014684	EOGT	28526	promoter
chr3	69052334	69053333	TMF1	11870	promoter
chr3	69080366	69081365	UBA3	12470	promoter
chr3	69083937	69084936	ARL6IP5	16937	promoter
chr3	69122596	69123595	LMOD3	6649	promoter
chr3	69386089	69387088	FRMD4B	24886	promoter
chr3	69738464	69739463	MITF	7105	promoter
chr3	70312639	70313638	MDFIC2	53442	promoter
chr3	71583729	71584728	FOXP1	3823	promoter
chr3	71752855	71753854	GPR27	4482	promoter
chr3	71725403	71726402	EIF4E3	31837	promoter
chr3	71785149	71786148	PROK2	18455	promoter
chr3	72446622	72447621	RYBP	10480	promoter
chr3	72848446	72849445	SHQ1	25543	promoter
chr3	72887046	72888045	GXYLT2	33383	promoter
chr3	72995811	72996810	PPP4R2	18296	promoter
chr3	73060659	73061658	EBLN2	25493	promoter
chr3	73624942	73625941	PDZRN3	17704	promoter
chr3	74614660	74615659	CNTN3	2173	promoter
chr3	75663328	75664327	FRG2C	33626	promoter
chr3	75785550	75786549	ZNF717	29448	promoter
chr3	77039099	77040098	ROBO2	10250	promoter
chr3	79767999	79768998	ROBO1	10249	promoter
chr3	81761646	81762645	GBE1	4180	promoter
chr3	84957989	84958988	CADM2	29849	promoter
chr3	86991150	86992149	VGLL3	24327	promoter
chr3	87226309	87227308	CHMP2B	24537	promoter
chr3	87276585	87277584	POU1F1	9210	promoter
chr3	87791706	87792705	HTR1F	5292	promoter
chr3	88058255	88059254	ZNF654	25612	promoter
chr3	88059006	88060005	CGGBP1	1888	promoter
chr3	88148959	88149958	C3orf38	28384	promoter
chr3	88337456	88338455	CSNK2A2IP	53637	promoter
chr3	89106621	89107620	EPHA3	3387	promoter
chr3	93973897	93974896	PROS1	9456	promoter
chr3	93979155	93980154	ARL13B	25419	promoter
chr3	94028598	94029597	STX19	19300	promoter
chr3	94062061	94063060	NSUN3	26208	promoter
chr3	94062917	94063916	DHFR2	27309	promoter
chr3	96813594	96814593	EPHA6	19296	promoter
chr3	97763758	97764757	ARL6	13210	promoter
chr3	97821011	97822010	CRYBG3	34427	promoter
chr3	97972432	97973431	RIOX2	19441	promoter
chr3	98035316	98036315	GABRR3	17969	promoter
chr3	98063472	98064471	OR5AC1	15047	promoter
chr3	98086173	98087172	OR5AC2	15431	promoter
chr3	98129721	98130720	OR5H1	8346	promoter
chr3	98146479	98147478	OR5H14	31286	promoter
chr3	98165696	98166695	OR5H15	31287	promoter
chr3	98263244	98264243	OR5H6	14767	promoter
chr3	98281505	98282504	OR5H2	14752	promoter
chr3	98305752	98306751	OR5H8	14773	promoter
chr3	98352854	98353853	OR5K4	31291	promoter
chr3	98389666	98390665	OR5K3	31290	promoter
chr3	98462201	98463200	OR5K1	8349	promoter
chr3	98496681	98497680	OR5K2	14774	promoter
chr3	98522903	98523902	CLDND1	1322	promoter
chr3	98530978	98531977	GPR15	4469	promoter
chr3	98593612	98594611	CPOX	2321	promoter
chr3	98762340	98763339	ST3GAL6	18080	promoter
chr3	98901696	98902695	DCBLD2	24627	promoter
chr3	99637594	99638593	COL8A1	2215	promoter
chr3	99816862	99817861	CMSS1	28666	promoter
chr3	100114502	100115501	FILIP1L	24589	promoter
chr3	100259992	100260991	TBC1D23	25622	promoter
chr3	100333757	100334756	NIT2	29878	promoter
chr3	100401090	100402089	TOMM70	11985	promoter
chr3	100400539	100401538	LNP1	28014	promoter
chr3	100491619	100492618	TMEM45A	25480	promoter
chr3	100608601	100609600	ADGRG7	19241	promoter
chr3	100708494	100709493	TFG	11758	promoter
chr3	100993422	100994421	ABI3BP	17265	promoter
chr3	101320576	101321575	IMPG2	18362	promoter
chr3	101513213	101514212	SENP7	30402	promoter
chr3	101560868	101561867	TRMT10C	26022	promoter
chr3	101573180	101574179	PCNP	30023	promoter
chr3	101677133	101678132	ZBTB11	16740	promoter
chr3	101686719	101687718	RPL24	10325	promoter
chr3	101723614	101724613	CEP97	26244	promoter
chr3	101778211	101779210	NXPE3	28238	promoter
chr3	101848514	101849513	NFKBIZ	29805	promoter
chr3	102434015	102435014	ZPLD1	27022	promoter
chr3	105365909	105366908	ALCAM	400	promoter
chr3	105869013	105870012	CBLB	1542	promoter
chr3	107376439	107377438	CCDC54	30703	promoter
chr3	107521962	107522961	BBX	14422	promoter
chr3	108091032	108092031	CD47	1682	promoter
chr3	108222425	108223424	IFT57	17367	promoter
chr3	108295548	108296547	HHLA2	4905	promoter
chr3	108510597	108511596	MYH15	31073	promoter
chr3	108589439	108590438	CIP2A	29302	promoter
chr3	108588722	108589721	DZIP3	30938	promoter
chr3	108757411	108758410	RETNLB	20388	promoter
chr3	108821786	108822785	TRAT1	30698	promoter
chr3	108953880	108954879	GUCA1C	4680	promoter
chr3	109118135	109119134	MORC1	7198	promoter
chr3	109135719	109136718	C3orf85	53432	promoter
chr3	109316518	109317517	DPPA2	19197	promoter
chr3	109337547	109338546	DPPA4	19200	promoter
chr3	111070816	111071815	NECTIN3	17664	promoter
chr3	111541197	111542196	CD96	16892	promoter
chr3	111595347	111596346	ZBED2	20710	promoter
chr3	111673676	111674675	PLCXD2	26462	promoter
chr3	111858265	111859264	PHLDB2	29573	promoter
chr3	111978026	111979025	ABHD10	25656	promoter
chr3	111997922	111998921	TAGLN3	29868	promoter
chr3	112033736	112034735	TMPRSS7	30846	promoter
chr3	112085389	112086388	C3orf52	26255	promoter
chr3	112133249	112134248	GCSAM	20253	promoter
chr3	112294217	112295216	SLC9C1	31401	promoter
chr3	112332156	112333155	CD200	7203	promoter
chr3	112499473	112500472	BTLA	21087	promoter
chr3	112561045	112562044	SLC35A5	20792	promoter
chr3	112561963	112562962	ATG3	20962	promoter
chr3	112641144	112642143	CCDC80	30649	promoter
chr3	112846865	112847864	CD200R1L	24665	promoter
chr3	112975104	112976103	CD200R1	24235	promoter
chr3	112989984	112990983	GTPBP8	25007	promoter
chr3	113019672	113020671	NEPRO	24496	promoter
chr3	113210557	113211556	BOC	17173	promoter
chr3	113441494	113442493	CFAP44	25631	promoter
chr3	113515157	113516156	SPICE1	25083	promoter
chr3	113531555	113532554	SIDT1	25967	promoter
chr3	113696643	113697642	USF3	30494	promoter
chr3	113746250	113747249	NAA50	29533	promoter
chr3	113746035	113747034	ATP6V1A	851	promoter
chr3	113837788	113838787	GRAMD1C	25252	promoter
chr3	113947013	113948012	ZDHHC23	28654	promoter
chr3	114055737	114056736	QTRT2	25771	promoter
chr3	114056527	114057526	CCDC191	29272	promoter
chr3	114179053	114180052	DRD3	3024	promoter
chr3	114237579	114238578	ZNF80	13155	promoter
chr3	114293028	114294027	TIGIT	26838	promoter
chr3	115147289	115148288	ZBTB20	13503	promoter
chr3	115622510	115623509	GAP43	4140	promoter
chr3	116445488	116446487	LSAMP	6705	promoter
chr3	117997593	117998592	LINC03051	56330	promoter
chr3	119034847	119035846	IGSF11	16669	promoter
chr3	119145165	119146164	TEX55	26553	promoter
chr3	119172598	119173597	UPK1B	12578	promoter
chr3	119240879	119241878	B4GALT4	927	promoter
chr3	119293383	119294382	ARHGAP31	29216	promoter
chr3	119463616	119464615	TMEM39A	25600	promoter
chr3	119467963	119468962	POGLUT1	22954	promoter
chr3	119497547	119498546	TIMMDC1	1321	promoter
chr3	119559615	119560614	CD80	1700	promoter
chr3	119578492	119579491	ADPRH	269	promoter
chr3	119596885	119597884	PLA1A	17661	promoter
chr3	119660590	119661589	POPDC2	17648	promoter
chr3	119677407	119678406	COX17	2264	promoter
chr3	119702022	119703021	CFAP91	24010	promoter
chr3	119781101	119782100	NR1I2	7968	promoter
chr3	120094448	120095447	GSK3B	4617	promoter
chr3	120285223	120286222	GPR156	20844	promoter
chr3	120349355	120350354	LRRC58	26968	promoter
chr3	120450993	120451992	FSTL1	3972	promoter
chr3	120595336	120596335	NDUFB4	7699	promoter
chr3	120682240	120683239	HGD	4892	promoter
chr3	120741744	120742743	GTF2E1	4650	promoter
chr3	120742517	120743516	RABL3	18072	promoter
chr3	120907205	120908204	STXBP5L	30757	promoter
chr3	121545989	121546988	POLQ	9186	promoter
chr3	121566949	121567948	ARGFX	30146	promoter
chr3	121592379	121593378	FBXO40	29816	promoter
chr3	121660904	121661903	HCLS1	4844	promoter
chr3	121749742	121750741	GOLGB1	4429	promoter
chr3	121835061	121836060	IQCB1	28949	promoter
chr3	121834209	121835208	EAF2	23115	promoter
chr3	121893401	121894400	SLC15A2	10921	promoter
chr3	122022248	122023247	ILDR1	28741	promoter
chr3	122054362	122055361	CD86	1705	promoter
chr3	122182668	122183667	CASR	1514	promoter
chr3	122324248	122325247	CSTA	2481	promoter
chr3	122383232	122384231	MIX23	31136	promoter
chr3	122383182	122384181	FAM162A	17865	promoter
chr3	122416063	122417062	WDR5B	17826	promoter
chr3	122514940	122515939	KPNA1	6394	promoter
chr3	122563338	122564337	DTX3L	30323	promoter
chr3	122564301	122565300	PARP9	24118	promoter
chr3	122576650	122577649	PARP15	26876	promoter
chr3	122679839	122680838	PARP14	29232	promoter
chr3	122793832	122794831	HSPBAP1	16389	promoter
chr3	122794069	122795068	SLC49A4	16628	promoter
chr3	123027764	123028763	SEMA5B	10737	promoter
chr3	123066025	123067024	PDIA5	24811	promoter
chr3	123200943	123201942	SEC22A	20260	promoter
chr3	123449091	123450090	ADCY5	236	promoter
chr3	123585054	123586053	HACD2	9640	promoter
chr3	123884333	123885332	MYLK	7590	promoter
chr3	123961230	123962229	CCDC14	25766	promoter
chr3	123992125	123993124	ROPN1	17692	promoter
chr3	124032369	124033368	KALRN	4814	promoter
chr3	124729452	124730451	UMPS	12563	promoter
chr3	124887366	124888365	ITGB5	6160	promoter
chr3	124934752	124935751	MUC13	7511	promoter
chr3	125055998	125056997	HEG1	29227	promoter
chr3	125212749	125213748	SLC12A8	15595	promoter
chr3	125375326	125376325	ZNF148	12933	promoter
chr3	125520203	125521202	SNX4	11175	promoter
chr3	125595498	125596497	OSBPL11	16397	promoter
chr3	125968178	125969177	ROPN1B	31927	promoter
chr3	126084125	126085124	SLC41A3	31046	promoter
chr3	126180587	126181586	ALDH1L1	3978	promoter
chr3	126357409	126358408	KLF15	14536	promoter
chr3	126393909	126394908	CFAP100	26842	promoter
chr3	126475892	126476891	ZXDC	28160	promoter
chr3	126517774	126518773	UROC1	26444	promoter
chr3	126523155	126524154	CHST13	21755	promoter
chr3	126558933	126559932	C3orf22	28534	promoter
chr3	126655125	126656124	TXNRD3	20667	promoter
chr3	126703240	126704239	CHCHD6	28184	promoter
chr3	126982115	126983114	PLXNA1	9099	promoter
chr3	127192131	127193130	PRR23E	32481	promoter
chr3	127288047	127289046	PRR20G	53837	promoter
chr3	127597411	127598410	MCM2	6944	promoter
chr3	127590734	127591733	TPRA1	30413	promoter
chr3	127628185	127629184	PODXL2	17936	promoter
chr3	127671952	127672951	ABTB1	18275	promoter
chr3	127914232	127915231	KBTBD12	25731	promoter
chr3	128051437	128052436	SEC61A1	18276	promoter
chr3	127822516	127823515	MGLL	17038	promoter
chr3	128152481	128153480	EEFSEC	24614	promoter
chr3	128123813	128124812	RUVBL1	10474	promoter
chr3	128466891	128467890	DNAJB8	23699	promoter
chr3	128493202	128494201	GATA2	4171	promoter
chr3	128650819	128651818	RPN1	10381	promoter
chr3	128725183	128726182	RAB7A	9788	promoter
chr3	128878620	128879619	ACAD9	21497	promoter
chr3	129000304	129001303	EFCC1	25692	promoter
chr3	128994077	128995076	CFAP92	29231	promoter
chr3	129059779	129060778	GP9	4444	promoter
chr3	129121805	129122804	RAB43	19983	promoter
chr3	129161064	129162063	ISY1	29201	promoter
chr3	129183897	129184896	CNBP	13164	promoter
chr3	129248606	129249605	COPG1	2236	promoter
chr3	129277870	129278869	HMCES	24446	promoter
chr3	129316287	129317286	H1-10	4722	promoter
chr3	129428637	129429636	EFCAB12	28061	promoter
chr3	129439224	129440223	IFT122	13556	promoter
chr3	129439949	129440948	MBD4	6919	promoter
chr3	129527639	129528638	RHO	10012	promoter
chr3	129542175	129543174	H1-8	18463	promoter
chr3	129606677	129607676	PLXND1	9107	promoter
chr3	129893712	129894711	TMCC1	29116	promoter
chr3	129973720	129974719	TRH	12298	promoter
chr3	130080831	130081830	ALG1L2	37258	promoter
chr3	130344672	130345671	COL6A5	26674	promoter
chr3	130516177	130517176	COL6A6	27023	promoter
chr3	130746830	130747829	PIK3R4	8982	promoter
chr3	130893084	130894083	ATP2C1	13211	promoter
chr3	131025877	131026876	NEK11	18593	promoter
chr3	131026826	131027825	ASTE1	25021	promoter
chr3	131380774	131381773	NUDT16	26442	promoter
chr3	131502972	131503971	MRPL3	10379	promoter
chr3	132035015	132036014	CPNE4	2317	promoter
chr3	132316407	132317406	ACP3	125	promoter
chr3	132416502	132417501	DNAJC13	30343	promoter
chr3	132596270	132597269	ACKR4	1611	promoter
chr3	132659329	132660328	UBA5	23230	promoter
chr3	132659810	132660809	ACAD11	30211	promoter
chr3	132722410	132723409	NPHP3	7907	promoter
chr3	133037391	133038390	TMEM108	28451	promoter
chr3	133399056	133400055	BFSP2	1041	promoter
chr3	133572686	133573685	CDV3	26928	promoter
chr3	133661942	133662941	TOPBP1	17008	promoter
chr3	133745393	133746392	TF	11740	promoter
chr3	133804815	133805814	SRPRB	24085	promoter
chr3	133895883	133896882	RAB6B	14902	promoter
chr3	134029926	134030925	SLCO2A1	10955	promoter
chr3	134250860	134251859	RYK	10481	promoter
chr3	134374448	134375447	AMOTL2	17812	promoter
chr3	134485057	134486056	CEP63	25815	promoter
chr3	134485986	134486985	ANAPC13	24540	promoter
chr3	134651023	134652022	KY	26576	promoter
chr3	134794260	134795259	EPHB1	3392	promoter
chr3	135964728	135965727	PPP2R3A	9307	promoter
chr3	136196336	136197335	MSL2	25544	promoter
chr3	136249340	136250339	PCCB	8654	promoter
chr3	136752379	136753378	STAG1	11354	promoter
chr3	136818126	136819125	SLC35G2	28480	promoter
chr3	136861208	136862207	NCK1	7664	promoter
chr3	136956983	136957982	IL20RB	6004	promoter
chr3	137763315	137764314	SOX14	11193	promoter
chr3	138009165	138010164	CLDN18	2039	promoter
chr3	138115609	138116608	DZIP1L	26551	promoter
chr3	138132391	138133390	A4GNT	17968	promoter
chr3	138174922	138175921	DBR1	15594	promoter
chr3	138186301	138187300	ARMC8	24999	promoter
chr3	138329852	138330851	NME9	21343	promoter
chr3	138347579	138348578	MRAS	7227	promoter
chr3	138433616	138434615	ESYT3	24295	promoter
chr3	138594261	138595260	CEP70	29972	promoter
chr3	138607771	138608770	FAIM	18703	promoter
chr3	138834929	138835928	PIK3CB	8976	promoter
chr3	138947138	138948137	FOXL2	1092	promoter
chr3	138946217	138947216	FOXL2NB	34428	promoter
chr3	139343020	139344019	MRPS22	14508	promoter
chr3	139006269	139007268	PRR23A	37172	promoter
chr3	139020927	139021926	PRR23B	33764	promoter
chr3	139044893	139045892	PRR23C	37173	promoter
chr3	139389648	139390647	COPB2	2232	promoter
chr3	139476517	139477516	RBP2	9920	promoter
chr3	139539743	139540742	RBP1	9919	promoter
chr3	139677973	139678972	NMNAT3	20989	promoter
chr3	139934185	139935184	CLSTN2	17448	promoter
chr3	140677064	140678063	TRIM42	19014	promoter
chr3	140940836	140941835	SLC25A36	25554	promoter
chr3	141050347	141051346	SPSB4	30630	promoter
chr3	141230825	141231824	PXYLP1	26303	promoter
chr3	141367504	141368503	ZBTB38	26636	promoter
chr3	141486027	141487026	RASA2	9872	promoter
chr3	141737298	141738297	RNF7	10070	promoter
chr3	141762408	141763407	GRK7	17031	promoter
chr3	141875643	141876642	ATP1B3	806	promoter
chr3	142149545	142150544	TFDP2	11751	promoter
chr3	142225586	142226585	GK5	28635	promoter
chr3	142448038	142449037	XRN1	30654	promoter
chr3	142578734	142579733	ATR	882	promoter
chr3	142595393	142596392	PLS1	9090	promoter
chr3	142723034	142724033	TRPC1	12333	promoter
chr3	142889084	142890083	PCOLCE2	8739	promoter
chr3	142963675	142964674	PAQR9	30131	promoter
chr3	143000570	143001569	U2SURP	30855	promoter
chr3	143118771	143119770	CHST2	1970	promoter
chr3	143848469	143849468	SLC9A9	20653	promoter
chr3	143970823	143971822	DIPK2A	28490	promoter
chr3	146161185	146162184	PLOD2	9082	promoter
chr3	146251106	146252105	PLSCR4	16497	promoter
chr3	146469562	146470561	PLSCR2	16494	promoter
chr3	146544608	146545607	PLSCR1	9092	promoter
chr3	146605347	146606346	PLSCR5	19952	promoter
chr3	147408365	147409364	ZIC1	12872	promoter
chr3	147406544	147407543	ZIC4	20393	promoter
chr3	148696903	148697902	AGTR1	336	promoter
chr3	148826811	148827810	CPB1	2299	promoter
chr3	148864296	148865295	CPA3	2298	promoter
chr3	148990540	148991539	GYG1	4699	promoter
chr3	149086534	149087533	HLTF	11099	promoter
chr3	149128638	149129637	HPS3	15597	promoter
chr3	149221830	149222829	CP	2295	promoter
chr3	149333637	149334636	TM4SF18	25181	promoter
chr3	149377650	149378649	TM4SF1	11853	promoter
chr3	149473697	149474696	TM4SF4	11856	promoter
chr3	149658026	149659025	WWTR1	24042	promoter
chr3	149752490	149753489	COMMD2	24993	promoter
chr3	149812215	149813214	RNF13	10057	promoter
chr3	149792555	149793554	ANKUB1	29642	promoter
chr3	149970896	149971895	PFN2	8882	promoter
chr3	150407298	150408297	TSC22D2	29095	promoter
chr3	150545787	150546786	EIF2A	3254	promoter
chr3	150602321	150603320	SELENOT	18136	promoter
chr3	150546497	150547496	SERP1	10759	promoter
chr3	150703921	150704920	ERICH6	28602	promoter
chr3	150763170	150764169	SIAH2	10858	promoter
chr3	150905440	150906439	MINDY4B	35475	promoter
chr3	150972728	150973727	CLRN1	12605	promoter
chr3	151084664	151085663	MED12L	16050	promoter
chr3	151203217	151204216	GPR171	30057	promoter
chr3	151278543	151279542	P2RY14	16442	promoter
chr3	151316821	151317820	GPR87	4538	promoter
chr3	151329550	151330549	P2RY13	4537	promoter
chr3	151384754	151385753	P2RY12	18124	promoter
chr3	151461062	151462061	IGSF10	26384	promoter
chr3	151732927	151733926	AADACL2	24427	promoter
chr3	151813116	151814115	AADAC	17	promoter
chr3	151872643	151873642	SUCNR1	4542	promoter
chr3	152267929	152268928	MBNL1	6923	promoter
chr3	152834131	152835130	P2RY1	8539	promoter
chr3	153161226	153162225	RAP2B	9862	promoter
chr3	154120390	154121389	ARHGEF26	24490	promoter
chr3	154324488	154325487	DHX36	14410	promoter
chr3	154430191	154431190	GPR149	23627	promoter
chr3	155079319	155080318	MME	7154	promoter
chr3	155293684	155294683	STRIT1	52297	promoter
chr3	155745072	155746071	PLCH1	29185	promoter
chr3	155806279	155807278	C3orf33	26434	promoter
chr3	155854428	155855427	SLC33A1	95	promoter
chr3	155869650	155870649	GMPS	4378	promoter
chr3	156119578	156120577	KCNAB1	6228	promoter
chr3	156555118	156556117	SSR3	11325	promoter
chr3	156673590	156674589	TIPARP	23696	promoter
chr3	156825353	156826352	LEKR1	33765	promoter
chr3	157160148	157161147	CCNL1	20569	promoter
chr3	157435850	157436849	PTX3	9692	promoter
chr3	157503417	157504416	VEPH1	25735	promoter
chr3	158109089	158110088	RSRC1	24152	promoter
chr3	158106421	158107420	SHOX2	10854	promoter
chr3	158570194	158571193	MLF1	7125	promoter
chr3	158643527	158644526	GFM1	13780	promoter
chr3	158672649	158673648	LXN	13347	promoter
chr3	158801054	158802053	MFSD1	25874	promoter
chr3	158732458	158733457	RARRES1	9867	promoter
chr3	159068319	159069318	IQCJ	32406	promoter
chr3	159272244	159273243	SCHIP1	15678	promoter
chr3	159987835	159988834	IL12A	5969	promoter
chr3	160224422	160225421	C3orf80	40048	promoter
chr3	160398650	160399649	SMC4	14013	promoter
chr3	160399226	160400225	IFT80	29262	promoter
chr3	160449787	160450786	TRIM59	30834	promoter
chr3	160565572	160566571	KPNA4	6397	promoter
chr3	160676160	160677159	ARL14	22974	promoter
chr3	160755231	160756230	PPM1L	16381	promoter
chr3	161220311	161221310	NMD3	24250	promoter
chr3	161105350	161106349	B3GALNT1	918	promoter
chr3	161371518	161372517	SPTSSB	24045	promoter
chr3	161495808	161496807	OTOL1	34071	promoter
chr3	165078497	165079496	SI	10856	promoter
chr3	165196385	165197384	SLITRK3	23501	promoter
chr3	165837424	165838423	BCHE	983	promoter
chr3	167380298	167381297	ZBBX	26245	promoter
chr3	167474043	167475042	SERPINI2	8945	promoter
chr3	167653943	167654942	WDR49	26587	promoter
chr3	167734893	167735892	PDCD10	8761	promoter
chr3	167734721	167735720	SERPINI1	8943	promoter
chr3	168095925	168096924	GOLIM4	15448	promoter
chr3	169663713	169664712	MECOM	3498	promoter
chr3	169769562	169770561	ACTRT3	24022	promoter
chr3	169772396	169773395	MYNN	14955	promoter
chr3	169811870	169812869	LRRIQ4	34298	promoter
chr3	169812905	169813904	LRRC34	28408	promoter
chr3	169869936	169870935	LRRC31	26261	promoter
chr3	169910572	169911571	SAMD7	25394	promoter
chr3	169965807	169966806	SEC62	11846	promoter
chr3	170036995	170037994	GPR160	23693	promoter
chr3	170181734	170182733	PHC3	15682	promoter
chr3	170221424	170222423	PRKCI	9404	promoter
chr3	170356715	170357714	SKIL	10897	promoter
chr3	170417868	170418867	CLDN11	8514	promoter
chr3	170586076	170587075	SLC7A14	29326	promoter
chr3	170870196	170871195	RPL22L1	27610	promoter
chr3	170908638	170909637	EIF5A2	3301	promoter
chr3	171026721	171027720	SLC2A2	11006	promoter
chr3	171460406	171461405	TNIK	30765	promoter
chr3	171810484	171811483	PLD1	9067	promoter
chr3	171842349	171843348	TMEM212	34295	promoter
chr3	172038578	172039577	FNDC3B	24670	promoter
chr3	172448457	172449456	GHSR	4267	promoter
chr3	172523431	172524430	TNFSF10	11925	promoter
chr3	172711068	172712067	NCEH1	29260	promoter
chr3	172749726	172750725	ECT2	3155	promoter
chr3	173141236	173142235	SPATA16	29935	promoter
chr3	173396744	173397743	NLGN1	14291	promoter
chr3	174858334	174859333	NAALADL2	23219	promoter
chr3	177197483	177198482	TBL1XR1	29529	promoter
chr3	178535436	178536435	KCNMB2	6286	promoter
chr3	179071810	179072809	ZMAT3	29983	promoter
chr3	179147357	179148356	PIK3CA	8975	promoter
chr3	179251115	179252114	KCNMB3	6287	promoter
chr3	179322031	179323030	ZNF639	30950	promoter
chr3	179346709	179347708	MFN1	18262	promoter
chr3	179451471	179452470	GNB4	20731	promoter
chr3	179561926	179562925	ACTL6A	24124	promoter
chr3	179604639	179605638	MRPL47	16652	promoter
chr3	179603794	179604793	NDUFB5	7700	promoter
chr3	179652040	179653039	USP13	12611	promoter
chr3	180036938	180037937	PEX5L	30024	promoter
chr3	180601163	180602162	TTC14	24697	promoter
chr3	180679490	180680489	CCDC39	25244	promoter
chr3	180911670	180912669	FXR1	4023	promoter
chr3	180989737	180990736	DNAJC19	30528	promoter
chr3	181710925	181711924	SOX2	11195	promoter
chr3	182792504	182793503	ATP11B	13553	promoter
chr3	182980539	182981538	DCUN1D1	18184	promoter
chr3	183099497	183100496	MCCC1	6936	promoter
chr3	183162735	183163734	LAMP3	14582	promoter
chr3	183252253	183253252	B3GNT5	15684	promoter
chr3	183428620	183429619	MCF2L2	30319	promoter
chr3	183555707	183556706	KLHL6	18653	promoter
chr3	183634623	183635622	KLHL24	25947	promoter
chr3	183696797	183697796	YEATS2	25489	promoter
chr3	183825578	183826577	MAP6D1	25753	promoter
chr3	183884881	183885880	PARL	18253	promoter
chr3	184017885	184018884	ABCC5	56	promoter
chr3	184030742	184031741	HTR3D	24004	promoter
chr3	184052047	184053046	HTR3C	24003	promoter
chr3	184096064	184097063	HTR3E	24005	promoter
chr3	184134358	184135357	EIF2B5	3261	promoter
chr3	184154377	184155376	DVL3	3087	promoter
chr3	184173855	184174854	AP2M1	564	promoter
chr3	184185199	184186198	ABCF3	72	promoter
chr3	184228585	184229584	VWA5B2	25144	promoter
chr3	184248963	184249962	ALG3	23056	promoter
chr3	184248672	184249671	EEF1AKMT4	53611	promoter
chr3	184261554	184262553	CAMK2N2	24197	promoter
chr3	184275022	184276021	ECE2	13275	promoter
chr3	184298241	184299240	PSMD2	9559	promoter
chr3	184313606	184314605	EIF4G1	3296	promoter
chr3	184336600	184337599	FAM131A	28308	promoter
chr3	184361606	184362605	CLCN2	2020	promoter
chr3	184360710	184361709	POLR2H	9195	promoter
chr3	184379054	184380053	CHRD	1949	promoter
chr3	184378208	184379207	THPO	11795	promoter
chr3	184560785	184561784	EPHB3	3394	promoter
chr3	184712065	184713064	MAGEF1	29639	promoter
chr3	184811166	184812165	VPS8	29122	promoter
chr3	185153061	185154060	C3orf70	33731	promoter
chr3	185254050	185255049	EHHADH	3247	promoter
chr3	185362136	185363135	MAP3K13	6852	promoter
chr3	185499036	185500035	TMEM41A	30544	promoter
chr3	185552589	185553588	LIPH	18483	promoter
chr3	185585295	185586294	SENP2	23116	promoter
chr3	185825043	185826042	IGF2BP2	28867	promoter
chr3	185938015	185939014	TRA2B	10781	promoter
chr3	186109090	186110089	ETV5	3494	promoter
chr3	186362235	186363234	DGKG	2853	promoter
chr3	186544381	186545380	CRYGS	2417	promoter
chr3	186569720	186570719	DNAJB11	14889	promoter
chr3	186567340	186568339	TBCCD1	25546	promoter
chr3	186612060	186613059	AHSG	349	promoter
chr3	186639399	186640398	FETUB	3658	promoter
chr3	186665014	186666013	HRG	5181	promoter
chr3	186716359	186717358	KNG1	6383	promoter
chr3	186782577	186783576	EIF4A2	3284	promoter
chr3	186806483	186807482	RFC4	9972	promoter
chr3	186841710	186842709	ADIPOQ	13633	promoter
chr3	186929526	186930525	ST6GAL1	10860	promoter
chr3	187139497	187140496	RPL39L	17094	promoter
chr3	187196486	187197485	RTP1	28580	promoter
chr3	187291738	187292737	MASP1	6901	promoter
chr3	187367385	187368384	RTP4	23992	promoter
chr3	187670395	187671394	SST	11329	promoter
chr3	187702558	187703557	RTP2	32486	promoter
chr3	187745469	187746468	BCL6	1001	promoter
chr3	188153157	188154156	LPP	6679	promoter
chr3	189170971	189171970	TPRG1	24759	promoter
chr3	189630389	189631388	TP63	15979	promoter
chr3	190120898	190121897	P3H2	19317	promoter
chr3	190322447	190323446	CLDN1	2032	promoter
chr3	190387163	190388162	CLDN16	2037	promoter
chr3	190449902	190450901	TMEM207	33705	promoter
chr3	190513085	190514084	IL1RAP	5995	promoter
chr3	190862695	190863694	GMNC	40049	promoter
chr3	191198241	191199240	OSTN	29961	promoter
chr3	191328394	191329393	CCDC50	18111	promoter
chr3	191330527	191331526	UTS2B	30894	promoter
chr3	191460163	191461162	PYDC2	33512	promoter
chr3	192727542	192728541	FGF12	3668	promoter
chr3	192917857	192918856	MB21D2	30438	promoter
chr3	193240222	193241221	PLAAT1	14922	promoter
chr3	193378754	193379753	ATP13A5	31789	promoter
chr3	193554896	193555895	ATP13A4	25422	promoter
chr3	193592208	193593207	OPA1	8140	promoter
chr3	194135148	194136147	HES1	5192	promoter
chr3	194351329	194352328	CPN2	2313	promoter
chr3	194369744	194370743	LRRC15	20818	promoter
chr3	194399267	194400266	GP5	4443	promoter
chr3	194487003	194488002	ATP13A3	24113	promoter
chr3	194633420	194634419	TMEM44	25120	promoter
chr3	194672192	194673191	LSG1	25652	promoter
chr3	194684883	194685882	FAM43A	26888	promoter
chr3	195271160	195272159	XXYLT1	26639	promoter
chr3	195443021	195444020	ACAP2	16469	promoter
chr3	195543326	195544325	PPP1R2	9288	promoter
chr3	195583941	195584940	APOD	612	promoter
chr3	195719978	195720977	MUC20	23282	promoter
chr3	195811930	195812929	MUC4	7514	promoter
chr3	195908552	195909551	TNK2	19297	promoter
chr3	196082091	196083090	TFRC	11763	promoter
chr3	196211401	196212400	ZDHHC19	20713	promoter
chr3	196215534	196216533	SLC51A	29955	promoter
chr3	196287727	196288726	PCYT1A	8754	promoter
chr3	196318241	196319240	DYNLT2B	28482	promoter
chr3	196338389	196339388	TM4SF19	25167	promoter
chr3	196432428	196433427	UBXN7	29119	promoter
chr3	196503769	196504768	RNF168	26661	promoter
chr3	196515347	196516346	SMCO1	27407	promoter
chr3	196567660	196568659	FBXO45	29148	promoter
chr3	196568555	196569554	WDR53	28786	promoter
chr3	196638694	196639693	NRROS	24613	promoter
chr3	196711377	196712376	PIGX	26046	promoter
chr3	196712251	196713250	CEP19	28209	promoter
chr3	196738857	196739856	PAK2	8591	promoter
chr3	196866920	196867919	SENP5	28407	promoter
chr3	196942529	196943528	NCBP2	7659	promoter
chr3	196941674	196942673	NCBP2AS2	25121	promoter
chr3	196968834	196969833	PIGZ	30596	promoter
chr3	197029818	197030817	MELTF	7037	promoter
chr3	197298613	197299612	DLG1	2900	promoter
chr3	197555969	197556968	BDH1	1027	promoter
chr3	197748883	197749882	FYTTD1	25407	promoter
chr3	197736905	197737904	RUBCN	28991	promoter
chr3	197790254	197791253	LRCH3	28637	promoter
chr3	197949190	197950189	RPL35A	10345	promoter
chr3	197959992	197960991	IQCG	25251	promoter
chr3	197959217	197960216	LMLN	15991	promoter
chr4	52321	53320	ZNF595	27196	promoter
chr4	123501	124500	ZNF718	26889	promoter
chr4	305475	306474	ZNF732	37138	promoter
chr4	336814	337813	ZNF141	12926	promoter
chr4	499157	500156	ZNF721	29425	promoter
chr4	498210	499209	PIGG	25985	promoter
chr4	576296	577295	TMEM271	53639	promoter
chr4	624573	625572	PDE6B	8786	promoter
chr4	673542	674541	MYL5	7586	promoter
chr4	674277	675276	ATP5ME	846	promoter
chr4	689152	690151	SLC49A3	26177	promoter
chr4	704832	705831	PCGF3	10066	promoter
chr4	826130	827129	CPLX1	2309	promoter
chr4	932317	933316	GAK	4113	promoter
chr4	931460	932459	TMEM175	28709	promoter
chr4	973570	974569	DGKQ	2856	promoter
chr4	986044	987043	IDUA	5391	promoter
chr4	993405	994404	SLC26A1	10993	promoter
chr4	1010626	1011625	FGFRL1	3693	promoter
chr4	1113565	1114564	RNF212	27729	promoter
chr4	1172584	1173583	SPON2	11253	promoter
chr4	1249131	1250130	CTBP1	2494	promoter
chr4	1288891	1289890	MAEA	13731	promoter
chr4	1346208	1347207	UVSSA	29304	promoter
chr4	1406443	1407442	NKX1-1	24975	promoter
chr4	1684314	1685313	FAM53A	31860	promoter
chr4	1712320	1713319	SLBP	10904	promoter
chr4	1720521	1721520	TACC3	11524	promoter
chr4	1721324	1722323	TMEM129	25137	promoter
chr4	1792293	1793292	FGFR3	3690	promoter
chr4	1856157	1857156	LETM1	6556	promoter
chr4	1870393	1871392	NSD2	12766	promoter
chr4	2008975	2009974	NELFA	12768	promoter
chr4	2040995	2041994	NICOL1	34437	promoter
chr4	2058327	2059326	NAT8L	26742	promoter
chr4	2242122	2243121	POLN	18870	promoter
chr4	2242122	2243121	HAUS3	28719	promoter
chr4	2262110	2263109	MXD4	13906	promoter
chr4	2418646	2419645	ZFYVE28	29334	promoter
chr4	2417955	2418954	CFAP99	51180	promoter
chr4	2468106	2469105	RNF4	10067	promoter
chr4	2535647	2536646	FAM193A	16822	promoter
chr4	2756337	2757336	TNIP2	19118	promoter
chr4	2792085	2793084	SH3BP2	10825	promoter
chr4	2842844	2843843	ADD1	243	promoter
chr4	2934826	2935825	MFSD10	16894	promoter
chr4	2963407	2964406	NOP14	16821	promoter
chr4	2962571	2963570	GRK4	4543	promoter
chr4	3073681	3074680	HTT	4851	promoter
chr4	3248159	3249158	MSANTD1	33741	promoter
chr4	3292021	3293020	RGS12	9994	promoter
chr4	3440968	3441967	HGFAC	4894	promoter
chr4	3462306	3463305	DOK7	26594	promoter
chr4	3532423	3533422	LRPAP1	6701	promoter
chr4	3765385	3766384	ADRA2C	283	promoter
chr4	4226930	4227929	OTOP1	19656	promoter
chr4	4248224	4249223	TMEM128	28201	promoter
chr4	4290155	4291154	LYAR	26021	promoter
chr4	4289251	4290250	ZBTB49	19883	promoter
chr4	4386102	4387101	NSG1	18790	promoter
chr4	4542049	4543048	STX18	15942	promoter
chr4	4858665	4859664	MSX1	7391	promoter
chr4	5019459	5020458	CYTL1	24435	promoter
chr4	5050480	5051479	STK32B	14217	promoter
chr4	5708560	5709559	EVC2	19747	promoter
chr4	5710201	5711200	EVC	3497	promoter
chr4	5893087	5894086	CRMP1	2365	promoter
chr4	6018432	6019431	C4orf50	33766	promoter
chr4	6200550	6201549	JAKMIP1	26460	promoter
chr4	6268850	6269849	WFS1	12762	promoter
chr4	6472615	6473614	PPP2R2C	9306	promoter
chr4	6574189	6575188	MAN2B2	29623	promoter
chr4	6639685	6640684	MRFAP1	24549	promoter
chr4	6673075	6674074	MRFAP1L2	25109	promoter
chr4	6692878	6693877	S100P	10504	promoter
chr4	6709866	6710865	MRFAP1L1	28796	promoter
chr4	6715174	6716173	BLOC1S4	24206	promoter
chr4	6781727	6782726	KIAA0232	28992	promoter
chr4	6908826	6909825	TBC1D14	29246	promoter
chr4	7042372	7043371	TADA2B	30781	promoter
chr4	7043002	7044001	CFAP184	26900	promoter
chr4	7068065	7069064	GRPEL1	19696	promoter
chr4	7191538	7192537	SORCS2	16698	promoter
chr4	7434931	7435930	PSAPL1	33131	promoter
chr4	7939862	7940861	AFAP1	24017	promoter
chr4	8158814	8159813	ABLIM2	19195	promoter
chr4	8198290	8199289	SH3TC1	26009	promoter
chr4	8268754	8269753	HTRA3	30406	promoter
chr4	8439777	8440776	TRMT44	26653	promoter
chr4	8440724	8441723	ACOX3	121	promoter
chr4	8579392	8580391	GPR78	4528	promoter
chr4	8591765	8592764	CPZ	2333	promoter
chr4	8871840	8872839	HMX1	5017	promoter
chr4	9169409	9170408	FAM90A26	43746	promoter
chr4	9209657	9210656	USP17L10	44438	promoter
chr4	9214405	9215404	USP17L11	44439	promoter
chr4	9219152	9220151	USP17L12	44440	promoter
chr4	9223896	9224895	USP17L13	44441	promoter
chr4	9233385	9234384	USP17L15	44443	promoter
chr4	9242879	9243878	USP17L17	44445	promoter
chr4	9247630	9248629	USP17L18	44446	promoter
chr4	9252378	9253377	USP17L19	44447	promoter
chr4	9257124	9258123	USP17L20	44448	promoter
chr4	9261872	9262871	USP17L21	44449	promoter
chr4	9266619	9267618	USP17L22	44450	promoter
chr4	9271364	9272363	USP17L23	44451	promoter
chr4	9324165	9325164	USP17L24	44453	promoter
chr4	9328911	9329910	USP17L25	44452	promoter
chr4	9333658	9334657	USP17L26	44454	promoter
chr4	9338403	9339402	USP17L5	37177	promoter
chr4	9343148	9344147	USP17L27	44455	promoter
chr4	9347893	9348892	USP17L28	44456	promoter
chr4	9352638	9353637	USP17L29	44457	promoter
chr4	9362129	9363128	USP17L30	44458	promoter
chr4	9443414	9444413	DEFB131A	18108	promoter
chr4	9780634	9781633	DRD5	3026	promoter
chr4	10021498	10022497	SLC2A9	13446	promoter
chr4	10116800	10117799	WDR1	12754	promoter
chr4	10457427	10458426	ZNF518B	29365	promoter
chr4	10684769	10685768	CLNK	17438	promoter
chr4	11428895	11429894	HS3ST1	5194	promoter
chr4	13484341	13485340	RAB28	9768	promoter
chr4	13544509	13545508	NKX3-2	951	promoter
chr4	13627726	13628725	BOD1L1	31792	promoter
chr4	15001481	15002480	CPEB2	21745	promoter
chr4	15427033	15428032	C1QTNF7	14342	promoter
chr4	15468882	15469881	CC2D2A	29253	promoter
chr4	15680827	15681826	FAM200B	27740	promoter
chr4	15655358	15656357	FBXL5	13602	promoter
chr4	15702065	15703064	BST1	1118	promoter
chr4	15777328	15778327	CD38	1667	promoter
chr4	15938741	15939740	FGFBP1	19695	promoter
chr4	15963176	15964175	FGFBP2	29451	promoter
chr4	16084024	16085023	PROM1	9454	promoter
chr4	16226472	16227471	TAPT1	26887	promoter
chr4	16898646	16899645	LDB2	6533	promoter
chr4	17512091	17513090	QDPR	9752	promoter
chr4	17514165	17515164	CLRN2	33939	promoter
chr4	17576198	17577197	LAP3	18449	promoter
chr4	17613641	17614640	MED28	24628	promoter
chr4	17781622	17782621	FAM184B	29235	promoter
chr4	17810758	17811757	DCAF16	25987	promoter
chr4	17809979	17810978	NCAPG	24304	promoter
chr4	18021756	18022755	LCORL	30776	promoter
chr4	20250905	20251904	SLIT2	11086	promoter
chr4	20699458	20700457	PACRGL	28442	promoter
chr4	21948773	21949772	KCNIP4	30083	promoter
chr4	22516067	22517066	ADGRA3	13839	promoter
chr4	22691914	22692913	GBA3	19069	promoter
chr4	23890048	23891047	PPARGC1A	9237	promoter
chr4	24584555	24585554	DHX15	2738	promoter
chr4	24794573	24795572	SOD3	11181	promoter
chr4	24913043	24914042	CCDC149	25405	promoter
chr4	25030947	25031946	LGI2	18710	promoter
chr4	25160450	25161449	SEPSECS	30605	promoter
chr4	25233033	25234032	PI4K2B	18215	promoter
chr4	25311774	25312773	ZCCHC4	22917	promoter
chr4	25376263	25377262	ANAPC4	19990	promoter
chr4	25654851	25655850	SLC34A2	11020	promoter
chr4	25913220	25914219	SMIM20	37260	promoter
chr4	25862989	25863988	SEL1L3	29108	promoter
chr4	26320014	26321013	RBPJ	5724	promoter
chr4	26490485	26491484	CCKAR	1570	promoter
chr4	26583084	26584083	TBC1D19	25624	promoter
chr4	26859841	26860840	STIM2	19205	promoter
chr4	30719369	30720368	PCDH7	8659	promoter
chr4	36244515	36245514	ARAP2	16924	promoter
chr4	36280616	36281615	DTHD1	37261	promoter
chr4	37243743	37244742	NWD2	29229	promoter
chr4	37452925	37453924	C4orf19	25618	promoter
chr4	37686377	37687376	RELL1	27379	promoter
chr4	37825686	37826685	PGM2	8906	promoter
chr4	37890084	37891083	TBC1D1	11578	promoter
chr4	37959398	37960397	PTTG2	9691	promoter
chr4	38663199	38664198	KLF3	16516	promoter
chr4	38782991	38783990	TLR10	15634	promoter
chr4	38856818	38857817	TLR6	16711	promoter
chr4	38804792	38805791	TLR1	11847	promoter
chr4	38866806	38867805	FAM114A1	25087	promoter
chr4	39032410	39033409	TMEM156	26260	promoter
chr4	39061232	39062231	KLHL5	6356	promoter
chr4	39181529	39182528	WDR19	18340	promoter
chr4	39366363	39367362	RFC1	9969	promoter
chr4	39405930	39406929	KLB	15527	promoter
chr4	39458923	39459922	RPL9	10369	promoter
chr4	39458056	39459055	LIAS	16429	promoter
chr4	39527440	39528439	UGDH	12525	promoter
chr4	39638866	39639865	SMIM14	27321	promoter
chr4	39697136	39698135	UBE2K	4914	promoter
chr4	39977912	39978911	PDS5A	29088	promoter
chr4	40055850	40056849	N4BP2	29851	promoter
chr4	40196031	40197030	RHOH	686	promoter
chr4	40334333	40335332	CHRNA9	14079	promoter
chr4	40629865	40630864	RBM47	30358	promoter
chr4	40748955	40749954	NSUN7	25857	promoter
chr4	41214543	41215542	APBB2	582	promoter
chr4	41255928	41256927	UCHL1	12513	promoter
chr4	41537157	41538156	LIMCH1	29191	promoter
chr4	41748726	41749725	PHOX2B	9143	promoter
chr4	41934429	41935428	TMEM33	25541	promoter
chr4	41980756	41981755	DCAF4L1	27723	promoter
chr4	41989530	41990529	SLC30A9	1329	promoter
chr4	42152656	42153655	BEND4	23815	promoter
chr4	42396488	42397487	SHISA3	25159	promoter
chr4	42657106	42658105	ATP8A1	13531	promoter
chr4	42891713	42892712	GRXCR1	31673	promoter
chr4	44448810	44449809	KCTD8	22394	promoter
chr4	44677420	44678419	GUF1	25799	promoter
chr4	44651626	44652625	YIPF7	26825	promoter
chr4	44726557	44727556	GNPDA2	21526	promoter
chr4	46124055	46125054	GABRG1	4086	promoter
chr4	46390129	46391128	GABRA2	4076	promoter
chr4	46909246	46910245	COX7B2	24381	promoter
chr4	46993582	46994581	GABRA4	4078	promoter
chr4	47030567	47031566	GABRB1	4081	promoter
chr4	47463703	47464702	COMMD8	26036	promoter
chr4	47484275	47485274	ATP10D	13549	promoter
chr4	47838068	47839067	CORIN	19012	promoter
chr4	48015772	48016771	NIPAL1	27194	promoter
chr4	47914584	47915583	NFXL1	18726	promoter
chr4	48016682	48017681	CNGA1	2148	promoter
chr4	48134251	48135250	TXK	12434	promoter
chr4	48269839	48270838	TEC	11719	promoter
chr4	48340529	48341528	SLAIN2	29282	promoter
chr4	48482343	48483342	SLC10A4	22980	promoter
chr4	48489252	48490251	ZAR1	20436	promoter
chr4	48780280	48781279	FRYL	29127	promoter
chr4	48830088	48831087	OCIAD1	16074	promoter
chr4	48906775	48907774	OCIAD2	28685	promoter
chr4	48985275	48986274	CWH43	26133	promoter
chr4	51842153	51843152	DCUN1D4	28998	promoter
chr4	52020364	52021363	LRRC66	34299	promoter
chr4	52038300	52039299	SGCB	10806	promoter
chr4	52050304	52051303	SPATA18	29579	promoter
chr4	52659302	52660301	USP46	20075	promoter
chr4	52751426	52752425	ERVMER34-1	42970	promoter
chr4	52861317	52862316	RASL11B	23804	promoter
chr4	53366062	53367061	SCFD2	30676	promoter
chr4	53376641	53377640	FIP1L1	19124	promoter
chr4	53591487	53592486	LNX1	6657	promoter
chr4	54064606	54065605	CHIC2	1935	promoter
chr4	54099163	54100162	GSX2	24959	promoter
chr4	54228293	54229292	PDGFRA	8803	promoter
chr4	54656957	54657956	KIT	6342	promoter
chr4	55125596	55126595	KDR	6307	promoter
chr4	55345242	55346241	SRD5A3	25812	promoter
chr4	55394957	55395956	TMEM165	30760	promoter
chr4	55546910	55547909	CLOCK	2082	promoter
chr4	55592246	55593245	PDCL2	29524	promoter
chr4	55636299	55637298	NMU	7859	promoter
chr4	55818790	55819789	EXOC1L	53433	promoter
chr4	55852648	55853647	EXOC1	30380	promoter
chr4	55947945	55948944	CEP135	29086	promoter
chr4	56048098	56049097	CRACD	29219	promoter
chr4	56387492	56388491	AASDH	23993	promoter
chr4	56435616	56436615	PPAT	9238	promoter
chr4	56435260	56436259	PAICS	8587	promoter
chr4	56466617	56467616	SRP72	11303	promoter
chr4	56504791	56505790	ARL9	23592	promoter
chr4	56529606	56530605	SPMAP2L	43771	promoter
chr4	56681297	56682296	HOPX	24961	promoter
chr4	56821702	56822701	SPINK2	11245	promoter
chr4	56906900	56907899	REST	9966	promoter
chr4	56977607	56978606	NOA1	28473	promoter
chr4	56977896	56978895	POLR2B	9188	promoter
chr4	57110386	57111385	IGFBP7	5476	promoter
chr4	61199326	61200325	ADGRL3	20974	promoter
chr4	64409451	64410450	TECRL	27365	promoter
chr4	65670490	65671489	EPHA5	3389	promoter
chr4	67545504	67546503	CENPC	1854	promoter
chr4	67557727	67558726	STAP1	24133	promoter
chr4	67701156	67702155	UBA6	25581	promoter
chr4	67754389	67755388	GNRHR	4421	promoter
chr4	67884003	67885002	TMPRSS11D	24059	promoter
chr4	67963494	67964493	TMPRSS11A	27954	promoter
chr4	68129870	68130869	TMPRSS11F	29994	promoter
chr4	68245695	68246694	TMPRSS11B	25398	promoter
chr4	68350091	68351090	YTHDC1	30626	promoter
chr4	68446463	68447462	TMPRSS11E	24465	promoter
chr4	68576323	68577322	UGT2B17	12547	promoter
chr4	68670653	68671652	UGT2B15	12546	promoter
chr4	68814994	68815993	UGT2B10	12544	promoter
chr4	68951805	68952804	UGT2A3	28528	promoter
chr4	69095474	69096473	UGT2B7	12554	promoter
chr4	69214749	69215748	UGT2B11	12545	promoter
chr4	69279475	69280474	UGT2B28	13479	promoter
chr4	69495906	69496905	UGT2B4	12553	promoter
chr4	69639643	69640642	UGT2A2	28183	promoter
chr4	69653248	69654247	UGT2A1	12542	promoter
chr4	69760621	69761620	SULT1B1	17845	promoter
chr4	69860146	69861145	SULT1E1	11377	promoter
chr4	69930068	69931067	CSN1S1	2445	promoter
chr4	69965729	69966728	CSN2	2447	promoter
chr4	69994966	69995965	STATH	11369	promoter
chr4	70027459	70028458	HTN3	5284	promoter
chr4	70049438	70050437	HTN1	5283	promoter
chr4	70153237	70154236	PRR27	33193	promoter
chr4	70194725	70195724	ODAM	26043	promoter
chr4	70225124	70226123	FDCSP	19215	promoter
chr4	70241597	70242596	CSN3	2446	promoter
chr4	70333981	70334980	CABS1	30710	promoter
chr4	70359760	70360759	SMR3A	19216	promoter
chr4	70382131	70383130	SMR3B	17326	promoter
chr4	70396940	70397939	OPRPN	17279	promoter
chr4	70471197	70472196	MUC7	7518	promoter
chr4	70517569	70518568	AMTN	33188	promoter
chr4	70591256	70592255	AMBN	452	promoter
chr4	70627744	70628743	ENAM	3344	promoter
chr4	70666509	70667508	JCHAIN	5713	promoter
chr4	70687532	70688531	UTP3	24477	promoter
chr4	70720964	70721963	RUFY3	30285	promoter
chr4	70839891	70840890	GRSF1	4610	promoter
chr4	70901369	70902368	MOB1B	29801	promoter
chr4	70992649	70993648	DCK	2704	promoter
chr4	71186259	71187258	SLC4A4	11030	promoter
chr4	71784080	71785079	GC	4187	promoter
chr4	72031000	72031999	NPFFR2	4525	promoter
chr4	72569222	72570221	ADAMTS3	219	promoter
chr4	73069717	73070716	COX18	26801	promoter
chr4	73258799	73259798	ANKRD17	23575	promoter
chr4	73403287	73404286	ALB	399	promoter
chr4	73435221	73436220	AFP	317	promoter
chr4	73480745	73481744	AFM	316	promoter
chr4	73620437	73621436	RASSF6	20796	promoter
chr4	73739569	73740568	CXCL8	6025	promoter
chr4	73835678	73836677	CXCL6	10643	promoter
chr4	73852296	73853295	PF4V1	8862	promoter
chr4	73868393	73869392	CXCL1	4602	promoter
chr4	73982028	73983027	PF4	8861	promoter
chr4	73988191	73989190	PPBP	9240	promoter
chr4	73998678	73999677	CXCL5	10642	promoter
chr4	74038690	74039689	CXCL3	4604	promoter
chr4	74099196	74100195	CXCL2	4603	promoter
chr4	74157118	74158117	MTHFD2L	31865	promoter
chr4	74307470	74308469	EPGN	17470	promoter
chr4	74364145	74365144	EREG	3443	promoter
chr4	74444136	74445135	AREG	651	promoter
chr4	74794524	74795523	BTC	1121	promoter
chr4	74932116	74933115	PARM1	24536	promoter
chr4	75513473	75514472	THAP6	23189	promoter
chr4	75514404	75515403	RCHY1	17479	promoter
chr4	75555066	75556065	ODAPH	26300	promoter
chr4	75630529	75631528	CDKL2	1782	promoter
chr4	75723577	75724576	USO1	30904	promoter
chr4	75673412	75674411	G3BP2	30291	promoter
chr4	75902453	75903452	PPEF2	9244	promoter
chr4	75941014	75942013	NAAA	736	promoter
chr4	75990946	75991945	SDAD1	25537	promoter
chr4	76007510	76008509	CXCL9	7098	promoter
chr4	76073709	76074708	ART3	725	promoter
chr4	76023498	76024497	CXCL10	10637	promoter
chr4	76036071	76037070	CXCL11	10638	promoter
chr4	76148398	76149397	NUP54	17359	promoter
chr4	76250721	76251720	FAM47E	34343	promoter
chr4	76213825	76214824	SCARB2	1665	promoter
chr4	76305733	76306732	STBD1	24854	promoter
chr4	76421142	76422141	CCDC158	26374	promoter
chr4	76434229	76435228	SHROOM3	30422	promoter
chr4	76898145	76899144	SOWAHB	32958	promoter
chr4	76948752	76949751	SEPTIN11	25589	promoter
chr4	77075990	77076989	CCNI	1595	promoter
chr4	77156207	77157206	CCNG2	1593	promoter
chr4	77604820	77605819	CXCL13	10639	promoter
chr4	77819369	77820368	CNOT6L	18042	promoter
chr4	77861830	77862829	MRPL1	14275	promoter
chr4	78056323	78057322	FRAS1	19185	promoter
chr4	78550770	78551769	ANXA3	541	promoter
chr4	78775350	78776349	BMP2K	18041	promoter
chr4	78939439	78940438	PAQR3	30130	promoter
chr4	79326062	79327061	NAA11	28125	promoter
chr4	79408229	79409228	GK2	4291	promoter
chr4	80073230	80074229	ANTXR2	21732	promoter
chr4	80196503	80197502	PRDM8	13993	promoter
chr4	80265664	80266663	FGF5	3683	promoter
chr4	80334730	80335729	CFAP299	28554	promoter
chr4	81029708	81030707	BMP3	1070	promoter
chr4	81215223	81216222	PRKG2	9416	promoter
chr4	81471908	81472907	RASGEF1B	24881	promoter
chr4	82373992	82374991	HNRNPD	5036	promoter
chr4	82430463	82431462	HNRNPDL	5037	promoter
chr4	82429590	82430589	ENOPH1	24599	promoter
chr4	82561989	82562988	TMEM150C	37263	promoter
chr4	82798797	82799796	SCD5	21088	promoter
chr4	82899735	82900734	THAP9	23192	promoter
chr4	82891154	82892153	SEC31A	17052	promoter
chr4	83010824	83011823	LIN54	25397	promoter
chr4	83034183	83035182	COPS4	16702	promoter
chr4	83114730	83115729	PLAC8	19254	promoter
chr4	83284799	83285798	COQ2	25223	promoter
chr4	83334849	83335848	HPSE	5164	promoter
chr4	83455824	83456823	HELQ	18536	promoter
chr4	83455058	83456057	MRPS18C	16633	promoter
chr4	83485101	83486100	ABRAXAS1	25829	promoter
chr4	83535108	83536107	GPAT3	28157	promoter
chr4	84499293	84500292	NKX6-1	7839	promoter
chr4	84582127	84583126	CDS1	1800	promoter
chr4	84966691	84967690	WDFY3	20751	promoter
chr4	85474150	85475149	ARHGAP24	25361	promoter
chr4	86593315	86594314	PTPN13	9646	promoter
chr4	86360054	86361053	MAPK10	6872	promoter
chr4	86849385	86850384	SLC10A6	30603	promoter
chr4	86892423	86893422	C4orf36	28386	promoter
chr4	86934011	86935010	AFF1	7135	promoter
chr4	87220619	87221618	KLHL8	18644	promoter
chr4	87322883	87323882	HSD17B13	18685	promoter
chr4	87391189	87392188	HSD17B11	22960	promoter
chr4	87421573	87422572	NUDT9	8056	promoter
chr4	87471051	87472050	SCPPPQ1	56851	promoter
chr4	87529377	87530376	SPARCL1	11220	promoter
chr4	87607529	87608528	DSPP	3054	promoter
chr4	87649280	87650279	DMP1	2932	promoter
chr4	87798554	87799553	IBSP	5341	promoter
chr4	87831969	87832968	MEPE	13361	promoter
chr4	87974714	87975713	SPP1	11255	promoter
chr4	88006635	88007634	PKD2	9009	promoter
chr4	88158640	88159639	ABCG2	74	promoter
chr4	88284562	88285561	PPM1K	25415	promoter
chr4	88377852	88378851	HERC6	26072	promoter
chr4	88456119	88457118	HERC5	24368	promoter
chr4	88523777	88524776	PYURF	44317	promoter
chr4	88523777	88524776	PIGY	28213	promoter
chr4	88591480	88592479	HERC3	4876	promoter
chr4	88697830	88698829	NAP1L5	19968	promoter
chr4	89057186	89058185	FAM13A	19367	promoter
chr4	89110533	89111532	TIGD2	18333	promoter
chr4	89307801	89308800	GPRIN3	27733	promoter
chr4	89837162	89838161	SNCA	11138	promoter
chr4	89893854	89894853	MMRN1	7178	promoter
chr4	90126394	90127393	CCSER1	29349	promoter
chr4	92302966	92303965	GRID2	4576	promoter
chr4	93827753	93828752	ATOH1	797	promoter
chr4	94206865	94207864	SMARCAD1	18398	promoter
chr4	94342837	94343836	HPGDS	17890	promoter
chr4	94450942	94451941	PDLIM5	17468	promoter
chr4	94756955	94757954	BMPR1B	1077	promoter
chr4	95548974	95549973	UNC5C	12569	promoter
chr4	95839093	95840092	PDHA2	8807	promoter
chr4	98143477	98144476	STPG2	28712	promoter
chr4	98260384	98261383	RAP1GDS1	9859	promoter
chr4	98658612	98659611	TSPAN5	17753	promoter
chr4	98929134	98930133	EIF4E	3287	promoter
chr4	98994721	98995720	METAP1	15789	promoter
chr4	99088789	99089788	ADH5	253	promoter
chr4	99144298	99145297	ADH4	252	promoter
chr4	99219247	99220246	ADH6	255	promoter
chr4	99290986	99291985	ADH1A	249	promoter
chr4	99321402	99322401	ADH1B	250	promoter
chr4	99352747	99353746	ADH1C	251	promoter
chr4	99435343	99436342	ADH7	256	promoter
chr4	99510021	99511020	C4orf17	25274	promoter
chr4	99564040	99565039	TRMT10A	28403	promoter
chr4	99573824	99574823	MTTP	7467	promoter
chr4	99657829	99658828	C4orf54	27741	promoter
chr4	99815827	99816826	DAPP1	16500	promoter
chr4	99894428	99895427	LAMTOR3	15606	promoter
chr4	99946619	99947618	DNAJB14	25881	promoter
chr4	99950276	99951275	H2AZ1	4741	promoter
chr4	100190469	100191468	DDIT4L	30555	promoter
chr4	100518023	100519022	EMCN	16041	promoter
chr4	101347527	101348526	PPP3CA	9314	promoter
chr4	101789730	101790729	BANK1	18233	promoter
chr4	102345483	102346482	SLC39A8	20862	promoter
chr4	102500359	102501358	NFKB1	7794	promoter
chr4	102760969	102761968	MANBA	6831	promoter
chr4	102827552	102828551	UBE2D3	12476	promoter
chr4	102867992	102868991	CISD2	24212	promoter
chr4	103019706	103020705	SLC9B1	24244	promoter
chr4	103076762	103077761	SLC9B2	25143	promoter
chr4	103099835	103100834	BDH2	32389	promoter
chr4	103198344	103199343	CENPE	1856	promoter
chr4	103719986	103720985	TACR3	11528	promoter
chr4	104494895	104495894	CXXC4	24593	promoter
chr4	105145876	105146875	TET2	25941	promoter
chr4	105474063	105475062	PPA2	28883	promoter
chr4	105551620	105552619	ARHGEF38	25968	promoter
chr4	105707784	105708783	GSTCD	25806	promoter
chr4	105894471	105895470	NPNT	27405	promoter
chr4	105708690	105709689	INTS12	25067	promoter
chr4	106315550	106316549	AIMP1	10648	promoter
chr4	106316210	106317209	TBCK	28261	promoter
chr4	106368779	106369778	GIMD1	44141	promoter
chr4	107036314	107037313	DKK2	2892	promoter
chr4	107720235	107721234	PAPSS1	8603	promoter
chr4	107823932	107824931	SGMS2	28395	promoter
chr4	107930549	107931548	CYP2U1	20582	promoter
chr4	107988889	107989888	HADH	4799	promoter
chr4	108168933	108169932	LEF1	6551	promoter
chr4	108619576	108620575	RPL34	10340	promoter
chr4	108649599	108650598	OSTC	24448	promoter
chr4	108763054	108764053	ETNPPL	14404	promoter
chr4	109302659	109303658	COL25A1	18603	promoter
chr4	109432815	109433814	SEC24B	10704	promoter
chr4	109559246	109560245	MCUB	26076	promoter
chr4	109703446	109704445	CASP6	1507	promoter
chr4	109730071	109731070	PLA2G12A	18554	promoter
chr4	109802000	109802999	CFI	5394	promoter
chr4	109814762	109815761	GAR1	14264	promoter
chr4	109826972	109827971	RRH	10450	promoter
chr4	109847107	109848106	LRIT3	24783	promoter
chr4	109911883	109912882	EGF	3229	promoter
chr4	110198616	110199615	ELOVL6	15829	promoter
chr4	110475155	110476154	ENPEP	3355	promoter
chr4	110623078	110624077	PITX2	9005	promoter
chr4	112144454	112145453	FAM241A	26813	promoter
chr4	112230787	112231786	AP1AR	28808	promoter
chr4	112296369	112297368	ALPK1	20917	promoter
chr4	112285905	112286904	TIFA	19075	promoter
chr4	112516181	112517180	NEUROG2	13805	promoter
chr4	112636910	112637909	ZGRF1	25654	promoter
chr4	112636143	112637142	LARP7	24912	promoter
chr4	113048653	113049652	ANK2	493	promoter
chr4	113761739	113762738	CAMK2D	1462	promoter
chr4	113979648	113980647	ARSJ	26286	promoter
chr4	114597807	114598806	UGT8	12555	promoter
chr4	115113621	115114620	NDST4	20779	promoter
chr4	117085577	117086576	TRAM1L1	28371	promoter
chr4	118033486	118034485	NDST3	7682	promoter
chr4	118353004	118354003	PRSS12	9477	promoter
chr4	118684392	118685391	METTL14	29330	promoter
chr4	118836127	118837126	SEC24D	10706	promoter
chr4	118887854	118888853	SYNPO2	17732	promoter
chr4	119134832	119135831	MYOZ2	1330	promoter
chr4	119211713	119212712	USP53	29255	promoter
chr4	119300646	119301645	C4orf3	19225	promoter
chr4	119322139	119323138	FABP2	3556	promoter
chr4	119628805	119629804	PDE5A	8784	promoter
chr4	120066849	120067848	MAD2L1	6763	promoter
chr4	120922727	120923726	PRDM5	9349	promoter
chr4	121072536	121073535	NDNF	26256	promoter
chr4	121164322	121165321	TNIP3	19315	promoter
chr4	121381019	121382018	QRFPR	15565	promoter
chr4	121696981	121697980	ANXA5	543	promoter
chr4	121765165	121766164	SMIM43	55077	promoter
chr4	121800323	121801322	EXOSC9	9137	promoter
chr4	121823884	121824883	CCNA2	1578	promoter
chr4	121870475	121871474	BBS7	18758	promoter
chr4	121952061	121953060	TRPC3	12335	promoter
chr4	122151331	122152330	BLTP1	26953	promoter
chr4	122378011	122379010	ADAD1	30713	promoter
chr4	122456726	122457725	IL2	6001	promoter
chr4	122621067	122622066	IL21	6005	promoter
chr4	122731704	122732703	BBS12	26648	promoter
chr4	122825831	122826830	FGF2	3676	promoter
chr4	122922598	122923597	NUDT6	8053	promoter
chr4	122922078	122923077	AFG2A	18119	promoter
chr4	123395795	123396794	SPRY1	11269	promoter
chr4	124712733	124713732	ANKRD50	29223	promoter
chr4	125313955	125314954	FAT4	23109	promoter
chr4	127631957	127632956	INTU	29239	promoter
chr4	127729400	127730399	SLC25A31	25319	promoter
chr4	127781322	127782321	HSPA4L	17041	promoter
chr4	127879893	127880892	PLK4	11397	promoter
chr4	127964406	127965405	ABHD18	26111	promoter
chr4	127965174	127966173	MFSD8	28486	promoter
chr4	128060312	128061311	LARP1B	24704	promoter
chr4	128287814	128288813	PGRMC2	16089	promoter
chr4	128808700	128809699	JADE1	30027	promoter
chr4	129095152	129096151	C4orf33	27025	promoter
chr4	129093540	129094539	SCLT1	26406	promoter
chr4	133148294	133149293	PCDH10	13404	promoter
chr4	134201790	134202789	PABPC4L	31955	promoter
chr4	137532495	137533494	PCDH18	14268	promoter
chr4	138242350	138243349	SLC7A11	11059	promoter
chr4	139014781	139015780	NOCT	14254	promoter
chr4	139177219	139178218	ELF2	3317	promoter
chr4	139280226	139281225	MGARP	29969	promoter
chr4	139300505	139301504	NAA15	30782	promoter
chr4	139302478	139303477	NDUFC1	7705	promoter
chr4	139453121	139454120	RAB33B	16075	promoter
chr4	139556220	139557219	SETD7	30412	promoter
chr4	139664819	139665818	MGST2	7063	promoter
chr4	140154185	140155184	MAML3	16272	promoter
chr4	140372646	140373645	SCOC	20335	promoter
chr4	140427649	140428648	CLGN	2060	promoter
chr4	140498294	140499293	MGAT4D	43619	promoter
chr4	140523168	140524167	ELMOD2	28111	promoter
chr4	140568962	140569961	UCP1	12517	promoter
chr4	140756386	140757385	TBC1D9	21710	promoter
chr4	141133470	141134469	RNF150	23138	promoter
chr4	141219895	141220894	ZNF330	15462	promoter
chr4	141635583	141636582	IL15	5977	promoter
chr4	142846302	142847301	INPP4B	6075	promoter
chr4	143183917	143184916	USP38	20067	promoter
chr4	143335876	143336875	GAB1	4066	promoter
chr4	143512702	143513701	SMARCA5	11101	promoter
chr4	143700676	143701675	FREM3	25172	promoter
chr4	143905560	143906559	GYPE	4705	promoter
chr4	144019381	144020380	GYPB	4703	promoter
chr4	144140719	144141718	GYPA	4702	promoter
chr4	144645156	144646155	HHIP	14866	promoter
chr4	145097311	145098310	ABCE1	69	promoter
chr4	145098197	145099196	ANAPC10	24077	promoter
chr4	145180590	145181589	OTUD4	24949	promoter
chr4	145480853	145481852	SMAD1	6767	promoter
chr4	145618385	145619384	MMAA	18871	promoter
chr4	145679146	145680145	C4orf51	37264	promoter
chr4	145938824	145939823	ZNF827	27193	promoter
chr4	146174718	146175717	LSM6	17017	promoter
chr4	146213538	146214537	REELD1	53638	promoter
chr4	146521941	146522940	SLC10A7	23088	promoter
chr4	146637893	146638892	POU4F2	9219	promoter
chr4	146945865	146946864	TTC29	29936	promoter
chr4	147480097	147481096	EDNRA	3179	promoter
chr4	147616397	147617396	TMEM184C	25587	promoter
chr4	147684164	147685163	PRMT9	25099	promoter
chr4	147731088	147732087	ARHGAP10	26099	promoter
chr4	148442415	148443414	NR3C2	7979	promoter
chr4	149815844	149816843	IQCM	53443	promoter
chr4	150077445	150078444	DCLK2	19002	promoter
chr4	150581151	150582150	MAB21L2	6758	promoter
chr4	151015285	151016284	LRBA	1742	promoter
chr4	151098628	151099627	RPS3A	10421	promoter
chr4	151276161	151277160	PRSS48	24635	promoter
chr4	151408176	151409175	FHIP1A	34237	promoter
chr4	151325606	151326605	SH3D19	30418	promoter
chr4	151761008	151762007	GATB	8849	promoter
chr4	152536093	152537092	FBXW7	16712	promoter
chr4	152679998	152680997	TMEM154	26489	promoter
chr4	152779731	152780730	TIGD4	18335	promoter
chr4	152778954	152779953	ARFIP1	21496	promoter
chr4	152935323	152936322	FHDC1	29363	promoter
chr4	153203443	153204442	TRIM2	15974	promoter
chr4	153343688	153344687	MND1	24839	promoter
chr4	153465360	153466359	TMEM131L	29146	promoter
chr4	153683280	153684279	TLR2	11848	promoter
chr4	153760025	153761024	RNF175	27735	promoter
chr4	153789084	153790083	SFRP2	10777	promoter
chr4	154491800	154492799	DCHS2	23111	promoter
chr4	154550401	154551400	PLRG1	9089	promoter
chr4	154562011	154563010	FGB	3662	promoter
chr4	154590743	154591742	FGA	3661	promoter
chr4	154612657	154613656	FGG	3694	promoter
chr4	154743000	154743999	LRAT	6685	promoter
chr4	154780272	154781271	RBM46	28401	promoter
chr4	155207636	155208635	NPY2R	7957	promoter
chr4	155376966	155377965	MAP9	26118	promoter
chr4	155665848	155666847	GUCY1A1	4685	promoter
chr4	155758021	155759020	GUCY1B1	4687	promoter
chr4	155902696	155903695	TDO2	11708	promoter
chr4	155866278	155867277	ASIC5	17537	promoter
chr4	155953867	155954866	CTSO	2542	promoter
chr4	156971800	156972799	PDGFC	8801	promoter
chr4	157075150	157076149	GLRB	4329	promoter
chr4	157219728	157220727	GRIA2	4572	promoter
chr4	158173026	158174025	GASK1B	25312	promoter
chr4	158209486	158210485	TMEM144	25633	promoter
chr4	158520882	158521881	RXFP1	19718	promoter
chr4	158671296	158672295	ETFDH	3483	promoter
chr4	158671888	158672887	C4orf46	27320	promoter
chr4	158723397	158724396	PPID	9257	promoter
chr4	158768026	158769025	FNIP2	29280	promoter
chr4	159035230	159036229	SPMIP2	26342	promoter
chr4	159102079	159103078	RAPGEF2	16854	promoter
chr4	162164001	162165000	FSTL5	21386	promoter
chr4	163166891	163167890	NAF1	25126	promoter
chr4	163342892	163343891	NPY5R	7958	promoter
chr4	163332597	163333596	NPY1R	7956	promoter
chr4	163473755	163474754	TKTL2	25313	promoter
chr4	163493690	163494689	TMA16	25638	promoter
chr4	164384020	164385019	MARCHF1	26077	promoter
chr4	164753131	164754130	SMIM31	49638	promoter
chr4	164876178	164877177	APELA	48925	promoter
chr4	164977658	164978657	TRIM61	24339	promoter
chr4	165030999	165031998	TRIM60	21162	promoter
chr4	165052866	165053865	TRIM75	32686	promoter
chr4	165206561	165207560	KLHL2	6353	promoter
chr4	165112861	165113860	TMEM192	26775	promoter
chr4	165279705	165280704	GK3	4292	promoter
chr4	165326669	165327668	MSMO1	10545	promoter
chr4	165378008	165379007	CPE	2303	promoter
chr4	165872237	165873236	TLL1	11843	promoter
chr4	167234495	167235494	SPOCK3	13565	promoter
chr4	168091537	168092536	ANXA10	534	promoter
chr4	168318753	168319752	DDX60	25942	promoter
chr4	168496052	168497051	PALLD	17068	promoter
chr4	168480493	168481492	DDX60L	26429	promoter
chr4	169010256	169011255	CBR4	25891	promoter
chr4	169270957	169271956	SH3RF1	17650	promoter
chr4	169612584	169613583	NEK1	7744	promoter
chr4	169619578	169620577	CLCN3	2021	promoter
chr4	169757945	169758944	HPF1	26051	promoter
chr4	170026396	170027395	MFAP3L	29083	promoter
chr4	170089957	170090956	AADAT	17929	promoter
chr4	171812404	171813403	GALNTL6	33844	promoter
chr4	173167811	173168810	GALNT7	4129	promoter
chr4	173334359	173335358	HMGB2	5000	promoter
chr4	173369954	173370953	SAP30	10532	promoter
chr4	173399117	173400116	SCRG1	17036	promoter
chr4	173530230	173531229	HAND2	4808	promoter
chr4	174283668	174284667	FBXO8	13587	promoter
chr4	174282911	174283910	CEP44	29356	promoter
chr4	174522489	174523488	HPGD	5154	promoter
chr4	174829248	174830247	GLRA3	4328	promoter
chr4	174917358	174918357	ADAM29	207	promoter
chr4	175812265	175813264	GPM6A	4460	promoter
chr4	176064841	176065840	WDR17	16661	promoter
chr4	176195586	176196585	SPATA4	17333	promoter
chr4	176269223	176270222	ASB5	17180	promoter
chr4	176318966	176319965	SPCS3	26212	promoter
chr4	176792923	176793922	VEGFC	12682	promoter
chr4	177308874	177309873	NEIL3	24573	promoter
chr4	177442438	177443437	AGA	318	promoter
chr4	182242402	182243401	TENM3	29944	promoter
chr4	182917387	182918386	DCTD	2710	promoter
chr4	183098257	183099256	WWC2	24148	promoter
chr4	183320277	183321276	CLDN22	2044	promoter
chr4	183322427	183323426	CLDN24	37200	promoter
chr4	183443636	183444635	CDKN2AIP	24325	promoter
chr4	183504058	183505057	ING2	6063	promoter
chr4	183659186	183660185	RWDD4	23750	promoter
chr4	183658293	183659292	TRAPPC11	25751	promoter
chr4	183904307	183905306	STOX2	25450	promoter
chr4	184217874	184218873	ENPP6	23409	promoter
chr4	184474551	184475550	IRF2	6117	promoter
chr4	184648738	184649737	PRIMPOL	26575	promoter
chr4	184649448	184650447	CASP3	1504	promoter
chr4	184734097	184735096	CENPU	21348	promoter
chr4	184825969	184826968	ACSL1	3569	promoter
chr4	185017490	185018489	HELT	33783	promoter
chr4	185142266	185143265	SLC25A4	10990	promoter
chr4	185208598	185209597	SNX25	21883	promoter
chr4	185204001	185205000	CFAP97	29276	promoter
chr4	185395925	185396924	LRP2BP	25434	promoter
chr4	185395841	185396840	ANKRD37	29593	promoter
chr4	185425965	185426964	UFSP2	25640	promoter
chr4	185425254	185426253	CFAP96	34346	promoter
chr4	185471734	185472733	CCDC110	28504	promoter
chr4	185535508	185536507	PDLIM3	20767	promoter
chr4	185812195	185813194	SORBS2	24098	promoter
chr4	186068156	186069155	TLR3	11849	promoter
chr4	186103704	186104703	FAM149A	24527	promoter
chr4	186190567	186191566	CYP4V2	23198	promoter
chr4	186226507	186227506	KLKB1	6371	promoter
chr4	186265189	186266188	F11	3529	promoter
chr4	186555568	186556567	MTNR1A	7463	promoter
chr4	186723857	186724856	FAT1	3595	promoter
chr4	187994771	187995770	ZFP42	30949	promoter
chr4	188109604	188110603	TRIML2	26378	promoter
chr4	188138441	188139440	TRIML1	26698	promoter
chr4	189939872	189940871	FRG1	3954	promoter
chr4	190022666	190023665	DUX4L9	33855	promoter
chr4	190027257	190028256	FRG2	19136	promoter
chr4	190172774	190173773	DUX4	50800	promoter
chr5	91168	92167	PLEKHG4B	29399	promoter
chr5	190495	191494	LRRC14B	37268	promoter
chr5	218154	219153	CCDC127	30520	promoter
chr5	217320	218319	SDHA	10680	promoter
chr5	270646	271645	PDCD6	8765	promoter
chr5	320714	321713	AHRR	346	promoter
chr5	442176	443175	EXOC3	30378	promoter
chr5	524450	525449	SLC9A3	11073	promoter
chr5	611340	612339	CEP72	25547	promoter
chr5	693353	694352	TPPP	24164	promoter
chr5	784730	785729	ZDHHC11B	32962	promoter
chr5	850987	851986	ZDHHC11	19158	promoter
chr5	892802	893801	BRD9	25818	promoter
chr5	891884	892883	TRIP13	12307	promoter
chr5	1007802	1008801	NKD2	17046	promoter
chr5	1112064	1113063	SLC12A7	10915	promoter
chr5	1200595	1201594	SLC6A19	27960	promoter
chr5	1224381	1225380	SLC6A18	26441	promoter
chr5	1295069	1296068	TERT	11730	promoter
chr5	1345100	1346099	CLPTM1L	24308	promoter
chr5	1445441	1446440	SLC6A3	11049	promoter
chr5	1523961	1524960	LPCAT1	25718	promoter
chr5	1799838	1800837	MRPL36	14490	promoter
chr5	1800407	1801406	NDUFS6	7713	promoter
chr5	1882926	1883925	IRX4	6129	promoter
chr5	2751678	2752677	IRX2	14359	promoter
chr5	3594832	3595831	IRX1	14358	promoter
chr5	5139330	5140329	ADAMTS16	17108	promoter
chr5	5421677	5422676	ICE1	29154	promoter
chr5	6378548	6379547	MED10	28760	promoter
chr5	6447859	6448858	UBE2QL1	37269	promoter
chr5	6632440	6633439	SRD5A1	11284	promoter
chr5	6633045	6634044	NSUN2	25994	promoter
chr5	6712432	6713431	TENT4A	16705	promoter
chr5	7395138	7396137	ADCY2	233	promoter
chr5	7851134	7852133	CFAP90	27028	promoter
chr5	7868148	7869147	MTRR	7473	promoter
chr5	7869032	7870031	FASTKD3	28758	promoter
chr5	9546076	9547075	SEMA5A	10736	promoter
chr5	9630352	9631351	TAS2R1	14909	promoter
chr5	10249889	10250888	ATPSCKMT	27029	promoter
chr5	10249280	10250279	CCT5	1618	promoter
chr5	10307903	10308902	CMBL	25090	promoter
chr5	10352695	10353694	MARCHF6	30550	promoter
chr5	10440879	10441878	ROPN1L	24060	promoter
chr5	10563070	10564069	ANKRD33B	35240	promoter
chr5	10761235	10762234	DAP	2672	promoter
chr5	11904447	11905446	CTNND2	2516	promoter
chr5	13944689	13945688	DNAH5	2950	promoter
chr5	14142342	14143341	TRIO	12303	promoter
chr5	14580792	14581791	OTULINL	25629	promoter
chr5	14663718	14664717	OTULIN	25118	promoter
chr5	14871779	14872778	ANKH	15492	promoter
chr5	15499180	15500179	FBXL7	13604	promoter
chr5	16179792	16180791	MARCHF11	33609	promoter
chr5	16465801	16466800	ZNF622	30958	promoter
chr5	16616998	16617997	RETREG1	25964	promoter
chr5	16936289	16937288	MYO10	7593	promoter
chr5	17216631	17217630	BASP1	957	promoter
chr5	17443010	17444009	LINC02218	53085	promoter
chr5	17492077	17493076	H3Y2	43734	promoter
chr5	17497231	17498230	TAF11L2	53845	promoter
chr5	17517367	17518366	TAF11L3	53846	promoter
chr5	17520801	17521800	TAF11L4	53847	promoter
chr5	17524235	17525234	TAF11L5	53848	promoter
chr5	17527669	17528668	TAF11L6	53849	promoter
chr5	17585759	17586758	TAF11L7	53850	promoter
chr5	17590961	17591960	TAF11L8	53851	promoter
chr5	17594395	17595394	TAF11L9	53852	promoter
chr5	17597829	17598828	TAF11L10	53853	promoter
chr5	17603183	17604182	TAF11L11	53854	promoter
chr5	17609392	17610391	TAF11L12	53855	promoter
chr5	17631088	17632087	TAF11L13	53856	promoter
chr5	17633460	17634459	TAF11L14	53857	promoter
chr5	17655850	17656849	H3Y1	43735	promoter
chr5	19988201	19989200	CDH18	1757	promoter
chr5	22853345	22854344	CDH12	1751	promoter
chr5	23506609	23507608	PRDM9	13994	promoter
chr5	24644979	24645978	CDH10	1749	promoter
chr5	27038587	27039586	CDH9	1768	promoter
chr5	31192686	31193685	CDH6	1765	promoter
chr5	31532094	31533093	DROSHA	17904	promoter
chr5	31531301	31532300	C5orf22	25639	promoter
chr5	31638131	31639130	PDZD2	18486	promoter
chr5	32174320	32175319	GOLPH3	15452	promoter
chr5	32312940	32313939	MTMR12	18191	promoter
chr5	32444741	32445740	ZFR	17277	promoter
chr5	32584557	32585556	SUB1	19985	promoter
chr5	32710321	32711320	NPR3	7945	promoter
chr5	33439965	33440964	TARS1	11572	promoter
chr5	33891991	33892990	ADAMTS12	14605	promoter
chr5	33935386	33936385	RXFP3	24883	promoter
chr5	33984694	33985693	SLC45A2	16472	promoter
chr5	34008051	34009050	AMACR	451	promoter
chr5	34043214	34044213	C1QTNF3	14326	promoter
chr5	34655328	34656327	RAI14	14873	promoter
chr5	34838164	34839163	TTC23L	26355	promoter
chr5	34914711	34915710	BRIX1	24170	promoter
chr5	34915505	34916504	RAD1	9806	promoter
chr5	34928559	34929558	DNAJC21	27030	promoter
chr5	35047950	35048949	AGXT2	14412	promoter
chr5	35230488	35231487	PRLR	9446	promoter
chr5	35616863	35617862	SPEF2	26293	promoter
chr5	35855891	35856890	IL7R	6024	promoter
chr5	35938623	35939622	CAPSL	28375	promoter
chr5	35991391	35992390	UGT3A1	26625	promoter
chr5	36066883	36067882	UGT3A2	27266	promoter
chr5	36151888	36152887	LMBRD2	25287	promoter
chr5	36151111	36152110	SKP2	10901	promoter
chr5	36241926	36242925	NADK2	26404	promoter
chr5	36301903	36302902	RANBP3L	26353	promoter
chr5	36605606	36606605	SLC1A3	10941	promoter
chr5	36875769	36876768	NIPBL	28862	promoter
chr5	37249377	37250376	CPLANE1	25801	promoter
chr5	37371107	37372106	NUP155	8063	promoter
chr5	37378318	37379317	WDR70	25495	promoter
chr5	37840042	37841041	GDNF	4232	promoter
chr5	38257559	38258558	EGFLAM	26810	promoter
chr5	38556647	38557646	LIFR	6597	promoter
chr5	38845012	38846011	OSMR	8507	promoter
chr5	39074400	39075399	RICTOR	28611	promoter
chr5	39219564	39220563	FYB1	4036	promoter
chr5	39364496	39365495	C9	1358	promoter
chr5	39424981	39425980	DAB2	2662	promoter
chr5	40678915	40679914	PTGER4	9596	promoter
chr5	40755962	40756961	TTC33	29959	promoter
chr5	40798375	40799374	PRKAA1	9376	promoter
chr5	40835223	40836222	RPL37	10347	promoter
chr5	40840367	40841366	CARD6	16394	promoter
chr5	40908497	40909496	C7	1346	promoter
chr5	41071343	41072342	MROH2B	26857	promoter
chr5	41213533	41214532	C6	1339	promoter
chr5	41510602	41511601	PLCXD3	31822	promoter
chr5	41870426	41871425	OXCT1	8527	promoter
chr5	41903344	41904343	RIMOC1	27750	promoter
chr5	41924281	41925280	FBXO4	13583	promoter
chr5	42422439	42423438	GHR	4263	promoter
chr5	42755818	42756817	CCDC152	34438	promoter
chr5	42811893	42812892	SELENOP	10751	promoter
chr5	43040320	43041319	ANXA2R	33463	promoter
chr5	43119914	43120913	ZNF131	12915	promoter
chr5	43191225	43192224	NIM1K	28646	promoter
chr5	43313413	43314412	HMGCS1	5007	promoter
chr5	43412392	43413391	CCL28	17700	promoter
chr5	43483866	43484865	TMEM267	26139	promoter
chr5	43515149	43516148	C5orf34	24738	promoter
chr5	43557078	43558077	PAIP1	16945	promoter
chr5	43602180	43603179	NNT	7863	promoter
chr5	44389421	44390420	FGF10	3666	promoter
chr5	44807947	44808946	MRPS30	8769	promoter
chr5	45696381	45697380	HCN1	4845	promoter
chr5	50441289	50442288	EMB	30465	promoter
chr5	50665637	50666636	PARP8	26124	promoter
chr5	51382448	51383447	ISL1	6132	promoter
chr5	52786916	52787915	ITGA1	6134	promoter
chr5	52786916	52787915	PELO	8829	promoter
chr5	52988352	52989351	ITGA2	6137	promoter
chr5	53109758	53110757	MOCS2	7193	promoter
chr5	53479629	53480628	FST	3971	promoter
chr5	53559639	53560638	NDUFS4	7711	promoter
chr5	54310574	54311573	ARL15	25945	promoter
chr5	54454699	54455698	HSPB3	5248	promoter
chr5	54516759	54517758	SNX18	19245	promoter
chr5	54985594	54986593	ESM1	3466	promoter
chr5	55023256	55024255	GZMK	4711	promoter
chr5	55101646	55102645	GZMA	4708	promoter
chr5	55159171	55160170	GPX8	33100	promoter
chr5	55173178	55174177	CDC20B	24222	promoter
chr5	55227316	55228315	MCIDAS	40050	promoter
chr5	55233609	55234608	CCNO	18576	promoter
chr5	55307695	55308694	DHX29	15815	promoter
chr5	55306989	55307988	MTREX	18734	promoter
chr5	55534965	55535964	PLPP1	9228	promoter
chr5	55737061	55738060	DDX4	18700	promoter
chr5	55712325	55713324	SLC38A9	26907	promoter
chr5	55850357	55851356	IL31RA	18969	promoter
chr5	55994964	55995963	IL6ST	6021	promoter
chr5	56233331	56234330	ANKRD55	25681	promoter
chr5	56814549	56815548	MAP3K1	6848	promoter
chr5	56908596	56909595	SETD9	28508	promoter
chr5	56952124	56953123	MIER3	26678	promoter
chr5	57173059	57174058	GPBP1	29520	promoter
chr5	57482812	57483811	ACTBL2	17780	promoter
chr5	58460087	58461086	PLK2	19699	promoter
chr5	58490435	58491434	GAPT	26588	promoter
chr5	58582075	58583074	RAB3C	30269	promoter
chr5	59893727	59894726	PDE4D	8783	promoter
chr5	60700167	60701166	DEPDC1B	24902	promoter
chr5	60844270	60845269	ELOVL7	26292	promoter
chr5	60945071	60946070	ERCC8	3439	promoter
chr5	60944205	60945204	NDUFAF2	28086	promoter
chr5	61162469	61163468	SMIM15	33861	promoter
chr5	61331258	61332257	ZSWIM6	29316	promoter
chr5	62305206	62306205	KIF2A	6318	promoter
chr5	62403906	62404905	DIMT1	30217	promoter
chr5	62411763	62412762	IPO11	20628	promoter
chr5	62577819	62578818	LRRC70	35155	promoter
chr5	63962446	63963445	HTR1A	5286	promoter
chr5	64164843	64165842	RNF180	27752	promoter
chr5	64505015	64506014	RGS7BP	23271	promoter
chr5	64689503	64690502	SHISAL2B	34236	promoter
chr5	64767930	64768929	CWC27	10664	promoter
chr5	64768692	64769691	SREK1IP1	26716	promoter
chr5	65481921	65482920	ADAMTS6	222	promoter
chr5	65563169	65564168	CENPK	29479	promoter
chr5	65562296	65563295	PPWD1	28954	promoter
chr5	65624027	65625026	TRAPPC13	25828	promoter
chr5	65624027	65625026	SHLD3	53826	promoter
chr5	65624334	65625333	TRIM23	660	promoter
chr5	65721205	65722204	NLN	16058	promoter
chr5	65722110	65723109	SGTB	23567	promoter
chr5	65925575	65926574	ERBIN	15842	promoter
chr5	66143300	66144299	SREK1	17882	promoter
chr5	66595393	66596392	MAST4	19037	promoter
chr5	67196800	67197799	CD180	6726	promoter
chr5	68214756	68215755	PIK3R1	8979	promoter
chr5	69093014	69094013	SLC30A5	19089	promoter
chr5	69166150	69167149	CCNB1	1579	promoter
chr5	69188583	69189582	CENPH	17268	promoter
chr5	69216760	69217759	KGD4	16631	promoter
chr5	69233886	69234885	CDK7	1778	promoter
chr5	69332802	69333801	CCDC125	28924	promoter
chr5	69368818	69369817	RAD17	9807	promoter
chr5	69369521	69370520	AK6	49151	promoter
chr5	69369521	69370520	TAF9	11542	promoter
chr5	69414116	69415115	MARVELD2	26401	promoter
chr5	69491790	69492789	OCLN	8104	promoter
chr5	69559191	69560190	GTF2H2C	31394	promoter
chr5	70024251	70025250	SERF1B	10756	promoter
chr5	70048669	70049668	SMN2	11118	promoter
chr5	70899669	70900668	SERF1A	10755	promoter
chr5	70924087	70925086	SMN1	11117	promoter
chr5	71025340	71026339	NAIP	7634	promoter
chr5	71067677	71068676	GTF2H2	4656	promoter
chr5	71454651	71455650	BDP1	13652	promoter
chr5	71586340	71587339	MCCC2	6937	promoter
chr5	71718275	71719274	CARTPT	24323	promoter
chr5	72106475	72107474	MAP1B	6836	promoter
chr5	72319373	72320372	PTCD2	25734	promoter
chr5	72320241	72321240	MRPS27	14512	promoter
chr5	72507411	72508410	ZNF366	18316	promoter
chr5	72815661	72816660	TNPO1	6401	promoter
chr5	72955041	72956040	FCHO2	25180	promoter
chr5	73119575	73120574	TMEM171	27031	promoter
chr5	73172193	73173192	TMEM174	28187	promoter
chr5	73448778	73449777	FOXD1	3802	promoter
chr5	73497442	73498441	BTF3	1125	promoter
chr5	73564743	73565742	UTP15	25758	promoter
chr5	73565640	73566639	ANKRA2	13208	promoter
chr5	73625196	73626195	ARHGEF28	30322	promoter
chr5	74684233	74685232	HEXB	4879	promoter
chr5	74640729	74641728	ENC1	3345	promoter
chr5	74766249	74767248	NSA2	30728	promoter
chr5	74767118	74768117	GFM2	29682	promoter
chr5	74866388	74867387	FAM169A	29138	promoter
chr5	75052559	75053558	GCNT4	17973	promoter
chr5	75236879	75237878	ANKRD31	26853	promoter
chr5	75336220	75337219	HMGCR	5006	promoter
chr5	75510891	75511890	POLK	9183	promoter
chr5	75511630	75512629	CERT1	2205	promoter
chr5	75610453	75611452	ANKDD1B	32525	promoter
chr5	75717438	75718437	POC5	26658	promoter
chr5	76082383	76083382	SV2C	30670	promoter
chr5	76402285	76403284	IQGAP2	6111	promoter
chr5	76623404	76624403	F2RL2	3539	promoter
chr5	76715126	76716125	F2R	3537	promoter
chr5	76818030	76819029	F2RL1	3538	promoter
chr5	76849014	76850013	S100Z	30367	promoter
chr5	76952045	76953044	CRHBP	2356	promoter
chr5	77029404	77030403	AGGF1	24684	promoter
chr5	77087286	77088285	ZBED3	20711	promoter
chr5	77209680	77210679	PDE8B	8794	promoter
chr5	77492317	77493316	WDR41	25601	promoter
chr5	77638714	77639713	OTP	8518	promoter
chr5	77776340	77777339	TBCA	11579	promoter
chr5	78294699	78295698	AP3B1	566	promoter
chr5	78359617	78360616	SCAMP1	10563	promoter
chr5	78648773	78649772	LHFPL2	6588	promoter
chr5	78985311	78986310	ARSB	714	promoter
chr5	79068767	79069766	BHMT2	1048	promoter
chr5	79110809	79111808	BHMT	1047	promoter
chr5	79069675	79070674	DMGDH	24475	promoter
chr5	79235131	79236130	JMY	28916	promoter
chr5	79514135	79515134	HOMER1	17512	promoter
chr5	79611441	79612440	TENT2	26776	promoter
chr5	79688836	79689835	CMYA5	14305	promoter
chr5	79991263	79992262	MTX3	24812	promoter
chr5	80034348	80035347	THBS4	11788	promoter
chr5	80256049	80257048	SERINC5	18825	promoter
chr5	80319002	80320001	SPZ1	30721	promoter
chr5	80407064	80408063	ZFYVE16	20756	promoter
chr5	80487100	80488099	FAM151B	33716	promoter
chr5	80570281	80571280	ANKRD34B	33736	promoter
chr5	80653652	80654651	MSH3	7326	promoter
chr5	80654984	80655983	DHFR	2861	promoter
chr5	80959363	80960362	RASGRF2	9876	promoter
chr5	81232322	81233321	CKMT2	1996	promoter
chr5	81300587	81301586	ZCCHC9	25424	promoter
chr5	81394135	81395134	ACOT12	24436	promoter
chr5	81751098	81752097	SSBP2	15831	promoter
chr5	81971023	81972022	ATG10	20315	promoter
chr5	82278355	82279354	RPS23	10410	promoter
chr5	83076547	83077546	XRCC4	12831	promoter
chr5	83077395	83078394	TMEM167A	28330	promoter
chr5	83470744	83471743	VCAN	2464	promoter
chr5	83720856	83721855	HAPLN1	2380	promoter
chr5	84384881	84385880	EDIL3	3173	promoter
chr5	86616941	86617940	COX7C	2292	promoter
chr5	87266883	87267882	RASA1	9871	promoter
chr5	87412931	87413930	CCNH	1594	promoter
chr5	88268846	88269845	TMEM161B	28483	promoter
chr5	88883185	88884184	MEF2C	6996	promoter
chr5	90409757	90410756	CETN3	1868	promoter
chr5	90473864	90474863	POLR3G	30075	promoter
chr5	90474772	90475771	MBLAC2	33711	promoter
chr5	90557797	90558796	ADGRV1	17416	promoter
chr5	90529585	90530584	LYSMD3	26969	promoter
chr5	91383318	91384317	ARRDC3	29263	promoter
chr5	93582222	93583221	NR2F1	7975	promoter
chr5	93741601	93742600	POU5F2	26367	promoter
chr5	94111664	94112663	ARB2A	25365	promoter
chr5	94618605	94619604	KIAA0825	28532	promoter
chr5	94617669	94618668	SLF1	25408	promoter
chr5	95285095	95286094	MCTP1	26183	promoter
chr5	95390366	95391365	FAM81B	26335	promoter
chr5	95554978	95555977	SKIC3	23639	promoter
chr5	95554101	95555100	ARSK	25239	promoter
chr5	95619087	95620086	GPR150	23628	promoter
chr5	95645777	95646776	RFESD	29587	promoter
chr5	95682992	95683991	SPATA9	22988	promoter
chr5	95730336	95731335	RHOBTB3	18757	promoter
chr5	95822727	95823726	GLRX	4330	promoter
chr5	95961852	95962851	ELL2	17064	promoter
chr5	96661376	96662375	CAST	1515	promoter
chr5	96433249	96434248	PCSK1	8743	promoter
chr5	96807946	96808945	ERAP1	18173	promoter
chr5	96875500	96876499	ERAP2	29499	promoter
chr5	96935080	96936079	LNPEP	6656	promoter
chr5	97142612	97143611	LIX1	18581	promoter
chr5	97183248	97184247	RIOK2	18999	promoter
chr5	98772663	98773662	RGMB	26896	promoter
chr5	98929008	98930007	CHD1	1915	promoter
chr5	100534374	100535373	FAM174A	24943	promoter
chr5	100903283	100904282	ST8SIA4	10871	promoter
chr5	102296285	102297284	SLCO4C1	23612	promoter
chr5	102499002	102500001	SLCO6A1	23613	promoter
chr5	102754305	102755304	PAM	8596	promoter
chr5	103120139	103121138	GIN1	25959	promoter
chr5	103119301	103120300	PPIP5K2	29035	promoter
chr5	103257763	103258762	MACIR	25052	promoter
chr5	103562790	103563789	NUDT12	18826	promoter
chr5	107670938	107671937	EFNA5	3225	promoter
chr5	108382099	108383098	FBXL17	13615	promoter
chr5	108746897	108747896	FER	3655	promoter
chr5	109409975	109410974	PJA2	17481	promoter
chr5	109688927	109689926	MAN2A1	6824	promoter
chr5	110738007	110739006	SLC25A46	25198	promoter
chr5	110726672	110727671	TMEM232	37270	promoter
chr5	111070713	111071712	TSLP	30743	promoter
chr5	111091348	111092347	WDR36	30696	promoter
chr5	111223384	111224383	CAMK4	1464	promoter
chr5	111512536	111513535	STARD4	18058	promoter
chr5	111757195	111758194	NREP	16834	promoter
chr5	112419278	112420277	EPB41L4A	13278	promoter
chr5	112736885	112737884	APC	583	promoter
chr5	112860287	112861286	SRP19	11300	promoter
chr5	112922228	112923227	REEP5	30077	promoter
chr5	112975798	112976797	DCP2	24452	promoter
chr5	113434990	113435989	TSSK1B	14968	promoter
chr5	113488454	113489453	MCC	6935	promoter
chr5	113512694	113513693	YTHDC2	24721	promoter
chr5	114361070	114362069	KCNN2	6291	promoter
chr5	115169909	115170908	TRIM36	16280	promoter
chr5	115262878	115263877	PGGT1B	8895	promoter
chr5	115296655	115297654	CCDC112	28599	promoter
chr5	115544776	115545775	FEM1C	16933	promoter
chr5	115602480	115603479	TICAM2	21354	promoter
chr5	115626037	115627036	TMED7	24253	promoter
chr5	115816660	115817659	CDO1	1795	promoter
chr5	115840935	115841934	AP3S1	2013	promoter
chr5	115841566	115842565	ATG12	588	promoter
chr5	115961475	115962474	LVRN	26904	promoter
chr5	116031472	116032471	ARL14EPL	44201	promoter
chr5	116084025	116085024	COMMD10	30201	promoter
chr5	116574824	116575823	SEMA6A	10738	promoter
chr5	118988548	118989547	DTWD2	19334	promoter
chr5	119070087	119071086	DMXL1	2937	promoter
chr5	119355019	119356018	TNFAIP8	17260	promoter
chr5	119451497	119452496	HSD17B4	5213	promoter
chr5	119628558	119629557	FAM170A	27963	promoter
chr5	120463300	120464299	PRR16	29654	promoter
chr5	121850882	121851881	FTMT	17345	promoter
chr5	121960975	121961974	SRFBP1	26333	promoter
chr5	122078260	122079259	LOX	6664	promoter
chr5	122128546	122129545	ZNF474	23245	promoter
chr5	122159176	122160175	ZNF475	53564	promoter
chr5	122311237	122312236	SNCAIP	11139	promoter
chr5	122774080	122775079	SNX2	11173	promoter
chr5	122844613	122845612	SNX24	21533	promoter
chr5	123036726	123037725	PPIC	9256	promoter
chr5	123088241	123089240	PRDM6	9350	promoter
chr5	123423404	123424403	CEP120	26690	promoter
chr5	123511177	123512176	CSNK1G3	2456	promoter
chr5	124746640	124747639	ZNF608	29238	promoter
chr5	126422409	126423408	GRAMD2B	24911	promoter
chr5	126595220	126596219	ALDH7A1	877	promoter
chr5	126599947	126600946	PHAX	10241	promoter
chr5	126630705	126631704	SPMIP10	33767	promoter
chr5	126776136	126777135	LMNB1	6637	promoter
chr5	127030559	127031558	MARCHF3	28728	promoter
chr5	127073503	127074502	C5orf63	40051	promoter
chr5	127289796	127290795	MEGF10	29634	promoter
chr5	127516640	127517639	PRRC1	28164	promoter
chr5	127648082	127649081	CTXN3	31110	promoter
chr5	127702391	127703390	CCDC192	49566	promoter
chr5	128082766	128083765	SLC12A2	10911	promoter
chr5	128964488	128965487	SLC27A6	11000	promoter
chr5	128538246	128539245	FBN2	3604	promoter
chr5	129093749	129094748	ISOC1	24254	promoter
chr5	129459298	129460297	ADAMTS19	17111	promoter
chr5	129747094	129748093	MINAR2	33914	promoter
chr5	129903465	129904464	CHSY3	24293	promoter
chr5	131169944	131170943	LYRM7	28072	promoter
chr5	131165257	131166256	HINT1	4912	promoter
chr5	131263053	131264052	CDC42SE2	18547	promoter
chr5	131635230	131636229	RAPGEF6	20655	promoter
chr5	131797018	131798017	FNIP1	29418	promoter
chr5	131945664	131946663	MEIKIN	51253	promoter
chr5	132011659	132012658	ACSL6	16496	promoter
chr5	132059655	132060654	IL3	6011	promoter
chr5	132072789	132073788	CSF2	2434	promoter
chr5	132256696	132257695	PDLIM4	16501	promoter
chr5	132293394	132294393	SLC22A4	10968	promoter
chr5	132227854	132228853	P4HA2	8547	promoter
chr5	132368710	132369709	SLC22A5	10969	promoter
chr5	132490774	132491773	IRF1	6116	promoter
chr5	132555977	132556976	RAD50	9816	promoter
chr5	132543523	132544522	IL5	6016	promoter
chr5	132657173	132658172	IL13	5973	promoter
chr5	132672989	132673988	IL4	6014	promoter
chr5	132737547	132738546	KIF3A	6319	promoter
chr5	132746426	132747425	CCNI2	33869	promoter
chr5	132777240	132778239	SEPTIN8	16511	promoter
chr5	132812302	132813301	SOWAHA	27033	promoter
chr5	132830648	132831647	SHROOM1	24084	promoter
chr5	132865642	132866641	UQCRQ	29594	promoter
chr5	132866470	132867469	GDF9	4224	promoter
chr5	132872668	132873667	LEAP2	29571	promoter
chr5	132963635	132964634	AFF4	17869	promoter
chr5	133026550	133027549	ZCCHC10	25954	promoter
chr5	133051013	133052012	HSPA4	5237	promoter
chr5	133612542	133613541	FSTL4	21389	promoter
chr5	133968626	133969625	C5orf15	20656	promoter
chr5	134004976	134005975	VDAC1	12669	promoter
chr5	134113681	134114680	TCF7	11639	promoter
chr5	134176951	134177950	SKP1	10899	promoter
chr5	134226074	134227073	PPP2CA	9299	promoter
chr5	134367172	134368171	CDKL3	15483	promoter
chr5	134370569	134371568	UBE2B	12473	promoter
chr5	134411882	134412881	CDKN2AIPNL	30545	promoter
chr5	134524670	134525669	JADE2	22984	promoter
chr5	134647785	134648784	SEC24A	10703	promoter
chr5	134632829	134633828	SAR1B	10535	promoter
chr5	134737548	134738547	CAMLG	1471	promoter
chr5	134757779	134758778	DDX46	18681	promoter
chr5	134844968	134845967	C5orf24	26746	promoter
chr5	134873371	134874370	TXNDC15	20652	promoter
chr5	134904131	134905130	PCBD2	24474	promoter
chr5	134966907	134967906	CATSPER3	20819	promoter
chr5	135034229	135035228	PITX1	9004	promoter
chr5	135399232	135400231	MACROH2A1	4740	promoter
chr5	135447349	135448348	DCANP1	24459	promoter
chr5	135452352	135453351	TIFAB	34024	promoter
chr5	135833663	135834662	SLC25A48	30451	promoter
chr5	135535965	135536964	NEUROG1	7764	promoter
chr5	135578992	135579991	CXCL14	10640	promoter
chr5	135895842	135896841	IL9	6029	promoter
chr5	135954984	135955983	LECT2	6550	promoter
chr5	136027988	136028987	TGFBI	11771	promoter
chr5	136131845	136132844	SMAD5	6771	promoter
chr5	136193163	136194162	SMIM32	53640	promoter
chr5	136365546	136366545	TRPC7	20754	promoter
chr5	137499327	137500326	SPOCK1	11251	promoter
chr5	137736090	137737089	KLHL3	6354	promoter
chr5	137754364	137755363	HNRNPA0	5030	promoter
chr5	137866860	137867859	MYOT	12399	promoter
chr5	137888457	137889456	PKD2L2	9012	promoter
chr5	138033080	138034079	FAM13B	1335	promoter
chr5	138083033	138084032	WNT8A	12788	promoter
chr5	138139429	138140428	NME5	7853	promoter
chr5	138178112	138179111	KIF20A	9787	promoter
chr5	138178631	138179630	BRD8	19874	promoter
chr5	138213324	138214323	CDC23	1724	promoter
chr5	138274622	138275621	GFRA3	4245	promoter
chr5	138337266	138338265	FAM53C	1336	promoter
chr5	138331805	138332804	CDC25C	1727	promoter
chr5	138351685	138352684	KDM3B	1337	promoter
chr5	138438057	138439056	REEP2	17975	promoter
chr5	138464479	138465478	EGR1	3238	promoter
chr5	138543237	138544236	ETF1	3477	promoter
chr5	138575402	138576401	HSPA9	5244	promoter
chr5	138752425	138753424	CTNNA1	2509	promoter
chr5	138875336	138876335	LRRTM2	19409	promoter
chr5	139198369	139199368	SIL1	24624	promoter
chr5	139292740	139293739	MATR3	6912	promoter
chr5	139340854	139341853	PAIP2	17970	promoter
chr5	139383298	139384297	SLC23A1	10974	promoter
chr5	139389914	139390913	MZB1	30125	promoter
chr5	139395105	139396104	PROB1	41906	promoter
chr5	139404090	139405089	SPATA24	27322	promoter
chr5	139439526	139440525	DNAJC18	28429	promoter
chr5	139462744	139463743	ECSCR	35454	promoter
chr5	139470004	139471003	SMIM33	53645	promoter
chr5	139482759	139483758	STING1	27962	promoter
chr5	139560339	139561338	UBE2D2	12475	promoter
chr5	139647349	139648348	CXXC5	26943	promoter
chr5	139794808	139795807	PSD2	19092	promoter
chr5	140043300	140044299	NRG2	7998	promoter
chr5	140113109	140114108	PURA	9701	promoter
chr5	140124937	140125936	IGIP	33847	promoter
chr5	140174188	140175187	CYSTM1	30239	promoter
chr5	140303102	140304101	PFDN1	8866	promoter
chr5	140346604	140347603	HBEGF	3059	promoter
chr5	140359194	140360193	SLC4A9	11035	promoter
chr5	140400833	140401832	ANKHD1	24714	promoter
chr5	140546662	140547661	EIF4EBP3	3290	promoter
chr5	140557474	140558473	SRA1	11281	promoter
chr5	140564599	140565598	APBB3	20708	promoter
chr5	140563828	140564827	SLC35A4	20753	promoter
chr5	140633176	140634175	CD14	1628	promoter
chr5	140638451	140639450	TMCO6	28814	promoter
chr5	140646829	140647828	IK	5958	promoter
chr5	140647631	140648630	NDUFA2	7685	promoter
chr5	140663904	140664903	WDR55	25971	promoter
chr5	140673577	140674576	DND1	23799	promoter
chr5	140690455	140691454	HARS2	4817	promoter
chr5	140691371	140692370	HARS1	4816	promoter
chr5	140699447	140700446	ZMAT2	26433	promoter
chr5	140785140	140786139	PCDHA1	8663	promoter
chr5	140793852	140794851	PCDHA2	8668	promoter
chr5	140800057	140801056	PCDHA3	8669	promoter
chr5	140806068	140807067	PCDHA4	8670	promoter
chr5	140820613	140821612	PCDHA5	8671	promoter
chr5	140826960	140827959	PCDHA6	8672	promoter
chr5	140833269	140834268	PCDHA7	8673	promoter
chr5	140840187	140841186	PCDHA8	8674	promoter
chr5	140847382	140848381	PCDHA9	8675	promoter
chr5	140854897	140855896	PCDHA10	8664	promoter
chr5	140867957	140868956	PCDHA11	8665	promoter
chr5	140874308	140875307	PCDHA12	8666	promoter
chr5	140881124	140882123	PCDHA13	8667	promoter
chr5	140925299	140926298	PCDHAC1	8676	promoter
chr5	140965476	140966475	PCDHAC2	8677	promoter
chr5	141050374	141051373	PCDHB1	8680	promoter
chr5	141093615	141094614	PCDHB2	8687	promoter
chr5	141099473	141100472	PCDHB3	8688	promoter
chr5	141120818	141121817	PCDHB4	8689	promoter
chr5	141134206	141135205	PCDHB5	8690	promoter
chr5	141149057	141150056	PCDHB6	8691	promoter
chr5	141171644	141172643	PCDHB7	8692	promoter
chr5	141176790	141177789	PCDHB8	8693	promoter
chr5	141181387	141182386	PCDHB16	14546	promoter
chr5	141186161	141187160	PCDHB9	8694	promoter
chr5	141191353	141192352	PCDHB10	8681	promoter
chr5	141198627	141199626	PCDHB11	8682	promoter
chr5	141207719	141208718	PCDHB12	8683	promoter
chr5	141212919	141213918	PCDHB13	8684	promoter
chr5	141222343	141223342	PCDHB14	8685	promoter
chr5	141244395	141245394	PCDHB15	8686	promoter
chr5	141304050	141305049	SLC25A2	22921	promoter
chr5	141320785	141321784	TAF7	11541	promoter
chr5	141329514	141330513	PCDHGA1	8696	promoter
chr5	141337760	141338759	PCDHGA2	8700	promoter
chr5	141342829	141343828	PCDHGA3	8701	promoter
chr5	141349099	141350098	PCDHGB1	8708	promoter
chr5	141354021	141355020	PCDHGA4	8702	promoter
chr5	141358994	141359993	PCDHGB2	8709	promoter
chr5	141363162	141364161	PCDHGA5	8703	promoter
chr5	141369242	141370241	PCDHGB3	8710	promoter
chr5	141372891	141373890	PCDHGA6	8704	promoter
chr5	141381742	141382741	PCDHGA7	8705	promoter
chr5	141386698	141387697	PCDHGB4	8711	promoter
chr5	141391633	141392632	PCDHGA8	8706	promoter
chr5	141396947	141397946	PCDHGB5	8712	promoter
chr5	141401778	141402777	PCDHGA9	8707	promoter
chr5	141407021	141408020	PCDHGB6	8713	promoter
chr5	141411987	141412986	PCDHGA10	8697	promoter
chr5	141416677	141417676	PCDHGB7	8714	promoter
chr5	141420051	141421050	PCDHGA11	8698	promoter
chr5	141429507	141430506	PCDHGA12	8699	promoter
chr5	141474966	141475965	PCDHGC3	8716	promoter
chr5	141484030	141485029	PCDHGC4	8717	promoter
chr5	141488081	141489080	PCDHGC5	8718	promoter
chr5	141619001	141620000	DIAPH1	2876	promoter
chr5	141636850	141637849	HDAC3	4854	promoter
chr5	141635997	141636996	RELL2	26902	promoter
chr5	141651419	141652418	FCHSD1	25463	promoter
chr5	141682231	141683230	ARAP3	24097	promoter
chr5	141878411	141879410	PCDH1	8655	promoter
chr5	141922871	141923870	DELE1	28969	promoter
chr5	141968105	141969104	RNF14	10058	promoter
chr5	141958203	141959202	PCDH12	8657	promoter
chr5	142013028	142014027	GNPDA1	4417	promoter
chr5	142107779	142108778	NDFIP1	17592	promoter
chr5	142325022	142326021	SPRY4	15533	promoter
chr5	142686091	142687090	FGF1	3665	promoter
chr5	142769377	142770376	ARHGAP26	17073	promoter
chr5	143403687	143404686	NR3C1	7978	promoter
chr5	143811161	143812160	HMHB1	29677	promoter
chr5	144170660	144171659	YIPF5	24877	promoter
chr5	144169873	144170872	KCTD16	29244	promoter
chr5	145835343	145836342	PRELID2	28306	promoter
chr5	145935578	145936577	SH3RF2	26299	promoter
chr5	145873015	145874014	GRXCR2	33862	promoter
chr5	146105578	146106577	PLAC8L1	31746	promoter
chr5	146182651	146183650	LARS1	6512	promoter
chr5	146202605	146203604	RBM27	29243	promoter
chr5	146337839	146338838	POU4F3	9220	promoter
chr5	146446333	146447332	TCERG1	15630	promoter
chr5	146516191	146517190	GPR151	23624	promoter
chr5	146878758	146879757	PPP2R2B	9305	promoter
chr5	147234026	147235025	STK32A	28317	promoter
chr5	147510069	147511068	DPYSL3	3015	promoter
chr5	147782729	147783728	JAKMIP2	29067	promoter
chr5	147831672	147832671	SPINK1	11244	promoter
chr5	147877711	147878710	SCGB3A2	18391	promoter
chr5	147906539	147907538	C5orf46	33768	promoter
chr5	148062980	148063979	SPINK5	15464	promoter
chr5	148167546	148168545	SPINK14	33825	promoter
chr5	148202042	148203041	SPINK6	29486	promoter
chr5	148237525	148238524	MARCOL	53644	promoter
chr5	148267794	148268793	SPINK13	27200	promoter
chr5	148311423	148312422	SPINK7	24643	promoter
chr5	148334559	148335558	SPINK9	32951	promoter
chr5	148382958	148383957	FBXO38	28844	promoter
chr5	148654528	148655527	HTR4	5299	promoter
chr5	148825611	148826610	ADRB2	286	promoter
chr5	149063063	149064062	SH3TC2	29427	promoter
chr5	149140493	149141492	ABLIM3	29132	promoter
chr5	149270859	149271858	AFAP1L1	26714	promoter
chr5	149344499	149345498	GRPEL2	21060	promoter
chr5	149357046	149358045	PCYOX1L	28477	promoter
chr5	149379293	149380292	IL17B	5982	promoter
chr5	149551440	149552439	CSNK1A1	2451	promoter
chr5	149580498	149581497	ARHGEF37	34430	promoter
chr5	149729310	149730309	PPARGC1B	30022	promoter
chr5	149944794	149945793	PDE6A	8785	promoter
chr5	149959758	149960757	SLC26A2	10994	promoter
chr5	149999739	150000738	HMGXB3	28982	promoter
chr5	150000655	150001654	TIGD6	18332	promoter
chr5	150086555	150087554	CSF1R	2433	promoter
chr5	150155846	150156845	PDGFRB	8804	promoter
chr5	150165778	150166777	CDX1	1805	promoter
chr5	150189062	150190061	SLC6A7	11054	promoter
chr5	150289774	150290773	CAMK2A	1460	promoter
chr5	150302906	150303905	ARSI	32521	promoter
chr5	150356697	150357696	TCOF1	11654	promoter
chr5	150412911	150413910	CD74	1697	promoter
chr5	150449740	150450739	RPS14	10387	promoter
chr5	150507131	150508130	NDST1	7680	promoter
chr5	150639660	150640659	SYNPO	30672	promoter
chr5	150660251	150661250	MYOZ3	18565	promoter
chr5	150701063	150702062	RBM22	25503	promoter
chr5	150759018	150760017	DCTN4	15518	promoter
chr5	150777757	150778756	SMIM3	30248	promoter
chr5	150845521	150846520	IRGM	29597	promoter
chr5	150904981	150905980	ZNF300	13091	promoter
chr5	151019591	151020590	GPX3	4555	promoter
chr5	151081035	151082034	TNIP1	16903	promoter
chr5	151157780	151158779	ANXA6	544	promoter
chr5	151252185	151253184	GM2A	4367	promoter
chr5	151224093	151225092	CCDC69	24487	promoter
chr5	151303767	151304766	SLC36A3	19659	promoter
chr5	151347560	151348559	SLC36A2	18762	promoter
chr5	151446603	151447602	SLC36A1	18761	promoter
chr5	151591332	151592331	FAT2	3596	promoter
chr5	151686916	151687915	SPARC	11219	promoter
chr5	151770954	151771953	G3BP1	30292	promoter
chr5	151758632	151759631	ATOX1	798	promoter
chr5	151924852	151925851	GLRA1	4326	promoter
chr5	152405280	152406279	NMUR2	16454	promoter
chr5	153489670	153490669	GRIA1	4571	promoter
chr5	154038911	154039910	FAM114A2	1333	promoter
chr5	154037967	154038966	MFAP3	7034	promoter
chr5	154189733	154190732	GALNT10	19873	promoter
chr5	154444997	154445996	SAP30L	25663	promoter
chr5	154478228	154479227	HAND1	4807	promoter
chr5	154754377	154755376	LARP1	29531	promoter
chr5	154857627	154858626	CNOT8	9207	promoter
chr5	154850604	154851603	FAXDC2	1334	promoter
chr5	154938212	154939211	GEMIN5	20043	promoter
chr5	154940073	154941072	MRPL22	14480	promoter
chr5	155012755	155013754	KIF4B	6322	promoter
chr5	156326164	156327163	SGCD	10807	promoter
chr5	156849295	156850294	PPP1R2B	16318	promoter
chr5	156963227	156964226	TIMD4	25132	promoter
chr5	157059117	157060116	HAVCR1	17866	promoter
chr5	157109045	157110044	HAVCR2	18437	promoter
chr5	157179840	157180839	ITK	6171	promoter
chr5	157142866	157143865	MED7	2378	promoter
chr5	157166265	157167264	GARIN3	28397	promoter
chr5	157265123	157266122	CYFIP2	13760	promoter
chr5	157345678	157346677	FNDC9	33547	promoter
chr5	157459213	157460212	NIPAL4	28018	promoter
chr5	157575776	157576775	ADAM19	197	promoter
chr5	157652439	157653438	SOX30	30635	promoter
chr5	157670533	157671532	C5orf52	35121	promoter
chr5	157730420	157731419	THG1L	26053	promoter
chr5	157742712	157743711	LSM11	30860	promoter
chr5	157859146	157860145	CLINT1	23186	promoter
chr5	159099917	159100916	EBF1	3126	promoter
chr5	159209554	159210553	RNF145	20853	promoter
chr5	159262290	159263289	UBLCP1	28110	promoter
chr5	159330488	159331487	IL12B	5970	promoter
chr5	159915482	159916481	ADRA1B	278	promoter
chr5	160008139	160009138	TTC1	12391	promoter
chr5	160119451	160120450	PWWP2A	29406	promoter
chr5	160228506	160229505	FABP6	3561	promoter
chr5	160312565	160313564	CCNJL	25876	promoter
chr5	160370627	160371626	C1QTNF2	14325	promoter
chr5	160400055	160401054	FAM200C	30804	promoter
chr5	160419082	160420081	SLU7	16939	promoter
chr5	160420855	160421854	PTTG1	9690	promoter
chr5	160852212	160853211	ATP10B	13543	promoter
chr5	161684721	161685720	GABRA6	4080	promoter
chr5	161546726	161547725	GABRB2	4082	promoter
chr5	161847120	161848119	GABRA1	4075	promoter
chr5	162066773	162067772	GABRG2	4087	promoter
chr5	163436595	163437594	CCNG1	1592	promoter
chr5	163459632	163460631	HMMR	5012	promoter
chr5	163460103	163461102	NUDCD2	30535	promoter
chr5	163504619	163505618	MAT2B	6905	promoter
chr5	166978029	166979028	TENM2	29943	promoter
chr5	168290645	168291644	WWC1	29435	promoter
chr5	168485471	168486470	RARS1	9870	promoter
chr5	168528305	168529304	FBLL1	35458	promoter
chr5	168579369	168580368	PANK3	19365	promoter
chr5	169301140	169302139	SLIT3	11087	promoter
chr5	169582773	169583772	SPDL1	26010	promoter
chr5	169636275	169637274	DOCK2	2988	promoter
chr5	169980496	169981495	INSYN2B	37271	promoter
chr5	170104897	170105896	FOXI1	3815	promoter
chr5	170231985	170232984	C5orf58	37272	promoter
chr5	170297778	170298777	LCP2	6529	promoter
chr5	170503020	170504019	KCNIP1	15521	promoter
chr5	170389368	170390367	KCNMB1	6285	promoter
chr5	170782725	170783724	GABRP	4089	promoter
chr5	170861018	170862017	RANBP17	14428	promoter
chr5	171308248	171309247	TLX3	13532	promoter
chr5	171386849	171387848	NPM1	7910	promoter
chr5	171418647	171419646	FGF18	3674	promoter
chr5	171784817	171785816	SMIM23	34440	promoter
chr5	172006639	172007638	FBXW11	13607	promoter
chr5	172188225	172189224	STK10	11388	promoter
chr5	172193172	172194171	EFCAB9	34530	promoter
chr5	172283765	172284764	UBTD2	24463	promoter
chr5	172454526	172455525	SH3PXD2B	29242	promoter
chr5	172640263	172641262	NEURL1B	35422	promoter
chr5	172771196	172772195	DUSP1	3064	promoter
chr5	172833251	172834250	ERGIC1	29205	promoter
chr5	172958424	172959423	RPL26L1	17050	promoter
chr5	172982771	172983770	ATP6V0E1	863	promoter
chr5	173055352	173056351	CREBRF	24050	promoter
chr5	173143531	173144530	BNIP1	1082	promoter
chr5	173235207	173236206	NKX2-5	2488	promoter
chr5	173328415	173329414	STC2	11374	promoter
chr5	173616651	173617650	BOD1	25114	promoter
chr5	173887349	173888348	CPEB4	21747	promoter
chr5	173988170	173989169	C5orf47	27026	promoter
chr5	174044706	174045705	NSG2	24955	promoter
chr5	174723582	174724581	MSX2	7392	promoter
chr5	175444183	175445182	DRD1	3020	promoter
chr5	175477560	175478559	SFXN1	16085	promoter
chr5	175657071	175658070	HRH2	5183	promoter
chr5	175870578	175871577	CPLX2	2310	promoter
chr5	175968316	175969315	THOC3	19072	promoter
chr5	176237424	176238423	SIMC1	24779	promoter
chr5	176361765	176362764	KIAA1191	29209	promoter
chr5	176364487	176365486	ARL10	22042	promoter
chr5	176387751	176388750	HIGD2A	28311	promoter
chr5	176388599	176389598	NOP16	26934	promoter
chr5	176416540	176417539	CLTB	2091	promoter
chr5	176447385	176448384	FAF2	24666	promoter
chr5	176537403	176538402	RNF44	19180	promoter
chr5	176548342	176549341	CDHR2	18231	promoter
chr5	176610157	176611156	GPRIN1	24835	promoter
chr5	176630535	176631534	SNCB	11140	promoter
chr5	176629675	176630674	EIF4E1B	33179	promoter
chr5	176646484	176647483	TSPAN17	13594	promoter
chr5	176809559	176810558	UNC5A	12567	promoter
chr5	176899347	176900346	HK3	4925	promoter
chr5	177006780	177007779	UIMC1	30298	promoter
chr5	177021696	177022695	ZNF346	16403	promoter
chr5	177085915	177086914	FGFR4	3691	promoter
chr5	177132773	177133772	NSD1	14234	promoter
chr5	177303720	177304719	RAB24	9765	promoter
chr5	177302799	177303798	PRELID1	30255	promoter
chr5	177311899	177312898	MXD3	14008	promoter
chr5	177351669	177352668	LMAN2	16986	promoter
chr5	177356924	177357923	RGS14	9996	promoter
chr5	177383434	177384433	SLC34A1	11019	promoter
chr5	177400662	177401661	PFN3	18627	promoter
chr5	177425676	177426675	GRK6	4545	promoter
chr5	177409565	177410564	F12	3530	promoter
chr5	177445814	177446813	PRR7	28130	promoter
chr5	177473635	177474634	DBN1	2695	promoter
chr5	177497605	177498604	PDLIM7	22958	promoter
chr5	177509827	177510826	DOK3	24583	promoter
chr5	177516962	177517961	DDX41	18674	promoter
chr5	177554564	177555563	FAM193B	25524	promoter
chr5	177591203	177592202	TMED9	24878	promoter
chr5	177599132	177600131	B4GALT7	930	promoter
chr5	177782900	177783899	FAM153A	29940	promoter
chr5	177996243	177997242	PROP1	9455	promoter
chr5	178029524	178030523	FAM153CP	33936	promoter
chr5	178112532	178113531	N4BP3	29852	promoter
chr5	178130014	178131013	RMND5B	26181	promoter
chr5	178153886	178154885	NHP2	14377	promoter
chr5	178187372	178188371	GMCL2	19717	promoter
chr5	178203533	178204532	HNRNPAB	5034	promoter
chr5	178232803	178233802	PHYKPL	28249	promoter
chr5	178590394	178591393	COL23A1	22990	promoter
chr5	178627051	178628050	CLK4	13659	promoter
chr5	178697762	178698761	MSANTD5	55184	promoter
chr5	178730660	178731659	ZNF354A	11628	promoter
chr5	178858953	178859952	ZNF354B	17197	promoter
chr5	178894913	178895912	ZFP2	26138	promoter
chr5	178940198	178941197	ZNF454	21200	promoter
chr5	178995321	178996320	GRM6	4598	promoter
chr5	179022804	179023803	ZNF879	37273	promoter
chr5	179059373	179060372	ZNF354C	16736	promoter
chr5	179345462	179346461	ADAMTS2	218	promoter
chr5	179549554	179550553	RUFY1	19760	promoter
chr5	179623672	179624671	HNRNPH1	5041	promoter
chr5	179645047	179646046	SPATA31J1	27753	promoter
chr5	179697967	179698966	CANX	1473	promoter
chr5	179681035	179682034	CBY3	33278	promoter
chr5	179731822	179732821	MAML1	13632	promoter
chr5	179792986	179793985	LTC4S	6719	promoter
chr5	179819905	179820904	SQSTM1	11280	promoter
chr5	179806867	179807866	MGAT4B	7048	promoter
chr5	179858818	179859817	MRNIP	30817	promoter
chr5	179907898	179908897	TBC1D9B	29097	promoter
chr5	180071760	180072759	RNF130	18280	promoter
chr5	180209212	180210211	RASGEF1C	27400	promoter
chr5	180292084	180293083	MAPK9	6886	promoter
chr5	180353337	180354336	GFPT2	4242	promoter
chr5	180493379	180494378	CNOT6	14099	promoter
chr5	180591500	180592499	SCGB3A1	18384	promoter
chr5	180649601	180650600	FLT4	3767	promoter
chr5	180740059	180741058	OR2Y1	14837	promoter
chr5	180802807	180803806	MGAT1	7044	promoter
chr5	180861277	180862276	ZFP62	23241	promoter
chr5	180898159	180899158	BTNL8	26131	promoter
chr5	180987846	180988845	BTNL3	1143	promoter
chr5	181039266	181040265	BTNL9	24176	promoter
chr5	181131170	181132169	OR2V1	8280	promoter
chr5	181146586	181147585	OR2V2	15341	promoter
chr5	181205197	181206196	TRIM7	16278	promoter
chr5	181222281	181223280	TRIM41	19013	promoter
chr5	181243907	181244906	RACK1	4399	promoter
chr5	181261144	181262143	TRIM52	19024	promoter
chr5	181366268	181367267	OR4F3	8300	promoter
chr6	291487	292486	DUSP22	16077	promoter
chr6	390752	391751	IRF4	6119	promoter
chr6	657101	658100	HUS1B	16485	promoter
chr6	693140	694139	EXOC2	24968	promoter
chr6	1311098	1312097	FOXQ1	20951	promoter
chr6	1388576	1389575	FOXF2	3810	promoter
chr6	1608915	1609914	FOXC1	3800	promoter
chr6	2245606	2246605	GMDS	4369	promoter
chr6	2764393	2765392	WRNIP1	20876	promoter
chr6	2750923	2751922	MYLK4	27972	promoter
chr6	2841864	2842863	SERPINB1	3311	promoter
chr6	2903310	2904309	SERPINB9	8955	promoter
chr6	2971568	2972567	SERPINB6	8950	promoter
chr6	2998894	2999893	NQO2	7856	promoter
chr6	3067494	3068493	RIPK1	10019	promoter
chr6	3117711	3118710	BPHL	1094	promoter
chr6	3157545	3158544	TUBB2A	12412	promoter
chr6	3257947	3258946	PSMG4	21108	promoter
chr6	3227654	3228653	TUBB2B	30829	promoter
chr6	3457051	3458050	SLC22A23	21106	promoter
chr6	3751714	3752713	PXDC1	21361	promoter
chr6	3848373	3849372	FAM50B	18789	promoter
chr6	4020300	4021299	PRP4K	17346	promoter
chr6	4079138	4080137	FAM217A	21362	promoter
chr6	4135576	4136575	ECI2	14601	promoter
chr6	4775404	4776403	CDYL	1811	promoter
chr6	5004038	5005037	RPP40	20992	promoter
chr6	5084341	5085340	PPP1R3G	14945	promoter
chr6	5260951	5261950	LYRM4	21365	promoter
chr6	5260513	5261512	FARS2	21062	promoter
chr6	6006926	6007925	NRN1	17972	promoter
chr6	6320663	6321662	F13A1	3531	promoter
chr6	6587720	6588719	LY86	16837	promoter
chr6	7106961	7107960	RREB1	10449	promoter
chr6	7313200	7314199	SSR1	11323	promoter
chr6	7389743	7390742	CAGE1	21622	promoter
chr6	7388808	7389807	RIOK1	18656	promoter
chr6	7540671	7541670	DSP	3052	promoter
chr6	7589198	7590197	SNRNP48	21368	promoter
chr6	7725099	7726098	BMP6	1073	promoter
chr6	7910789	7911788	TXNDC5	21073	promoter
chr6	8064390	8065389	BLOC1S5	18561	promoter
chr6	8102549	8103548	EEF1E1	3212	promoter
chr6	8435546	8436545	SLC35B3	21601	promoter
chr6	10415075	10416074	TFAP2A	11742	promoter
chr6	10520351	10521350	GCNT2	4204	promoter
chr6	10694617	10695616	C6orf52	20881	promoter
chr6	10693972	10694971	PAK1IP1	20882	promoter
chr6	10722070	10723069	TMEM14C	20952	promoter
chr6	10746805	10747804	TMEM14B	21384	promoter
chr6	10838540	10839539	MAK	6816	promoter
chr6	10882042	10883041	GCM2	4198	promoter
chr6	10886052	10887051	SYCP2L	21537	promoter
chr6	11044306	11045305	ELOVL2	14416	promoter
chr6	11092834	11093833	SMIM13	27356	promoter
chr6	11111726	11112725	ERVFRD-1	33823	promoter
chr6	11232669	11233668	NEDD9	7733	promoter
chr6	11536749	11537748	TMEM170B	34244	promoter
chr6	11778804	11779803	ADTRP	21214	promoter
chr6	12011312	12012311	HIVEP1	4920	promoter
chr6	12289361	12290360	EDN1	3176	promoter
chr6	12715767	12716766	PHACTR1	20990	promoter
chr6	13328538	13329537	TBC1D7	21066	promoter
chr6	13487601	13488600	GFOD1	21096	promoter
chr6	13573601	13574600	SIRT5	14933	promoter
chr6	13614335	13615334	NOL7	21040	promoter
chr6	13711836	13712835	RANBP9	13727	promoter
chr6	13814558	13815557	MCUR1	21097	promoter
chr6	13923952	13924951	RNF182	28522	promoter
chr6	14116772	14117771	CD83	1703	promoter
chr6	15245069	15246068	JARID2	6196	promoter
chr6	15663029	15664028	DTNBP1	17328	promoter
chr6	16128086	16129085	MYLIP	21155	promoter
chr6	16237587	16238586	GMPR	4376	promoter
chr6	16761461	16762460	ATXN1	10548	promoter
chr6	17101050	17102049	STMND1	44668	promoter
chr6	17280361	17281360	RBM24	21539	promoter
chr6	17392595	17393594	CAP2	20039	promoter
chr6	17599302	17600301	FAM8A1	16372	promoter
chr6	17706926	17707925	NUP153	8062	promoter
chr6	17987636	17988635	KIF13A	14566	promoter
chr6	18122678	18123677	NHLRC1	21576	promoter
chr6	18155078	18156077	TPMT	12014	promoter
chr6	18154422	18155421	KDM1B	21577	promoter
chr6	18264531	18265530	DEK	2768	promoter
chr6	18386350	18387349	RNF144B	21578	promoter
chr6	19836370	19837369	ID4	5363	promoter
chr6	20212470	20213469	MBOAT1	21579	promoter
chr6	20400879	20401878	E2F3	3115	promoter
chr6	20533457	20534456	CDKAL1	21050	promoter
chr6	21592751	21593750	SOX4	11200	promoter
chr6	22297037	22298036	PRL	9445	promoter
chr6	22568566	22569565	HDGFL1	21095	promoter
chr6	24125215	24126214	NRSN1	17881	promoter
chr6	24358060	24359059	DCDC2	18141	promoter
chr6	24401936	24402935	MRS2	13785	promoter
chr6	24493969	24494968	ALDH5A1	408	promoter
chr6	24489579	24490578	GPLD1	4459	promoter
chr6	24646192	24647191	KIAA0319	21580	promoter
chr6	24666900	24667899	TDP2	17768	promoter
chr6	24666077	24667076	ACOT13	20999	promoter
chr6	24719155	24720154	C6orf62	20998	promoter
chr6	24773937	24774936	GMNN	17493	promoter
chr6	24798918	24799917	ARMH2	49394	promoter
chr6	24935961	24936960	RIPOR2	13872	promoter
chr6	25278374	25279373	CARMIL1	21581	promoter
chr6	25651215	25652214	SCGN	16941	promoter
chr6	25726563	25727562	H2AC1	18729	promoter
chr6	25725777	25726776	H2BC1	18730	promoter
chr6	25753742	25754741	SLC17A4	10932	promoter
chr6	25832053	25833052	SLC17A1	10929	promoter
chr6	25874244	25875243	SLC17A3	10931	promoter
chr6	25930692	25931691	SLC17A2	10930	promoter
chr6	25961802	25962801	TRIM38	10059	promoter
chr6	26017788	26018787	H1-1	4715	promoter
chr6	26019451	26020450	H3C1	4766	promoter
chr6	26020649	26021648	H4C1	4781	promoter
chr6	26027284	26028283	H4C2	4789	promoter
chr6	26032100	26033099	H3C2	4776	promoter
chr6	26033619	26034618	H2AC4	4734	promoter
chr6	26043714	26044713	H2BC3	4751	promoter
chr6	26044384	26045383	H3C3	4768	promoter
chr6	26056471	26057470	H1-2	4716	promoter
chr6	26086429	26087428	HFE	4886	promoter
chr6	26102933	26103932	H4C3	4787	promoter
chr6	26108136	26109135	H1-6	4720	promoter
chr6	26123927	26124926	H2BC4	4757	promoter
chr6	26123172	26124171	H2AC6	4733	promoter
chr6	26155329	26156328	H1-4	4718	promoter
chr6	26157122	26158121	H2BC5	4747	promoter
chr6	26182761	26183760	H2BC6	4753	promoter
chr6	26189113	26190112	H4C4	4782	promoter
chr6	26197287	26198286	H3C4	4767	promoter
chr6	26199294	26200293	H2AC7	4729	promoter
chr6	26198516	26199515	H2BC7	4752	promoter
chr6	26203610	26204609	H4C5	4790	promoter
chr6	26216689	26217688	H2BC8	4746	promoter
chr6	26215921	26216920	H2AC8	4724	promoter
chr6	26224135	26225134	H3C6	4769	promoter
chr6	26234988	26235987	H1-3	4717	promoter
chr6	26239393	26240392	H4C6	4783	promoter
chr6	26246997	26247996	H4C7	4792	promoter
chr6	26250636	26251635	H3C7	4773	promoter
chr6	26250614	26251613	H2BC9	4755	promoter
chr6	26271414	26272413	H3C8	4772	promoter
chr6	26271931	26272930	H2BC10	4756	promoter
chr6	26285535	26286534	H4C8	4788	promoter
chr6	26364198	26365197	BTN3A2	1139	promoter
chr6	26382108	26383107	BTN2A2	1137	promoter
chr6	26401275	26402274	BTN3A1	1138	promoter
chr6	26439504	26440503	BTN3A3	1140	promoter
chr6	26456955	26457954	BTN2A1	1136	promoter
chr6	26499303	26500302	BTN1A1	1135	promoter
chr6	26537366	26538365	HMGN4	4989	promoter
chr6	26595953	26596952	ABT1	17369	promoter
chr6	26659747	26660746	ZNF322	23640	promoter
chr6	27132796	27133795	H2BC11	4761	promoter
chr6	27132043	27133042	H2AC11	4737	promoter
chr6	27138282	27139281	H4C9	4793	promoter
chr6	27146856	27147855	H2BC12	13954	promoter
chr6	27146106	27147105	H2AC12	13671	promoter
chr6	27246701	27247700	PRSS16	9480	promoter
chr6	27312274	27313273	POM121L2	13973	promoter
chr6	27387759	27388758	ZNF391	18779	promoter
chr6	27473106	27474105	ZNF184	12975	promoter
chr6	27807930	27808929	H2BC13	4748	promoter
chr6	27807173	27808172	H2AC13	4725	promoter
chr6	27809051	27810050	H3C10	4775	promoter
chr6	27814778	27815777	H2AC14	4727	promoter
chr6	27814022	27815021	H2BC14	4750	promoter
chr6	27823092	27824091	H4C11	4785	promoter
chr6	27831561	27832560	H4C12	4784	promoter
chr6	27838376	27839375	H2AC15	4726	promoter
chr6	27837569	27838568	H2BC15	4749	promoter
chr6	27864317	27865316	H2AC16	4730	promoter
chr6	27867589	27868588	H1-5	4719	promoter
chr6	27872347	27873346	H3C11	4771	promoter
chr6	27873535	27874534	H4C13	4791	promoter
chr6	27890827	27891826	H3C12	4774	promoter
chr6	27893186	27894185	H2AC17	4735	promoter
chr6	27892425	27893424	H2BC17	4758	promoter
chr6	27912397	27913396	OR2B2	13966	promoter
chr6	27956241	27957240	OR2B6	8241	promoter
chr6	28054166	28055165	OR2B8P	13968	promoter
chr6	28079568	28080567	ZNF165	12953	promoter
chr6	28123609	28124608	ZSCAN16	20813	promoter
chr6	28140883	28141882	ZKSCAN8	12983	promoter
chr6	28160781	28161780	ZKSCAN8P1	18777	promoter
chr6	28224275	28225274	ZSCAN9	12984	promoter
chr6	28252270	28253269	ZKSCAN4	13854	promoter
chr6	28258297	28259296	NKAPL	21584	promoter
chr6	28266143	28267142	ZSCAN26	12978	promoter
chr6	28280572	28281571	PGBD1	19398	promoter
chr6	28348947	28349946	ZKSCAN3	13853	promoter
chr6	28336149	28337148	ZSCAN31	14097	promoter
chr6	28399748	28400747	ZSCAN12	13172	promoter
chr6	28443492	28444491	ZSCAN23	21193	promoter
chr6	28524881	28525880	GPX5	4557	promoter
chr6	28515794	28516793	GPX6	4558	promoter
chr6	28587299	28588298	SCAND3	13851	promoter
chr6	28923986	28924985	TRIM27	9975	promoter
chr6	29005316	29006315	ZNF311	13847	promoter
chr6	29045176	29046175	OR2W1	8281	promoter
chr6	29087314	29088313	OR2B3	8238	promoter
chr6	29098490	29099489	OR2J1	8259	promoter
chr6	29107058	29108057	OR2J3	8261	promoter
chr6	29169907	29170906	OR2J2	8260	promoter
chr6	29300701	29301700	OR14J1	13971	promoter
chr6	29375292	29376291	OR12D3	13963	promoter
chr6	29394631	29395630	OR12D2	8178	promoter
chr6	29413928	29414927	OR12D1	8177	promoter
chr6	29368866	29369865	OR5V1	13972	promoter
chr6	29438306	29439305	OR10C1	8165	promoter
chr6	29457072	29458071	OR11A1	8176	promoter
chr6	29456155	29457154	OR2H1	8252	promoter
chr6	29487957	29488956	MAS1L	13961	promoter
chr6	29549407	29550406	OR2I1P	8258	promoter
chr6	29559733	29560732	UBD	18795	promoter
chr6	29584121	29585120	OR2H2	8253	promoter
chr6	29633184	29634183	GABBR1	4070	promoter
chr6	29656092	29657091	MOG	7197	promoter
chr6	29681153	29682152	ZFP57	18791	promoter
chr6	29722434	29723433	HLA-F	4963	promoter
chr6	29826825	29827824	HLA-G	4964	promoter
chr6	29941532	29942531	HLA-A	4931	promoter
chr6	30060265	30061264	POLR1H	13182	promoter
chr6	30066198	30067197	PPP1R11	9285	promoter
chr6	30075770	30076769	RNF39	18064	promoter
chr6	30113091	30114090	TRIM31	16289	promoter
chr6	30135140	30136139	TRIM40	18736	promoter
chr6	30161212	30162211	TRIM10	10072	promoter
chr6	30162546	30163545	TRIM15	16284	promoter
chr6	30213407	30214406	TRIM26	12962	promoter
chr6	30325927	30326926	TRIM39	10065	promoter
chr6	30344156	30345155	RPP21	21300	promoter
chr6	30488509	30489508	HLA-E	4962	promoter
chr6	30556490	30557489	GNL1	4413	promoter
chr6	30556295	30557294	PRR3	21149	promoter
chr6	30570442	30571441	ABCF1	70	promoter
chr6	30616840	30617839	MRPS18B	14516	promoter
chr6	30617244	30618243	PPP1R10	9284	promoter
chr6	30625874	30626873	ATAT1	21186	promoter
chr6	30646133	30647132	C6orf136	21301	promoter
chr6	30673007	30674006	DHX16	2739	promoter
chr6	30686646	30687645	PPP1R18	29413	promoter
chr6	30690985	30691984	NRM	8003	promoter
chr6	30719352	30720351	TUBB	20778	promoter
chr6	30717282	30718281	MDC1	21163	promoter
chr6	30742688	30743687	FLOT1	3757	promoter
chr6	30744548	30745547	IER3	5392	promoter
chr6	30883519	30884518	DDR1	2730	promoter
chr6	30907207	30908206	GTF2H4	4658	promoter
chr6	30913238	30914237	VARS2	21642	promoter
chr6	30939973	30940972	MUCL3	21666	promoter
chr6	30932171	30933170	SFTA2	18386	promoter
chr6	30982718	30983717	MUC21	21661	promoter
chr6	31009474	31010473	MUC22	39755	promoter
chr6	31112576	31113575	C6orf15	13927	promoter
chr6	31113800	31114799	PSORS1C1	17202	promoter
chr6	31120447	31121446	CDSN	1802	promoter
chr6	31139067	31140066	PSORS1C2	17199	promoter
chr6	31157803	31158802	CCHCR1	13930	promoter
chr6	31157589	31158588	TCF19	11629	promoter
chr6	31170683	31171682	POU5F1	9221	promoter
chr6	31272093	31273092	HLA-C	4933	promoter
chr6	31357180	31358179	HLA-B	4932	promoter
chr6	31402595	31403594	MICA	7090	promoter
chr6	31497145	31498144	MICB	7091	promoter
chr6	31527962	31528961	MCCD1	20668	promoter
chr6	31542004	31543003	DDX39B	13917	promoter
chr6	31546608	31547607	NFKBIL1	7800	promoter
chr6	31546609	31547608	ATP6V1G2	862	promoter
chr6	31571289	31572288	LTA	6709	promoter
chr6	31574565	31575564	TNF	11892	promoter
chr6	31582425	31583424	LTB	6711	promoter
chr6	31585277	31586276	LST1	14189	promoter
chr6	31593007	31594006	NCR3	19077	promoter
chr6	31614234	31615233	AIF1	352	promoter
chr6	31619715	31620714	PRRC2A	13918	promoter
chr6	31654894	31655893	APOM	13916	promoter
chr6	31652662	31653661	BAG6	13919	promoter
chr6	31660779	31661778	C6orf47	19076	promoter
chr6	31665080	31666079	CSNK2B	2460	promoter
chr6	31664998	31665997	GPANK1	13920	promoter
chr6	31668976	31669975	LY6G5B	13931	promoter
chr6	31681068	31682067	LY6G5C	13932	promoter
chr6	31703325	31704324	ABHD16A	13921	promoter
chr6	31705866	31706865	LY6G6F	13933	promoter
chr6	31714348	31715347	LY6G6D	13935	promoter
chr6	31722373	31723372	MPIG6B	13937	promoter
chr6	31721747	31722746	LY6G6C	13936	promoter
chr6	31729300	31730299	DDAH2	2716	promoter
chr6	31739005	31740004	MSH5	7328	promoter
chr6	31736531	31737530	CLIC1	2062	promoter
chr6	31761656	31762655	SAPCD1	13938	promoter
chr6	31777329	31778328	VWA7	13939	promoter
chr6	31795753	31796752	VARS1	12651	promoter
chr6	31806967	31807966	LSM2	13940	promoter
chr6	31815284	31816283	HSPA1L	5234	promoter
chr6	31814543	31815542	HSPA1A	5232	promoter
chr6	31826738	31827737	HSPA1B	5233	promoter
chr6	31862822	31863821	NEU1	7758	promoter
chr6	31878998	31879997	SLC44A4	13941	promoter
chr6	31897699	31898698	EHMT2	14129	promoter
chr6	31926717	31927716	C2	1248	promoter
chr6	31902087	31903086	ZBTB12	19066	promoter
chr6	31945095	31946094	CFB	1037	promoter
chr6	31958972	31959971	NELFE	13974	promoter
chr6	31958175	31959174	SKIC2	10898	promoter
chr6	31971363	31972362	STK19	11398	promoter
chr6	31972139	31973138	DXO	2992	promoter
chr6	31981057	31982056	C4A	1323	promoter
chr6	32013795	32014794	C4B	1324	promoter
chr6	32037415	32038414	CYP21A2	2600	promoter
chr6	32109339	32110338	TNXB	11976	promoter
chr6	32128247	32129246	ATF6B	2349	promoter
chr6	32130289	32131288	FKBPL	13949	promoter
chr6	32151940	32152939	PRRT1	13943	promoter
chr6	32153141	32154140	PPT2	9326	promoter
chr6	32163595	32164594	EGFL8	13944	promoter
chr6	32176085	32177084	AGPAT1	324	promoter
chr6	32177405	32178404	RNF5	10068	promoter
chr6	32184254	32185253	AGER	320	promoter
chr6	32190203	32191202	PBX2	8633	promoter
chr6	32192644	32193643	GPSM3	13945	promoter
chr6	32224068	32225067	NOTCH4	7884	promoter
chr6	32371904	32372903	TSBP1	13922	promoter
chr6	32407182	32408181	BTNL2	1142	promoter
chr6	32438887	32439886	HLA-DRA	4947	promoter
chr6	32530288	32531287	HLA-DRB5	4953	promoter
chr6	32589849	32590848	HLA-DRB1	4948	promoter
chr6	32636406	32637405	HLA-DQA1	4942	promoter
chr6	32666658	32667657	HLA-DQB1	4944	promoter
chr6	32740391	32741390	HLA-DQA2	4943	promoter
chr6	32763533	32764532	HLA-DQB2	4945	promoter
chr6	32817003	32818002	HLA-DOB	4937	promoter
chr6	32838740	32839739	TAP2	44	promoter
chr6	32853192	32854191	PSMB9	9546	promoter
chr6	32844048	32845047	PSMB8	9545	promoter
chr6	32853705	32854704	TAP1	43	promoter
chr6	32941029	32942028	HLA-DMB	4935	promoter
chr6	32967594	32968593	BRD2	1103	promoter
chr6	32953098	32954097	HLA-DMA	4934	promoter
chr6	33009592	33010591	HLA-DOA	4936	promoter
chr6	33074990	33075989	HLA-DPB1	4940	promoter
chr6	33073650	33074649	HLA-DPA1	4938	promoter
chr6	33192468	33193467	COL11A2	2187	promoter
chr6	33199867	33200866	SLC39A7	4927	promoter
chr6	33200666	33201665	RXRB	10478	promoter
chr6	33203655	33204654	HSD17B8	3554	promoter
chr6	33207500	33208499	RING1	10018	promoter
chr6	33271877	33272876	VPS52	10518	promoter
chr6	33271075	33272074	RPS18	10401	promoter
chr6	33276123	33277122	B3GALT4	919	promoter
chr6	33289240	33290239	WDR46	13923	promoter
chr6	33288601	33289600	PFDN6	4926	promoter
chr6	33298943	33299942	RGL2	9769	promoter
chr6	33314079	33315078	TAPBP	11566	promoter
chr6	33317745	33318744	ZBTB22	13085	promoter
chr6	33322960	33323959	DAXX	2681	promoter
chr6	33329280	33330279	SMIM40	54073	promoter
chr6	33390823	33391822	KIFC1	6389	promoter
chr6	33410014	33411013	PHF1	8919	promoter
chr6	33418108	33419107	CUTA	21101	promoter
chr6	33419065	33420064	SYNGAP1	11497	promoter
chr6	33453576	33454575	ZBTB9	28323	promoter
chr6	33580277	33581276	BAK1	949	promoter
chr6	33620322	33621321	ITPR3	6182	promoter
chr6	33711701	33712700	UQCC2	21237	promoter
chr6	33746906	33747905	IP6K3	17269	promoter
chr6	33789131	33790130	LEMD2	21244	promoter
chr6	33804004	33805003	MLN	7141	promoter
chr6	34146088	34147087	GRM4	4596	promoter
chr6	34235873	34236872	HMGA1	5010	promoter
chr6	34249007	34250006	SMIM29	1340	promoter
chr6	34392670	34393669	NUDT3	8050	promoter
chr6	34426070	34427069	RPS10	10383	promoter
chr6	34465076	34466075	PACSIN1	8570	promoter
chr6	34556330	34557329	SPDEF	17257	promoter
chr6	34696768	34697767	ILRUN	21215	promoter
chr6	34756505	34757504	SNRPC	11157	promoter
chr6	34791083	34792082	BLTP3A	21216	promoter
chr6	34888043	34889042	TAF11	11544	promoter
chr6	34888255	34889254	ANKS1A	20961	promoter
chr6	35141340	35142339	TCP11	11658	promoter
chr6	35212956	35213955	SCUBE3	13655	promoter
chr6	35258735	35259734	ZNF76	13149	promoter
chr6	35296818	35297817	DEF6	2760	promoter
chr6	35341558	35342557	PPARD	9235	promoter
chr6	35451338	35452337	FANCE	3586	promoter
chr6	35467401	35468400	RPL10A	10299	promoter
chr6	35497080	35498079	TEAD3	11716	promoter
chr6	35512897	35513896	TULP1	12423	promoter
chr6	35688916	35689915	FKBP5	3721	promoter
chr6	35736032	35737031	ARMC12	21099	promoter
chr6	35775598	35776597	CLPSL2	21250	promoter
chr6	35780019	35781018	CLPSL1	21251	promoter
chr6	35804352	35805351	LHFPL5	21253	promoter
chr6	35797324	35798323	CLPS	2085	promoter
chr6	35921099	35922098	SRPK1	11305	promoter
chr6	36024642	36025641	SLC26A8	14468	promoter
chr6	36026808	36027807	MAPK14	6876	promoter
chr6	36129513	36130512	MAPK13	6875	promoter
chr6	36195744	36196743	BRPF3	14256	promoter
chr6	36269060	36270059	PNPLA1	21246	promoter
chr6	36336889	36337888	BNIP5	33769	promoter
chr6	36387670	36388669	ETV7	18160	promoter
chr6	36442000	36442999	KCTD20	21052	promoter
chr6	36442855	36443854	PXT1	18312	promoter
chr6	36547480	36548479	STK38	17847	promoter
chr6	36593362	36594361	SRSF3	10785	promoter
chr6	36677714	36678713	CDKN1A	1784	promoter
chr6	36696826	36697825	RAB44	21068	promoter
chr6	36839445	36840444	CPNE5	2318	promoter
chr6	36884952	36885951	C6orf89	21114	promoter
chr6	36874804	36875803	PPIL1	9260	promoter
chr6	36953738	36954737	PI16	21245	promoter
chr6	36986197	36987196	MTCH1	17586	promoter
chr6	37004655	37005654	FGD2	3664	promoter
chr6	37169152	37170151	PIM1	8986	promoter
chr6	37256772	37257771	TBC1D22B	21602	promoter
chr6	37258145	37259144	TMEM217B	55922	promoter
chr6	37258145	37259144	TMEM217	21238	promoter
chr6	37352983	37353982	RNF8	10071	promoter
chr6	37432221	37433220	CMTR1	21077	promoter
chr6	37499894	37500893	CCDC167	21239	promoter
chr6	37697884	37698883	MDGA1	19267	promoter
chr6	37818727	37819726	ZFAND3	18019	promoter
chr6	38639930	38640929	BTBD9	21228	promoter
chr6	38703146	38704145	GLO1	4323	promoter
chr6	38714311	38715310	DNAH8	2952	promoter
chr6	39047781	39048780	GLP1R	4324	promoter
chr6	39115187	39116186	SAYSD1	21025	promoter
chr6	39229476	39230475	KCNK5	6280	promoter
chr6	39314420	39315419	KCNK17	14465	promoter
chr6	39322703	39323702	KCNK16	14464	promoter
chr6	39725409	39726408	KIF6	21202	promoter
chr6	39791376	39792375	DAAM2	18143	promoter
chr6	39934463	39935462	MOCS1	7190	promoter
chr6	40587365	40588364	LRFN2	21226	promoter
chr6	41039222	41040221	UNC5CL	21203	promoter
chr6	41041467	41042466	TSPO2	21256	promoter
chr6	41052202	41053201	APOBEC2	605	promoter
chr6	41071974	41072973	NFYA	7804	promoter
chr6	41072357	41073356	OARD1	21257	promoter
chr6	41154348	41155347	TREML1	20434	promoter
chr6	41163117	41164116	TREM2	17761	promoter
chr6	41201150	41202149	TREML2	21092	promoter
chr6	41227349	41228348	TREML4	30807	promoter
chr6	41286683	41287682	TREM1	17760	promoter
chr6	41334608	41335607	NCR2	6732	promoter
chr6	41545381	41546380	FOXP4	20842	promoter
chr6	41637468	41638467	MDFI	6967	promoter
chr6	41735609	41736608	TFEB	11753	promoter
chr6	41747398	41748397	PGC	8890	promoter
chr6	41779782	41780781	PRICKLE4	16805	promoter
chr6	41779901	41780900	FRS3	16970	promoter
chr6	41786694	41787693	TOMM6	34528	promoter
chr6	41895376	41896375	USP49	20078	promoter
chr6	41921140	41922139	MED20	16840	promoter
chr6	41920499	41921498	BYSL	1157	promoter
chr6	41941809	41942808	CCND3	1585	promoter
chr6	42049524	42050523	TAF8	17300	promoter
chr6	42142621	42143620	C6orf132	21288	promoter
chr6	42154406	42155405	CIMIP3	55126	promoter
chr6	42172364	42173363	GUCA1A	4678	promoter
chr6	42194957	42195956	GUCA1B	4679	promoter
chr6	42217862	42218861	MRPS10	14502	promoter
chr6	42451927	42452926	TRERF1	18273	promoter
chr6	42563029	42564028	UBR2	21289	promoter
chr6	42722598	42723597	PRPH2	9942	promoter
chr6	42746104	42747103	TBCC	11580	promoter
chr6	42781052	42782051	BICRAL	21111	promoter
chr6	42878616	42879615	RPL7L1	21370	promoter
chr6	42890822	42891821	C6orf226	34431	promoter
chr6	42915053	42916052	PTCRA	21290	promoter
chr6	42928480	42929479	CNPY3	11968	promoter
chr6	42959754	42960753	GNMT	4415	promoter
chr6	42979182	42980181	PEX6	8859	promoter
chr6	42983570	42984569	PPP2R5D	9312	promoter
chr6	43013249	43014248	KLHDC3	20704	promoter
chr6	43013947	43014946	MEA1	6986	promoter
chr6	43020623	43021622	RRP36	21374	promoter
chr6	43058631	43059630	KLC4	21624	promoter
chr6	43053852	43054851	CUL7	21024	promoter
chr6	43059435	43060434	MRPL2	14056	promoter
chr6	43075314	43076313	PTK7	9618	promoter
chr6	43170269	43171268	SRF	11291	promoter
chr6	43181196	43182195	CUL9	15982	promoter
chr6	43229482	43230481	DNPH1	21218	promoter
chr6	43242481	43243480	TTBK1	19140	promoter
chr6	43297260	43298259	SLC22A7	10971	promoter
chr6	43308827	43309826	CRIP3	17751	promoter
chr6	43369648	43370647	ZNF318	13578	promoter
chr6	43426541	43427540	ABCC10	52	promoter
chr6	43455549	43456548	DLK2	21113	promoter
chr6	43476570	43477569	TJAP1	17949	promoter
chr6	43516089	43517088	POLR1C	20194	promoter
chr6	43510347	43511346	LRRC73	21375	promoter
chr6	43516927	43517926	YIPF3	21023	promoter
chr6	43576039	43577038	XPO5	17675	promoter
chr6	43575185	43576184	POLH	9181	promoter
chr6	43629265	43630264	GTPBP2	4670	promoter
chr6	43634840	43635839	MAD2L1BP	21059	promoter
chr6	43644036	43645035	RSPH9	21057	promoter
chr6	43687792	43688791	MRPS18A	14515	promoter
chr6	43769211	43770210	VEGFA	12680	promoter
chr6	43999585	44000584	LINC03040	28692	promoter
chr6	44126554	44127553	TMEM63B	17735	promoter
chr6	44127453	44128452	MRPL14	14279	promoter
chr6	44157820	44158819	CAPN11	1478	promoter
chr6	44215926	44216925	MYMX	52391	promoter
chr6	44222595	44223594	SLC29A1	11003	promoter
chr6	44246101	44247100	HSP90AB1	5258	promoter
chr6	44257529	44258528	SLC35B2	16872	promoter
chr6	44265552	44266551	NFKBIE	7799	promoter
chr6	44269450	44270449	TMEM151B	21315	promoter
chr6	44297699	44298698	TCTE1	11693	promoter
chr6	44313348	44314347	AARS2	21022	promoter
chr6	44341650	44342649	SPATS1	22957	promoter
chr6	44386706	44387705	CDC5L	1743	promoter
chr6	45327330	45328329	RUNX2	10472	promoter
chr6	45377935	45378934	SUPT3H	11466	promoter
chr6	46015861	46016860	CLIC5	13517	promoter
chr6	46128989	46129988	ENPP4	3359	promoter
chr6	46170981	46171980	ENPP5	13717	promoter
chr6	46491450	46492449	RCAN2	3041	promoter
chr6	46652819	46653818	CYP39A1	17449	promoter
chr6	46651975	46652974	SLC25A27	21065	promoter
chr6	46686885	46687884	TDRD6	21339	promoter
chr6	46735376	46736375	PLA2G7	9040	promoter
chr6	46745933	46746932	ANKRD66	44669	promoter
chr6	46792389	46793388	MEP1A	7015	promoter
chr6	46921939	46922938	ADGRF5	19030	promoter
chr6	47042333	47043332	ADGRF1	18990	promoter
chr6	47309906	47310905	TNFRSF21	13469	promoter
chr6	47476789	47477788	CD2AP	14258	promoter
chr6	47697580	47698579	ADGRF4	19011	promoter
chr6	47781032	47782031	OPN5	19992	promoter
chr6	48111198	48112197	PTCHD4	21345	promoter
chr6	49463254	49464253	MMUT	7526	promoter
chr6	49462370	49463369	CENPQ	21347	promoter
chr6	49498923	49499922	GLYATL3	21349	promoter
chr6	49549668	49550667	C6orf141	21351	promoter
chr6	49636840	49637839	RHAG	10006	promoter
chr6	49713544	49714543	CRISP2	12024	promoter
chr6	49744389	49745388	CRISP3	16904	promoter
chr6	49787286	49788285	PGK2	8898	promoter
chr6	49866536	49867535	CRISP1	304	promoter
chr6	49964165	49965164	DEFB114	18095	promoter
chr6	49969626	49970625	DEFB113	18094	promoter
chr6	50021995	50022994	DEFB110	18091	promoter
chr6	50049930	50050929	DEFB112	18093	promoter
chr6	50712526	50713525	TFAP2D	15581	promoter
chr6	50817871	50818870	TFAP2B	11743	promoter
chr6	52087614	52088613	PKHD1	9016	promoter
chr6	52185375	52186374	IL17A	5981	promoter
chr6	52244501	52245500	IL17F	16404	promoter
chr6	52284743	52285742	MCM3	6945	promoter
chr6	52361151	52362150	PAQR8	15708	promoter
chr6	52419342	52420341	EFHC1	16406	promoter
chr6	52577061	52578060	TRAM2	16855	promoter
chr6	52670113	52671112	TMEM14A	21076	promoter
chr6	52763476	52764475	GSTA2	4627	promoter
chr6	52803817	52804816	GSTA1	4626	promoter
chr6	52840814	52841813	GSTA5	19662	promoter
chr6	52909699	52910698	GSTA3	4628	promoter
chr6	52995285	52996284	GSTA4	4629	promoter
chr6	53064404	53065403	FBXO9	13588	promoter
chr6	53061825	53062824	CILK1	21219	promoter
chr6	53148842	53149841	GCM1	4197	promoter
chr6	53348951	53349950	ELOVL5	21308	promoter
chr6	53545102	53546101	GCLC	4311	promoter
chr6	53665757	53666756	KLHL31	21353	promoter
chr6	53794005	53795004	LRRC1	14307	promoter
chr6	54110443	54111442	MLIP	21355	promoter
chr6	54307441	54308440	TINAG	14599	promoter
chr6	54845771	54846770	FAM83B	21357	promoter
chr6	55173515	55174514	HCRTR2	4849	promoter
chr6	55326469	55327468	GFRAL	32789	promoter
chr6	55579193	55580192	HMGCLL1	21359	promoter
chr6	55875591	55876590	BMP5	1072	promoter
chr6	56247581	56248580	COL21A1	17025	promoter
chr6	56954831	56955830	DST	1090	promoter
chr6	56954107	56955106	BEND6	20871	promoter
chr6	57045693	57046692	KIAA1586	21360	promoter
chr6	57089188	57090187	ZNF451	21091	promoter
chr6	57171326	57172325	BAG2	938	promoter
chr6	57222308	57223307	RAB23	14263	promoter
chr6	57316630	57317629	PRIM2	9370	promoter
chr6	62286226	62287225	KHDRBS2	18114	promoter
chr6	63210469	63211468	FKBP1C	21376	promoter
chr6	63319984	63320983	LGSN	21016	promoter
chr6	63571480	63572479	PTP4A1	9634	promoter
chr6	63634802	63635801	PHF3	8921	promoter
chr6	65300476	65301475	ZC3H11C	56304	promoter
chr6	65707227	65708226	EYS	21555	promoter
chr6	68634282	68635281	ADGRB3	945	promoter
chr6	69865556	69866555	COL19A1	2196	promoter
chr6	69797011	69798010	LMBRD1	23038	promoter
chr6	70303085	70304084	COL9A1	2217	promoter
chr6	70412508	70413507	FAM135A	21084	promoter
chr6	70565930	70566929	SDHAF4	20957	promoter
chr6	70666883	70667882	SMAP1	19651	promoter
chr6	70957061	70958060	B3GAT2	922	promoter
chr6	71287811	71288810	OGFRL1	21378	promoter
chr6	71885550	71886549	RIMS1	17282	promoter
chr6	72621064	72622063	KCNQ5	6299	promoter
chr6	73225497	73226496	KHDC1L	37274	promoter
chr6	73263197	73264196	KHDC1	21366	promoter
chr6	73354277	73355276	DPPA5	19201	promoter
chr6	73361658	73362657	KHDC3L	33699	promoter
chr6	73393828	73394827	DDX43	18677	promoter
chr6	73369898	73370897	OOEP	21382	promoter
chr6	73452298	73453297	CGAS	21367	promoter
chr6	73460737	73461736	MTO1	19261	promoter
chr6	73521033	73522032	EEF1A1	3189	promoter
chr6	73653993	73654992	SLC17A5	10933	promoter
chr6	73695203	73696202	CD109	21685	promoter
chr6	75206054	75207053	COL12A1	2188	promoter
chr6	75243802	75244801	COX7A2	2288	promoter
chr6	75284793	75285792	TMEM30A	16667	promoter
chr6	75493801	75494800	FILIP1	21015	promoter
chr6	75600880	75601879	SENP6	20944	promoter
chr6	75748239	75749238	MYO6	7605	promoter
chr6	76072663	76073662	IMPG1	6055	promoter
chr6	77463492	77464491	HTR1B	5287	promoter
chr6	77652039	77653038	MEI4	43638	promoter
chr6	78866551	78867550	IRAK1BP1	17368	promoter
chr6	79078255	79079254	PHIP	15673	promoter
chr6	79234683	79235682	HMGN3	12312	promoter
chr6	79630329	79631328	SH3BGRL2	15567	promoter
chr6	79537431	79538430	LCA5	31923	promoter
chr6	79947554	79948553	ELOVL4	14415	promoter
chr6	80003649	80004648	TTK	12401	promoter
chr6	80105671	80106670	BCKDHB	987	promoter
chr6	81752682	81753681	TENT5A	18345	promoter
chr6	82247745	82248744	IBTK	17853	promoter
chr6	82362817	82363816	TPBG	12004	promoter
chr6	83065842	83066841	UBE3D	21381	promoter
chr6	83066671	83067670	DOP1A	21194	promoter
chr6	83192357	83193356	RWDD2A	21385	promoter
chr6	83193266	83194265	PGM3	8907	promoter
chr6	83431052	83432051	ME1	6983	promoter
chr6	83511534	83512533	PRSS35	21387	promoter
chr6	83709102	83710101	SNAP91	14986	promoter
chr6	83852360	83853359	RIPPLY2	21390	promoter
chr6	83858689	83859688	CYB5R4	20147	promoter
chr6	84032772	84033771	MRAP2	21232	promoter
chr6	84227644	84228643	CEP162	21107	promoter
chr6	84764599	84765598	TBX18	11595	promoter
chr6	85449083	85450082	NT5E	8021	promoter
chr6	85593859	85594858	SNX14	14977	promoter
chr6	85642887	85643886	SYNCRIP	16918	promoter
chr6	86936528	86937527	HTR1E	5291	promoter
chr6	87095107	87096106	CGA	1885	promoter
chr6	87154565	87155564	ZNF292	18410	promoter
chr6	87321588	87322587	SMIM8	21401	promoter
chr6	87329279	87330278	GJB7	16690	promoter
chr6	87343813	87344812	C6orf163	21403	promoter
chr6	87406972	87407971	CFAP206	21405	promoter
chr6	87471974	87472973	SLC35A1	11021	promoter
chr6	87589988	87590987	RARS2	21406	promoter
chr6	87589135	87590134	ORC3	8489	promoter
chr6	87702234	87703233	AKIRIN2	21407	promoter
chr6	88046841	88047840	SPACA1	14967	promoter
chr6	88166348	88167347	CNR1	2159	promoter
chr6	88963619	88964618	RNGTT	10073	promoter
chr6	89079751	89080750	PNRC1	17278	promoter
chr6	89118072	89119071	SRSF12	21220	promoter
chr6	89145055	89146054	PM20D2	21408	promoter
chr6	89217359	89218358	GABRR1	4090	promoter
chr6	89315300	89316299	GABRR2	4091	promoter
chr6	89352723	89353722	UBE2J1	17598	promoter
chr6	89412274	89413273	RRAGD	19903	promoter
chr6	89432152	89433151	ANKRD6	17280	promoter
chr6	89638748	89639747	LYRM2	25229	promoter
chr6	89819795	89820794	MDN1	18302	promoter
chr6	89828939	89829938	CASP8AP2	1510	promoter
chr6	89893469	89894468	GJA10	16995	promoter
chr6	90296844	90297843	BACH2	14078	promoter
chr6	90587073	90588072	MAP3K7	6859	promoter
chr6	93419560	93420559	EPHA7	3390	promoter
chr6	95576535	95577534	MANEA	21072	promoter
chr6	96014974	96015973	FUT9	4020	promoter
chr6	96520806	96521805	UFL1	23039	promoter
chr6	96562128	96563127	FHL5	17371	promoter
chr6	96837478	96838477	GPR63	13302	promoter
chr6	96897892	96898891	NDUFAF4	21034	promoter
chr6	96923728	96924727	KLHL32	21221	promoter
chr6	97283217	97284216	MMS22L	21475	promoter
chr6	98833574	98834573	POU3F2	9215	promoter
chr6	98947947	98948946	FBXL4	13601	promoter
chr6	99349675	99350674	FAXC	20742	promoter
chr6	99394196	99395195	COQ3	18175	promoter
chr6	99425309	99426308	PNISR	21222	promoter
chr6	99515424	99516423	USP45	20080	promoter
chr6	99568661	99569660	CCNC	1581	promoter
chr6	99605833	99606832	PRDM13	13998	promoter
chr6	99994224	99995223	MCHR2	20867	promoter
chr6	100464922	100465921	SIM1	10882	promoter
chr6	100881330	100882329	ASCC3	18697	promoter
chr6	101392708	101393707	GRIK2	4580	promoter
chr6	104859920	104860919	HACE1	21033	promoter
chr6	104956107	104957106	LIN28B	32207	promoter
chr6	105137158	105138157	BVES	1152	promoter
chr6	105180015	105181014	POPDC3	17649	promoter
chr6	105403083	105404082	PREP	9358	promoter
chr6	106085336	106086335	PRDM1	9346	promoter
chr6	106325761	106326760	ATG5	589	promoter
chr6	106359717	106360716	CRYBG1	356	promoter
chr6	106629499	106630498	RTN4IP1	18647	promoter
chr6	106628578	106629577	QRSL1	21020	promoter
chr6	106974730	106975729	CD24	1645	promoter
chr6	107027199	107028198	MTRES1	17971	promoter
chr6	107115516	107116515	BEND3	23040	promoter
chr6	107459565	107460564	PDSS2	23041	promoter
chr6	107489117	107490116	SOBP	29256	promoter
chr6	107824314	107825313	SCML4	21397	promoter
chr6	107958209	107959208	SEC63	21082	promoter
chr6	108074742	108075741	OSTM1	21652	promoter
chr6	108165022	108166021	NR2E1	7973	promoter
chr6	108261041	108262040	SNX3	11174	promoter
chr6	108294054	108295053	AFG1L	16411	promoter
chr6	108559917	108560916	FOXO3	3821	promoter
chr6	108847422	108848421	ARMC2	23045	promoter
chr6	109094847	109095846	SESN1	21595	promoter
chr6	109094507	109095506	CEP57L1	21561	promoter
chr6	109382468	109383467	CD164	1632	promoter
chr6	109439724	109440723	SMPD2	11121	promoter
chr6	109440629	109441628	PPIL6	21557	promoter
chr6	109455773	109456772	MICAL1	20619	promoter
chr6	109483220	109484219	ZBTB24	21143	promoter
chr6	109690296	109691295	FIG4	16873	promoter
chr6	109691203	109692202	AK9	33814	promoter
chr6	109977311	109978310	GPR6	4515	promoter
chr6	110179671	110180670	WASF1	12732	promoter
chr6	110179427	110180426	CDC40	17350	promoter
chr6	110358350	110359349	METTL24	21566	promoter
chr6	110415576	110416575	DDO	2727	promoter
chr6	110476614	110477613	SLC22A16	20302	promoter
chr6	110815470	110816469	CDK19	19338	promoter
chr6	110873785	110874784	AMD1	457	promoter
chr6	110957706	110958705	GTF3C6	20872	promoter
chr6	110981038	110982037	RPF2	20870	promoter
chr6	111086503	111087502	SLC16A10	17027	promoter
chr6	111258339	111259338	MFSD4B	21053	promoter
chr6	111483219	111484218	REV3L	9968	promoter
chr6	111605879	111606878	TRAF3IP2	1343	promoter
chr6	111873453	111874452	FYN	4037	promoter
chr6	112053104	112054103	CCN6	12771	promoter
chr6	112087483	112088482	TUBE1	20775	promoter
chr6	112086591	112087590	FAM229B	33858	promoter
chr6	112254568	112255567	LAMA4	6484	promoter
chr6	112346330	112347329	RFPL4B	33264	promoter
chr6	113856345	113857344	MARCKS	6759	promoter
chr6	113971149	113972148	HDAC2	4853	promoter
chr6	114343024	114344023	HS3ST5	19419	promoter
chr6	116060892	116061891	FRK	3955	promoter
chr6	116099853	116100852	NT5DC1	21556	promoter
chr6	116126133	116127132	COL10A1	2185	promoter
chr6	116254076	116255075	TSPYL4	21559	promoter
chr6	116369947	116370946	DSE	21144	promoter
chr6	116279931	116280930	TSPYL1	12382	promoter
chr6	116460375	116461374	CALHM6	33391	promoter
chr6	116510639	116511638	CALHM5	21568	promoter
chr6	116552751	116553750	CALHM4	21094	promoter
chr6	116545685	116546684	TRAPPC3L	21090	promoter
chr6	116570504	116571503	RWDD1	20993	promoter
chr6	116615479	116616478	RSPH4A	21558	promoter
chr6	116668767	116669766	ZUP1	21224	promoter
chr6	116680211	116681210	KPNA5	6398	promoter
chr6	116765720	116766719	FAM162B	21549	promoter
chr6	116829084	116830083	GPRC6A	18510	promoter
chr6	116876242	116877241	RFX6	21478	promoter
chr6	117264558	117265557	VGLL2	20232	promoter
chr6	117425943	117426942	ROS1	10261	promoter
chr6	117481674	117482673	DCBLD1	21479	promoter
chr6	117602512	117603511	GOPC	17643	promoter
chr6	117674469	117675468	NUS1	21042	promoter
chr6	117906264	117907263	SLC35F1	21483	promoter
chr6	118547296	118548295	PLN	9080	promoter
chr6	118651592	118652591	CEP85L	21638	promoter
chr6	118893152	118894151	ASF1A	20995	promoter
chr6	118935160	118936159	MCM9	21484	promoter
chr6	119078665	119079664	FAM184A	20991	promoter
chr6	119349762	119350761	MAN1A1	6821	promoter
chr6	121334481	121335480	TBC1D32	21485	promoter
chr6	121434646	121435645	GJA1	4274	promoter
chr6	122398652	122399651	HSF2	5225	promoter
chr6	122471808	122472807	SERINC1	13464	promoter
chr6	122609405	122610404	PKIB	9018	promoter
chr6	122778716	122779715	FABP7	3562	promoter
chr6	122788258	122789257	SMPDL3A	17389	promoter
chr6	122995235	122996234	CLVS2	23046	promoter
chr6	123636951	123637950	TRDN	12261	promoter
chr6	123802865	123803864	NKAIN2	16443	promoter
chr6	124961437	124962436	RNF217	21487	promoter
chr6	125152773	125153772	TPD52L1	12006	promoter
chr6	125301968	125302967	HDDC2	21078	promoter
chr6	125748632	125749631	HEY2	4881	promoter
chr6	125789960	125790959	NCOA7	21081	promoter
chr6	125955770	125956769	HINT3	18468	promoter
chr6	125985540	125986539	TRMT11	21080	promoter
chr6	126339115	126340114	CENPW	21488	promoter
chr6	127117671	127118670	RSPO3	20866	promoter
chr6	127265864	127266863	RNF146	21336	promoter
chr6	127343610	127344609	ECHDC1	21489	promoter
chr6	127459390	127460389	KIAA0408	21636	promoter
chr6	127519336	127520335	MTCL3	21494	promoter
chr6	127576174	127577173	C6orf58	20960	promoter
chr6	127901059	127902058	THEMIS	21569	promoter
chr6	128520600	128521599	PTPRK	9674	promoter
chr6	128882138	128883137	LAMA2	6482	promoter
chr6	129710178	129711177	ARHGAP18	21035	promoter
chr6	129861316	129862315	TMEM244	21571	promoter
chr6	130017581	130018580	L3MBTL3	23035	promoter
chr6	130222952	130223951	SAMD3	21574	promoter
chr6	130365017	130366016	TMEM200A	21075	promoter
chr6	130826406	130827405	SMLR1	44670	promoter
chr6	131063246	131064245	EPB41L2	3379	promoter
chr6	131134467	131135466	AKAP7	377	promoter
chr6	131572226	131573225	ARG1	663	promoter
chr6	131628243	131629242	MED23	2372	promoter
chr6	131636302	131637301	ENPP3	3358	promoter
chr6	131701402	131702401	OR2A4	14729	promoter
chr6	131711018	131712017	CTAGE9	37275	promoter
chr6	131807020	131808019	ENPP1	3356	promoter
chr6	131951373	131952372	CCN2	2500	promoter
chr6	132401476	132402475	MOXD1	21063	promoter
chr6	132513117	132514116	STX7	11442	promoter
chr6	132537277	132538276	TAAR9	20977	promoter
chr6	132551672	132552671	TAAR8	14964	promoter
chr6	132569322	132570321	TAAR6	20978	promoter
chr6	132589742	132590741	TAAR5	30236	promoter
chr6	132624276	132625275	TAAR2	4514	promoter
chr6	132659183	132660182	TAAR1	17734	promoter
chr6	132714056	132715055	VNN1	12705	promoter
chr6	132757905	132758904	VNN2	12706	promoter
chr6	132798638	132799637	SLC18B1	21573	promoter
chr6	132813569	132814568	RPS12	10385	promoter
chr6	133240357	133241356	EYA4	3522	promoter
chr6	133888113	133889112	TCF21	11632	promoter
chr6	133952224	133953223	TBPL1	11589	promoter
chr6	134052625	134053624	SLC2A12	18067	promoter
chr6	134318113	134319112	SGK1	10810	promoter
chr6	134950102	134951101	ALDH8A1	15471	promoter
chr6	135054823	135055822	HBS1L	4834	promoter
chr6	135180308	135181307	MYB	7545	promoter
chr6	135497741	135498740	AHI1	21575	promoter
chr6	135850701	135851700	PDE7B	8792	promoter
chr6	136250312	136251311	MTFR2	21115	promoter
chr6	136289847	136290846	BCLAF1	16863	promoter
chr6	136550423	136551422	MAP7	6869	promoter
chr6	136792478	136793477	MAP3K5	6857	promoter
chr6	136821592	136822591	PEX7	8860	promoter
chr6	136921301	136922300	SLC35D3	15621	promoter
chr6	137044966	137045965	IL20RA	6003	promoter
chr6	137173645	137174644	IL22RA2	14901	promoter
chr6	137219386	137220385	IFNGR1	5439	promoter
chr6	137494395	137495394	OLIG3	18003	promoter
chr6	137866259	137867258	TNFAIP3	11896	promoter
chr6	138107420	138108419	PERP	17637	promoter
chr6	138160939	138161938	ARFGEF3	21213	promoter
chr6	138218492	138219491	PBOV1	21079	promoter
chr6	138376905	138377904	SMIM28	53434	promoter
chr6	138403223	138404222	HEBP2	15716	promoter
chr6	138499495	138500494	NHSL1	21021	promoter
chr6	138772769	138773768	CCDC28A	21098	promoter
chr6	138795087	138796086	ECT2L	21118	promoter
chr6	138988254	138989253	REPS1	15578	promoter
chr6	139027745	139028744	ABRACL	21230	promoter
chr6	139134080	139135079	HECA	21041	promoter
chr6	139291999	139292998	TXLNB	21617	promoter
chr6	139374649	139375648	CITED2	1987	promoter
chr6	142131925	142132924	GJE1	33251	promoter
chr6	142147123	142148122	NMBR	7843	promoter
chr6	142146263	142147262	VTA1	20954	promoter
chr6	142301007	142302006	ADGRG6	13841	promoter
chr6	142945177	142946176	HIVEP2	4921	promoter
chr6	143059889	143060888	AIG1	21607	promoter
chr6	143450696	143451695	ADAT2	21172	promoter
chr6	143449805	143450804	PEX3	8858	promoter
chr6	143511721	143512720	FUCA2	4008	promoter
chr6	143676965	143677964	PHACTR2	20956	promoter
chr6	143842338	143843337	LTV1	21173	promoter
chr6	143863474	143864473	ZC2HC1B	21174	promoter
chr6	144095574	144096573	SF3B5	21083	promoter
chr6	144149517	144150516	STX11	11429	promoter
chr6	144284335	144285334	UTRN	12635	promoter
chr6	145735521	145736520	EPM2A	3413	promoter
chr6	145814796	145815795	FBXO30	15600	promoter
chr6	145964359	145965358	SHPRH	19336	promoter
chr6	146028062	146029061	GRM1	4593	promoter
chr6	146542833	146543832	RAB32	9772	promoter
chr6	146597972	146598971	ADGB	21212	promoter
chr6	147203417	147204416	STXBP5	19665	promoter
chr6	147507690	147508689	SAMD5	21180	promoter
chr6	148341838	148342837	SASH1	19182	promoter
chr6	148746030	148747029	UST	17223	promoter
chr6	149316712	149317711	TAB2	17075	promoter
chr6	149399262	149400261	SUMO4	21181	promoter
chr6	149485015	149486014	ZC3H12D	21175	promoter
chr6	149546044	149547043	PPIL4	15702	promoter
chr6	149565375	149566374	GINM1	21074	promoter
chr6	149648715	149649714	KATNA1	6216	promoter
chr6	149718102	149719101	LATS1	6514	promoter
chr6	149748741	149749740	PCMT1	8728	promoter
chr6	149746530	149747529	NUP43	21182	promoter
chr6	149864360	149865359	LRP11	16936	promoter
chr6	149898114	149899113	RAET1E	16793	promoter
chr6	149923122	149924121	RAET1G	16795	promoter
chr6	149941014	149942013	ULBP2	14894	promoter
chr6	149962943	149963942	ULBP1	14893	promoter
chr6	150025533	150026532	RAET1L	16798	promoter
chr6	150069122	150070121	ULBP3	14895	promoter
chr6	150142044	150143043	PPP1R14C	14952	promoter
chr6	150368012	150369011	IYD	21071	promoter
chr6	150598885	150599884	PLEKHG1	20884	promoter
chr6	150864702	150865701	MTHFD1L	21055	promoter
chr6	151238967	151239966	AKAP12	370	promoter
chr6	151391560	151392559	ZBTB2	20868	promoter
chr6	151452127	151453126	RMND1	21176	promoter
chr6	151451466	151452465	ARMT1	17872	promoter
chr6	151493017	151494016	CCDC170	21177	promoter
chr6	151806682	151807681	ESR1	3467	promoter
chr6	152637363	152638362	SYNE1	17089	promoter
chr6	152696897	152697896	MYCT1	23172	promoter
chr6	152749797	152750796	VIP	12693	promoter
chr6	152983042	152984041	FBXO5	13584	promoter
chr6	153002710	153003709	MTRF1L	21051	promoter
chr6	153131283	153132282	RGS17	14088	promoter
chr6	154038240	154039239	OPRM1	8156	promoter
chr6	154356804	154357803	IPCEF1	21204	promoter
chr6	154510686	154511685	CNKSR3	23034	promoter
chr6	154732416	154733415	SCAF8	20959	promoter
chr6	154994315	154995314	TIAM2	11806	promoter
chr6	155263013	155264012	CLDN20	2042	promoter
chr6	155314485	155315484	TFB1M	17037	promoter
chr6	155455840	155456839	NOX3	7890	promoter
chr6	156776378	156777377	ARID1B	18040	promoter
chr6	157323520	157324519	TMEM242	17206	promoter
chr6	157380190	157381189	ZDHHC14	20341	promoter
chr6	157822246	157823245	SNX9	14973	promoter
chr6	157980863	157981862	SYNJ2	11504	promoter
chr6	158168263	158169262	SERAC1	21061	promoter
chr6	158167350	158168349	GTF2H5	21157	promoter
chr6	158311465	158312464	TULP4	15530	promoter
chr6	158559091	158560090	TMEM181	20958	promoter
chr6	158644744	158645743	DYNLT1	11697	promoter
chr6	158649054	158650053	SYTL3	15587	promoter
chr6	158819369	158820368	EZR	12691	promoter
chr6	159000203	159001202	RSPH3	21054	promoter
chr6	159044992	159045991	TAGAP	15669	promoter
chr6	159168400	159169399	FNDC1	21184	promoter
chr6	159726506	159727505	WTAP	16846	promoter
chr6	159761045	159762044	ACAT2	94	promoter
chr6	159693242	159694241	SOD2	11180	promoter
chr6	159789603	159790602	TCP1	11655	promoter
chr6	159789467	159790466	MRPL18	14477	promoter
chr6	159799276	159800275	PNLDC1	21185	promoter
chr6	159889988	159890987	MAS1	6899	promoter
chr6	159968082	159969081	IGF2R	5467	promoter
chr6	160120815	160121814	SLC22A1	10963	promoter
chr6	160258822	160259821	SLC22A2	10966	promoter
chr6	160347378	160348377	SLC22A3	10967	promoter
chr6	160664276	160665275	LPA	6667	promoter
chr6	160701244	160702243	PLG	9071	promoter
chr6	160990769	160991768	MAP3K4	6856	promoter
chr6	161274062	161275061	AGPAT4	20885	promoter
chr6	162726974	162727973	PACRG	19152	promoter
chr6	162727767	162728766	PRKN	8607	promoter
chr6	163413718	163414717	QKI	21100	promoter
chr6	165309606	165310605	C6orf118	21233	promoter
chr6	165663242	165664241	PDE10A	8772	promoter
chr6	166167852	166168851	TBXT	11515	promoter
chr6	166308393	166309392	PRR18	28574	promoter
chr6	166342546	166343545	SFT2D1	21102	promoter
chr6	166382941	166383940	MPC1	21606	promoter
chr6	166586679	166587678	RAMACL	21234	promoter
chr6	166627252	166628251	RPS6KA2	10431	promoter
chr6	166956551	166957550	RNASET2	21686	promoter
chr6	166998397	166999396	CEP43	17012	promoter
chr6	167122096	167123095	CCR6	1607	promoter
chr6	167157981	167158980	GPR31	4486	promoter
chr6	167290315	167291314	UNC93A	12570	promoter
chr6	167324086	167325085	TTLL2	21211	promoter
chr6	167825911	167826910	AFDN	7137	promoter
chr6	167996671	167997670	KIF25	6390	promoter
chr6	168079213	168080212	FRMD1	21240	promoter
chr6	168319778	168320777	DACT2	21231	promoter
chr6	168440184	168441183	SMOC2	20323	promoter
chr6	169253847	169254846	THBS2	11786	promoter
chr6	169702030	169703029	WDR27	21248	promoter
chr6	169701126	169702125	C6orf120	21247	promoter
chr6	169724501	169725500	PHF10	18250	promoter
chr6	169751573	169752572	DYNLT2	11695	promoter
chr6	169750622	169751621	ERMARD	21056	promoter
chr6	170305758	170306757	FAM120B	21109	promoter
chr6	170291079	170292078	DLL1	2908	promoter
chr6	170553308	170554307	PSMB1	9537	promoter
chr6	170553369	170554368	TBP	11588	promoter
chr6	170584638	170585637	PDCD2	8762	promoter
chr7	191571	192570	FAM20C	22140	promoter
chr7	289170	290169	FOXL3	54201	promoter
chr7	519847	520846	PDGFA	8799	promoter
chr7	725699	726698	DNAAF5	26013	promoter
chr7	727282	728281	PRKAR1B	9390	promoter
chr7	831476	832475	SUN1	18587	promoter
chr7	875554	876553	GET4	21690	promoter
chr7	954681	955680	ADAP1	16486	promoter
chr7	975550	976549	COX19	28074	promoter
chr7	982181	983180	CYP2W1	20243	promoter
chr7	1043546	1044545	GPR146	21718	promoter
chr7	1087113	1088112	GPER1	4485	promoter
chr7	1138248	1139247	C7orf50	22421	promoter
chr7	1160197	1161196	ZFAND2A	28073	promoter
chr7	1231872	1232871	UNCX	33194	promoter
chr7	1459471	1460470	MICALL2	29672	promoter
chr7	1504390	1505389	INTS1	24555	promoter
chr7	1529702	1530701	MAFK	6782	promoter
chr7	1556206	1557205	TMEM184A	28797	promoter
chr7	1570033	1571032	PSMG3	22420	promoter
chr7	1669277	1670276	ELFN1	33154	promoter
chr7	2232946	2233945	MAD1L1	6762	promoter
chr7	2242206	2243205	MRM2	16352	promoter
chr7	2241226	2242225	NUDT1	8048	promoter
chr7	2353827	2354826	EIF3B	3280	promoter
chr7	2314442	2315441	SNX8	14972	promoter
chr7	2402611	2403610	CHST12	17423	promoter
chr7	2476399	2477398	GRIFIN	4577	promoter
chr7	2518774	2519773	LFNG	6560	promoter
chr7	2555525	2556524	BRAT1	21701	promoter
chr7	2557979	2558978	IQCE	29171	promoter
chr7	2630986	2631985	TTYH3	22222	promoter
chr7	2687202	2688201	AMZ1	22231	promoter
chr7	2844309	2845308	GNA12	4380	promoter
chr7	3043868	3044867	CARD11	16393	promoter
chr7	3300252	3301251	SDK1	19307	promoter
chr7	4681295	4682294	FOXK1	23480	promoter
chr7	4774623	4775622	AP5Z1	22197	promoter
chr7	4862031	4863030	PAPOLB	15970	promoter
chr7	4883717	4884716	RADIL	22226	promoter
chr7	4959188	4960187	MMD2	30133	promoter
chr7	5044860	5045859	RBAK	17680	promoter
chr7	5071125	5072124	RBAKDN	33770	promoter
chr7	5189233	5190232	WIPI2	32225	promoter
chr7	5281943	5282942	SLC29A4	23097	promoter
chr7	5423835	5424834	TNRC18	11962	promoter
chr7	5513810	5514809	FBXL18	21874	promoter
chr7	5530602	5531601	ACTB	132	promoter
chr7	5591816	5592815	FSCN1	11148	promoter
chr7	5781664	5782663	RNF216	21698	promoter
chr7	5879798	5880797	OCM	8105	promoter
chr7	5897733	5898732	CCZ1	21691	promoter
chr7	5970690	5971689	RSPH10B	27362	promoter
chr7	6009050	6010049	PMS2	9122	promoter
chr7	6008272	6009271	AIMP2	20609	promoter
chr7	6030376	6031375	ANKRD61	22467	promoter
chr7	6059176	6060175	EIF2AK1	24921	promoter
chr7	6103949	6104948	USP42	20068	promoter
chr7	6272625	6273624	CYTH3	9504	promoter
chr7	6348968	6349967	SMIM10L3	56768	promoter
chr7	6348968	6349967	FAM220A	22422	promoter
chr7	6373527	6374526	RAC1	9801	promoter
chr7	6447955	6448954	DAGLB	28923	promoter
chr7	6484153	6485152	KDELR2	6305	promoter
chr7	6551462	6552461	GRID2IP	18464	promoter
chr7	6576454	6577453	ZDHHC4	18471	promoter
chr7	6589021	6590020	INTS15	21702	promoter
chr7	6614610	6615609	ZNF853	21767	promoter
chr7	6636318	6637317	ZNF316	13843	promoter
chr7	6706948	6707947	ZNF12	12902	promoter
chr7	6753103	6754102	RSPH10B2	34385	promoter
chr7	6826276	6827275	CCZ1B	21717	promoter
chr7	7181544	7182543	C1GALT1	24337	promoter
chr7	7535874	7536873	COL28A1	22442	promoter
chr7	7565884	7566883	MIOS	21905	promoter
chr7	7639752	7640751	UMAD1	48955	promoter
chr7	7718608	7719607	RPA3	10291	promoter
chr7	7967796	7968795	GLCCI1	18713	promoter
chr7	8262168	8263167	ICA1	5343	promoter
chr7	8432609	8433608	NXPH1	20693	promoter
chr7	10940154	10941153	NDUFA4	7687	promoter
chr7	10972872	10973871	PHF14	22203	promoter
chr7	11832199	11833198	THSD7A	22207	promoter
chr7	12210294	12211293	TMEM106B	22407	promoter
chr7	12403866	12404865	VWDE	21897	promoter
chr7	12503441	12504440	C7orf78	55185	promoter
chr7	12569720	12570719	SCIN	21695	promoter
chr7	12686633	12687632	ARL4A	695	promoter
chr7	13989667	13990666	ETV1	3490	promoter
chr7	14902752	14903751	DGKB	2850	promoter
chr7	15562016	15563015	AGMO	33784	promoter
chr7	15686684	15687683	MEOX2	7014	promoter
chr7	16421539	16422538	CRPPA	37276	promoter
chr7	16525825	16526824	LRRC72	42972	promoter
chr7	16465739	16466738	SOSTDC1	21748	promoter
chr7	16645755	16646754	ANKMY2	25370	promoter
chr7	16645181	16646180	BZW2	18808	promoter
chr7	16752755	16753754	TSPAN13	21643	promoter
chr7	16805000	16805999	AGR2	328	promoter
chr7	16881984	16882983	AGR3	24167	promoter
chr7	17297652	17298651	AHR	348	promoter
chr7	17940495	17941494	SNX13	21335	promoter
chr7	18027847	18028846	PRPS1L1	9463	promoter
chr7	18494749	18495748	HDAC9	14065	promoter
chr7	19117637	19118636	TWIST1	12428	promoter
chr7	19145422	19146421	FERD3L	16660	promoter
chr7	19709038	19710037	POLR1F	18027	promoter
chr7	19773618	19774617	TMEM196	22431	promoter
chr7	20217385	20218384	MACC1	30215	promoter
chr7	20329900	20330899	ITGB8	6163	promoter
chr7	20614667	20615666	ABCB5	46	promoter
chr7	20786887	20787886	SP8	19196	promoter
chr7	21427083	21428082	SP4	11209	promoter
chr7	21542039	21543038	DNAH11	2942	promoter
chr7	21945900	21946899	CDCA7L	30777	promoter
chr7	22357155	22358154	RAPGEF5	16862	promoter
chr7	22726200	22727199	IL6	6018	promoter
chr7	22500189	22501188	STEAP1B	41907	promoter
chr7	22822850	22823849	TOMM7	21648	promoter
chr7	23014131	23015130	HYCC1	24587	promoter
chr7	23104785	23105784	KLHL7	15646	promoter
chr7	23181048	23182047	NUP42	17010	promoter
chr7	23245775	23246774	GPNMB	4462	promoter
chr7	23298339	23299338	MALSU1	21721	promoter
chr7	23470492	23471491	IGF2BP3	28868	promoter
chr7	23531982	23532981	TRA2A	16645	promoter
chr7	23596382	23597381	CCDC126	22398	promoter
chr7	23679199	23680198	FAM221A	27977	promoter
chr7	23709219	23710218	STK31	11407	promoter
chr7	24283190	24284189	NPY	7955	promoter
chr7	24572452	24573451	PALS2	18167	promoter
chr7	24757465	24758464	GSDME	2810	promoter
chr7	24980179	24981178	OSBPL3	16370	promoter
chr7	25125261	25126260	CYCS	19986	promoter
chr7	25180355	25181354	SPMIP4	21722	promoter
chr7	25228487	25229486	NPVF	13782	promoter
chr7	26151198	26152197	NFE2L3	7783	promoter
chr7	26200745	26201744	CBX3	1553	promoter
chr7	26200747	26201746	HNRNPA2B1	5033	promoter
chr7	26290862	26291861	SNX10	14974	promoter
chr7	26864591	26865590	SKAP2	15687	promoter
chr7	27096001	27097000	HOXA1	5099	promoter
chr7	27102684	27103683	HOXA2	5103	promoter
chr7	27130758	27131757	HOXA4	5105	promoter
chr7	27143682	27144681	HOXA5	5106	promoter
chr7	27147775	27148774	HOXA6	5107	promoter
chr7	27152584	27153583	HOXA3	5104	promoter
chr7	27156676	27157675	HOXA7	5108	promoter
chr7	27165538	27166537	HOXA9	5109	promoter
chr7	27174321	27175320	HOXA10	5100	promoter
chr7	27185233	27186232	HOXA11	5101	promoter
chr7	27200092	27201091	HOXA13	5102	promoter
chr7	27241802	27242801	EVX1	3506	promoter
chr7	27662884	27663883	HIBADH	4907	promoter
chr7	27739162	27740161	TAX1BP1	11575	promoter
chr7	28180796	28181795	JAZF1	28917	promoter
chr7	28411518	28412517	CREB5	16844	promoter
chr7	28958331	28959330	TRIL	22200	promoter
chr7	29193775	29194774	CHN2	1944	promoter
chr7	29146538	29147537	CPVL	14399	promoter
chr7	29562835	29563834	PRR15	22310	promoter
chr7	29805508	29806507	WIPF3	22004	promoter
chr7	29989802	29990801	SCRN1	22192	promoter
chr7	30026703	30027702	FKBP14	18625	promoter
chr7	30027412	30028411	PLEKHA8	30037	promoter
chr7	30133986	30134985	MTURN	25457	promoter
chr7	30283597	30284596	ZNRF2	22316	promoter
chr7	30478785	30479784	NOD1	16390	promoter
chr7	30504830	30505829	GGCT	21705	promoter
chr7	30593878	30594877	GARS1	4162	promoter
chr7	30751135	30752134	INMT	6069	promoter
chr7	30682457	30683456	CRHR2	2358	promoter
chr7	30770417	30771416	MINDY4	21916	promoter
chr7	30910853	30911852	AQP1	633	promoter
chr7	30962953	30963952	GHRHR	4266	promoter
chr7	31051308	31052307	ADCYAP1R1	242	promoter
chr7	31340727	31341726	NEUROD6	13804	promoter
chr7	31513090	31514089	ITPRID1	27363	promoter
chr7	31686215	31687214	PPP1R17	16973	promoter
chr7	32070408	32071407	PDE1C	8776	promoter
chr7	32490381	32491380	LSM5	17162	promoter
chr7	32494489	32495488	AVL9	28994	promoter
chr7	32891761	32892760	KBTBD2	21751	promoter
chr7	32956440	32957439	FKBP9	3725	promoter
chr7	33062777	33063776	NT5C3A	17820	promoter
chr7	33109405	33110404	RP9	10288	promoter
chr7	33128564	33129563	BBS9	30000	promoter
chr7	33904539	33905538	BMPER	24154	promoter
chr7	34657218	34658217	NPSR1	23631	promoter
chr7	35037486	35038485	DPY19L1	22205	promoter
chr7	35254101	35255100	TBX20	11598	promoter
chr7	35695136	35696135	HERPUD2	21915	promoter
chr7	35800057	35801056	SEPTIN7	1717	promoter
chr7	36152254	36153253	EEPD1	22223	promoter
chr7	36388862	36389861	ANLN	14082	promoter
chr7	36367241	36368240	MATCAP2	22206	promoter
chr7	36724495	36725494	AOAH	548	promoter
chr7	37448865	37449864	ELMO1	16286	promoter
chr7	37682766	37683765	GPR141	19997	promoter
chr7	37847597	37848596	NME8	16473	promoter
chr7	37919640	37920639	EPDR1	17572	promoter
chr7	37916818	37917817	SFRP4	10778	promoter
chr7	38177245	38178244	STARD3NL	19169	promoter
chr7	38631374	38632373	AMPH	471	promoter
chr7	38687038	38688037	CFAP144P1	34511	promoter
chr7	38909192	38910191	VPS41	12713	promoter
chr7	38976909	38977908	POU6F2	21694	promoter
chr7	39565404	39566403	YAE1	24857	promoter
chr7	39622572	39623571	RALA	9839	promoter
chr7	39949256	39950255	CDK13	1733	promoter
chr7	40134623	40135622	MPLKIP	16002	promoter
chr7	40134005	40135004	SUGCT	16001	promoter
chr7	41703091	41704090	INHBA	6066	promoter
chr7	42237210	42238209	GLI3	4319	promoter
chr7	42912071	42913070	C7orf25	21703	promoter
chr7	42932175	42933174	PSMA2	9531	promoter
chr7	42931376	42932375	MRPL32	14035	promoter
chr7	43111647	43112646	HECW1	22195	promoter
chr7	43582108	43583107	STK17A	11395	promoter
chr7	43729524	43730523	COA1	21868	promoter
chr7	43757680	43758679	BLVRA	1062	promoter
chr7	43869518	43870517	MRPS24	14510	promoter
chr7	43906597	43907596	URGCP	30890	promoter
chr7	43925436	43926435	UBE2D4	21647	promoter
chr7	43996897	43997896	SPDYE1	16408	promoter
chr7	44043702	44044701	DBNL	2696	promoter
chr7	44065568	44066567	PGAM2	8889	promoter
chr7	44082531	44083530	POLM	9185	promoter
chr7	44103345	44104344	AEBP1	303	promoter
chr7	44123549	44124548	POLD2	9176	promoter
chr7	44141333	44142332	MYL7	21719	promoter
chr7	44189440	44190439	GCK	4195	promoter
chr7	44199978	44200977	YKT6	16959	promoter
chr7	44325595	44326594	CAMK2B	1461	promoter
chr7	44490659	44491658	NUDCD3	22208	promoter
chr7	44541331	44542330	NPC1L1	7898	promoter
chr7	44573909	44574908	DDX56	18193	promoter
chr7	44582232	44583231	TMED4	22301	promoter
chr7	44605627	44606626	OGDH	8124	promoter
chr7	44747847	44748846	ZMIZ2	22229	promoter
chr7	44795681	44796680	PPIA	9253	promoter
chr7	44848088	44849087	H2AZ2	20664	promoter
chr7	44885531	44886530	PURB	9702	promoter
chr7	44979016	44980015	MYO1G	13880	promoter
chr7	44999201	45000200	CCM2	21708	promoter
chr7	45088970	45089969	NACAD	22196	promoter
chr7	45111698	45112697	TBRG4	17443	promoter
chr7	45156791	45157790	RAMP3	9845	promoter
chr7	45573368	45574367	ADCY1	232	promoter
chr7	45873083	45874082	CCDC201	54081	promoter
chr7	45887488	45888487	IGFBP1	5469	promoter
chr7	45921273	45922272	IGFBP3	5472	promoter
chr7	47582112	47583111	TNS3	21616	promoter
chr7	47948467	47949466	PKD1L1	18053	promoter
chr7	47979616	47980615	HUS1	5309	promoter
chr7	48029108	48030107	SUN3	22429	promoter
chr7	48034543	48035542	C7orf57	22247	promoter
chr7	48088265	48089264	UPP1	12576	promoter
chr7	48170458	48171457	ABCA13	14638	promoter
chr7	48923547	48924546	CDC14C	22427	promoter
chr7	49772638	49773637	VWC2	30200	promoter
chr7	50094883	50095882	SPMIP7	22564	promoter
chr7	50093247	50094246	ZPBP	15662	promoter
chr7	50303716	50304715	IKZF1	13176	promoter
chr7	50450351	50451350	FIGNL1	13286	promoter
chr7	50565406	50566405	DDC	2719	promoter
chr7	51316810	51317809	COBL	22199	promoter
chr7	53034633	53035632	POM121L12	25369	promoter
chr7	54541375	54542374	VSTM2A	28499	promoter
chr7	54759212	54760211	SEC61G	18277	promoter
chr7	55018017	55019016	EGFR	3236	promoter
chr7	55364337	55365336	LANCL2	6509	promoter
chr7	55572503	55573502	VOPP1	34518	promoter
chr7	55862753	55863752	SEPTIN14	33280	promoter
chr7	55886456	55887455	ZNF713	22043	promoter
chr7	55963585	55964584	NIPSNAP2	4179	promoter
chr7	55950877	55951876	MRPS17	14047	promoter
chr7	56051445	56052444	PSPH	9577	promoter
chr7	56050765	56051764	CCT6A	1620	promoter
chr7	56063286	56064285	SUMF2	20415	promoter
chr7	56092953	56093952	PHKG1	8930	promoter
chr7	56106477	56107476	CHCHD2	21645	promoter
chr7	56116418	56117417	NUPR2	44164	promoter
chr7	57132437	57133436	ZNF479	23258	promoter
chr7	57449177	57450176	ZNF716	32458	promoter
chr7	63997849	63998848	ZNF722	22571	promoter
chr7	64044434	64045433	ZNF727	22785	promoter
chr7	64206203	64207202	ZNF735	32466	promoter
chr7	64227474	64228473	ZNF679	28650	promoter
chr7	64312961	64313960	ZNF736	32467	promoter
chr7	64563072	64564071	ZNF680	26897	promoter
chr7	64665133	64666132	ZNF107	12887	promoter
chr7	64793428	64794427	ZNF138	12922	promoter
chr7	64902273	64903272	ZNF273	13067	promoter
chr7	64991037	64992036	ZNF117	12897	promoter
chr7	65006688	65007687	ERV3-1	3454	promoter
chr7	65372855	65373854	ZNF92	13168	promoter
chr7	65872074	65873073	VKORC1L1	21492	promoter
chr7	65982214	65983213	GUSB	4696	promoter
chr7	66074819	66075818	ASL	746	promoter
chr7	66113847	66114846	CRCP	17888	promoter
chr7	66204334	66205333	TPST1	12020	promoter
chr7	66627881	66628880	KCTD7	21957	promoter
chr7	66739733	66740732	RABGEF1	17676	promoter
chr7	66920225	66921224	TMEM248	25476	promoter
chr7	66995833	66996832	TYW1	25598	promoter
chr7	66995587	66996586	SBDS	19440	promoter
chr7	67275941	67276940	SPDYE21	51517	promoter
chr7	69597475	69598474	AUTS2	14262	promoter
chr7	71131144	71132143	GALNT17	16347	promoter
chr7	72412339	72413338	CALN1	13248	promoter
chr7	72828201	72829200	TYW1B	33908	promoter
chr7	72924095	72925094	POM121	19702	promoter
chr7	72969467	72970466	TRIM74	17453	promoter
chr7	73029767	73030766	SPDYE8	33771	promoter
chr7	73057912	73058911	SPDYE11	51507	promoter
chr7	73086039	73087038	SPDYE9	45034	promoter
chr7	73155432	73156431	SPDYE10	51506	promoter
chr7	73308827	73309826	NSUN5	16385	promoter
chr7	73328083	73329082	TRIM50	19017	promoter
chr7	73327161	73328160	FKBP6	3722	promoter
chr7	73432778	73433777	FZD9	4047	promoter
chr7	73522294	73523293	BAZ1B	961	promoter
chr7	73557691	73558690	BCL7B	1005	promoter
chr7	73578580	73579579	TBL2	11586	promoter
chr7	73624523	73625522	MLXIPL	12744	promoter
chr7	73666831	73667830	VPS37D	18287	promoter
chr7	73683454	73684453	DNAJC30	16410	promoter
chr7	73682597	73683596	BUD23	16405	promoter
chr7	73719670	73720669	STX1A	11433	promoter
chr7	73738803	73739802	ABHD11	16407	promoter
chr7	73770271	73771270	CLDN3	2045	promoter
chr7	73829996	73830995	CLDN4	2046	promoter
chr7	73842517	73843516	METTL27	19068	promoter
chr7	73860159	73861158	TMEM270	23018	promoter
chr7	74027173	74028172	ELN	3327	promoter
chr7	74082804	74083803	LIMK1	6613	promoter
chr7	74173356	74174355	EIF4H	12741	promoter
chr7	74209006	74210005	LAT2	12749	promoter
chr7	74254400	74255399	RFC2	9970	promoter
chr7	74288407	74289406	CLIP2	2586	promoter
chr7	74452906	74453905	GTF2IRD1	4661	promoter
chr7	74656718	74657717	GTF2I	4659	promoter
chr7	74773011	74774010	NCF1	7660	promoter
chr7	74851606	74852605	GTF2IRD2	30775	promoter
chr7	74915079	74916078	SPDYE12	51508	promoter
chr7	74963705	74964704	CASTOR2	37073	promoter
chr7	75073803	75074802	RCC1L	14948	promoter
chr7	75091590	75092589	GTF2IRD2B	33125	promoter
chr7	75279790	75280789	SPDYE13	51509	promoter
chr7	75306376	75307375	SPDYE14	51510	promoter
chr7	75334343	75335342	SPDYE15	51511	promoter
chr7	75394629	75395628	TRIM73	18162	promoter
chr7	75486300	75487299	POM121C	34005	promoter
chr7	75491320	75492319	SPDYE5	35464	promoter
chr7	75738942	75739941	HIP1	4913	promoter
chr7	75772212	75773211	CCL26	10625	promoter
chr7	75813807	75814806	CCL24	10623	promoter
chr7	75878034	75879033	RHBDD2	23082	promoter
chr7	75914155	75915154	POR	9208	promoter
chr7	75994596	75995595	TMEM120A	21697	promoter
chr7	76048001	76049000	STYXL1	18165	promoter
chr7	76047106	76048105	MDH2	6971	promoter
chr7	76200896	76201895	SRRM3	26729	promoter
chr7	76301673	76302672	HSPB1	5246	promoter
chr7	76358992	76359991	YWHAG	12852	promoter
chr7	76423950	76424949	ZP3	13189	promoter
chr7	76409698	76410697	SSC4D	14461	promoter
chr7	76460709	76461708	DTX2	15973	promoter
chr7	76509552	76510551	UPK3B	21444	promoter
chr7	76543298	76544297	SPDYE16	51512	promoter
chr7	76627280	76628279	POMZP3	9203	promoter
chr7	77032362	77033361	SPDYE17	51513	promoter
chr7	77062559	77063558	SPDYE18	51514	promoter
chr7	77121615	77122614	CCDC146	29296	promoter
chr7	77199820	77200819	FGL2	3696	promoter
chr7	77416350	77417349	GSAP	28042	promoter
chr7	77536295	77537294	PTPN12	9645	promoter
chr7	77695459	77696458	RSBN1L	24765	promoter
chr7	77798435	77799434	TMEM60	21754	promoter
chr7	77797773	77798772	PHTF2	13411	promoter
chr7	79453668	79454667	MAGI2	18957	promoter
chr7	80133831	80134830	GNAI1	4384	promoter
chr7	80637642	80638641	CD36	1663	promoter
chr7	80512065	80513064	GNAT3	22800	promoter
chr7	80919052	80920051	SEMA3C	10725	promoter
chr7	81770048	81771047	HGF	4893	promoter
chr7	82443778	82444777	CACNA2D1	1399	promoter
chr7	83162885	83163884	PCLO	13406	promoter
chr7	83649140	83650139	SEMA3E	10727	promoter
chr7	84194790	84195789	SEMA3A	10723	promoter
chr7	85187057	85188056	SEMA3D	10726	promoter
chr7	86642909	86643908	GRM3	4595	promoter
chr7	87059655	87060654	ELAPOR2	21945	promoter
chr7	87151453	87152452	DMTF1	14603	promoter
chr7	87219733	87220732	TMEM243	21707	promoter
chr7	87344664	87345663	CROT	2366	promoter
chr7	87475681	87476680	ABCB4	45	promoter
chr7	87627398	87628397	RUNDC3B	30286	promoter
chr7	87600885	87601884	ABCB1	40	promoter
chr7	87875493	87876492	DBF4	17364	promoter
chr7	87876361	87877360	SLC25A40	29680	promoter
chr7	87933251	87934250	ADAM22	201	promoter
chr7	88220039	88221038	SRI	11292	promoter
chr7	88306895	88307894	STEAP4	21923	promoter
chr7	88758700	88759699	ZNF804B	21958	promoter
chr7	88795738	88796737	TEX47	22402	promoter
chr7	90153469	90154468	STEAP1	11378	promoter
chr7	90210740	90211739	STEAP2	17885	promoter
chr7	90244174	90245173	CFAP69	26107	promoter
chr7	90321305	90322304	FAM237B	53217	promoter
chr7	90345716	90346715	GTPBP10	25106	promoter
chr7	90402461	90403460	CLDN12	2034	promoter
chr7	90595321	90596320	CDK14	8883	promoter
chr7	90468639	90469638	PTTG1IP2	55318	promoter
chr7	91263433	91264432	FZD1	4038	promoter
chr7	91880703	91881702	MTERF1	21463	promoter
chr7	91939862	91940861	AKAP9	379	promoter
chr7	92134478	92135477	CYP51A1	2649	promoter
chr7	92179143	92180142	LRRD1	34300	promoter
chr7	92244974	92245973	ANKIB1	22215	promoter
chr7	92245915	92246914	KRIT1	1573	promoter
chr7	92446482	92447481	GATAD1	29941	promoter
chr7	92477947	92478946	ERVW-1	13525	promoter
chr7	92528521	92529520	PEX1	8850	promoter
chr7	92527795	92528794	RBM48	21785	promoter
chr7	92590391	92591390	FAM133B	28629	promoter
chr7	92836574	92837573	CDK6	1777	promoter
chr7	93117980	93118979	SAMD9	1348	promoter
chr7	93148386	93149385	SAMD9L	1349	promoter
chr7	93226470	93227469	HEPACAM2	27364	promoter
chr7	93231366	93232365	VPS50	25956	promoter
chr7	93574725	93575724	CALCR	1440	promoter
chr7	93905567	93906566	GNGT1	4411	promoter
chr7	93890754	93891753	TFPI2	11761	promoter
chr7	93920735	93921734	GNG11	4403	promoter
chr7	94004356	94005355	BET1	14562	promoter
chr7	94393895	94394894	COL1A2	2198	promoter
chr7	94508809	94509808	CASD1	16014	promoter
chr7	94655370	94656369	PEG10	14005	promoter
chr7	94656134	94657133	SGCE	10808	promoter
chr7	94906594	94907593	PPP1R9A	14946	promoter
chr7	95324533	95325532	PON1	9204	promoter
chr7	95396376	95397375	PON3	9206	promoter
chr7	95435029	95436028	PON2	9205	promoter
chr7	95484943	95485942	ASB4	16009	promoter
chr7	95596517	95597516	PDK4	8812	promoter
chr7	95771554	95772553	DYNC1I1	2963	promoter
chr7	96322099	96323098	SLC25A13	10983	promoter
chr7	96709847	96710846	SEM1	10845	promoter
chr7	97004553	97005552	DLX6	2919	promoter
chr7	97024832	97025831	DLX5	2918	promoter
chr7	97116698	97117697	SDHAF3	21752	promoter
chr7	97731086	97732085	TAC1	11517	promoter
chr7	97872409	97873408	ASNS	753	promoter
chr7	97990197	97991196	OCM2	34396	promoter
chr7	98105862	98106861	LMTK2	17880	promoter
chr7	98210439	98211438	BHLHA15	22265	promoter
chr7	98252233	98253232	TECPR1	22214	promoter
chr7	98280686	98281685	BRI3	1109	promoter
chr7	98401091	98402090	BAIAP2L1	21649	promoter
chr7	98616285	98617284	NPTX2	7953	promoter
chr7	98870015	98871014	TMEM130	25429	promoter
chr7	98877532	98878531	TRRAP	12347	promoter
chr7	99144109	99145108	SMURF1	16807	promoter
chr7	99208116	99209115	KPNA7	21839	promoter
chr7	99271839	99272838	MYH16	31038	promoter
chr7	99324898	99325897	ARPC1A	703	promoter
chr7	99373730	99374729	ARPC1B	704	promoter
chr7	99408598	99409597	PDAP1	14634	promoter
chr7	99407969	99408968	BUD31	29629	promoter
chr7	99437943	99438942	CPSF4	2327	promoter
chr7	99438799	99439798	PTCD1	22198	promoter
chr7	99466168	99467167	ATP5MF	848	promoter
chr7	99471890	99472889	ZNF789	27801	promoter
chr7	99503662	99504661	ZKSCAN5	12867	promoter
chr7	99500282	99501281	ZNF394	18832	promoter
chr7	99557642	99558641	ZNF655	30899	promoter
chr7	99552115	99553114	FAM200A	25401	promoter
chr7	99597267	99598266	TMEM225B	53075	promoter
chr7	99615946	99616945	ZSCAN25	21961	promoter
chr7	99679997	99680996	CYP3A5	2638	promoter
chr7	99735197	99736196	CYP3A7	2640	promoter
chr7	99784185	99785184	CYP3A4	2637	promoter
chr7	99827013	99828012	CYP3A43	17450	promoter
chr7	99877034	99878033	OR2AE1	15087	promoter
chr7	99919531	99920530	TRIM4	16275	promoter
chr7	99929621	99930620	GJC3	17495	promoter
chr7	99976032	99977031	AZGP1	910	promoter
chr7	100014596	100015595	ZKSCAN1	13101	promoter
chr7	100048774	100049773	ZSCAN21	13104	promoter
chr7	100081724	100082723	ZNF3	13089	promoter
chr7	100087969	100088968	COPS6	21749	promoter
chr7	100100643	100101642	AP4M1	574	promoter
chr7	100101398	100102397	MCM7	6950	promoter
chr7	100118634	100119633	CNPY4	28631	promoter
chr7	100119359	100120358	TAF6	11540	promoter
chr7	100125967	100126966	MBLAC1	22180	promoter
chr7	100147918	100148917	LAMTOR4	33772	promoter
chr7	100158724	100159723	TRAPPC14	25604	promoter
chr7	100168618	100169617	GAL3ST4	24145	promoter
chr7	100177382	100178381	GPC2	4450	promoter
chr7	100176918	100177917	STAG3	11356	promoter
chr7	100218949	100219948	PVRIG	32190	promoter
chr7	100306702	100307701	SPDYE3	35462	promoter
chr7	100357117	100358116	PILRB	18297	promoter
chr7	100372487	100373486	PILRA	20396	promoter
chr7	100428831	100429830	MEPCE	20247	promoter
chr7	100428704	100429703	ZCWPW1	23486	promoter
chr7	100436498	100437497	PPP1R35	28320	promoter
chr7	100464261	100465260	SPACDR	22135	promoter
chr7	100479215	100480214	TSC22D4	21696	promoter
chr7	100482927	100483926	NYAP1	22009	promoter
chr7	100538203	100539202	AGFG2	5177	promoter
chr7	100573901	100574900	SAP25	41908	promoter
chr7	100585328	100586327	FBXO24	13595	promoter
chr7	100586130	100587129	LRCH4	6691	promoter
chr7	100601363	100602362	PCOLCE	8738	promoter
chr7	100611540	100612539	MOSPD3	25078	promoter
chr7	100641553	100642552	TFR2	11762	promoter
chr7	100656449	100657448	ACTL6B	160	promoter
chr7	100672740	100673739	GNB2	4398	promoter
chr7	100694251	100695250	GIGYF1	9126	promoter
chr7	100705121	100706120	POP7	19949	promoter
chr7	100719468	100720467	EPO	3415	promoter
chr7	100732595	100733594	ZAN	12857	promoter
chr7	100851713	100852712	SLC12A9	17435	promoter
chr7	100827524	100828523	EPHB4	3395	promoter
chr7	100866387	100867386	TRIP6	12311	promoter
chr7	100874103	100875102	SRRT	24101	promoter
chr7	100889716	100890715	UFSP1	33821	promoter
chr7	100895889	100896888	ACHE	108	promoter
chr7	100948534	100949533	MUC3A	7513	promoter
chr7	100968565	100969564	MUC12	7510	promoter
chr7	101019081	101020080	MUC17	16800	promoter
chr7	101084481	101085480	TRIM56	19028	promoter
chr7	101126104	101127103	SERPINE1	8583	promoter
chr7	101153476	101154475	AP1S1	559	promoter
chr7	101165570	101166569	VGF	12684	promoter
chr7	101180294	101181293	NAT16	22030	promoter
chr7	101201037	101202036	MOGAT3	23249	promoter
chr7	101217165	101218164	ZNHIT1	21688	promoter
chr7	101217582	101218581	PLOD3	9083	promoter
chr7	101237803	101238802	CLDN15	2036	promoter
chr7	101245082	101246081	FIS1	21689	promoter
chr7	101321813	101322812	IFT22	21895	promoter
chr7	101361875	101362874	COL26A1	18038	promoter
chr7	101629297	101630296	MYL10	29825	promoter
chr7	101816626	101817625	CUX1	2557	promoter
chr7	102285868	102286867	SH2B2	17381	promoter
chr7	102356445	102357444	SPDYE6	35465	promoter
chr7	102395363	102396362	PRKRIP1	21894	promoter
chr7	102432575	102433574	ORAI2	21667	promoter
chr7	102464864	102465863	ALKBH4	21900	promoter
chr7	102463984	102464983	LRWD1	21769	promoter
chr7	102478923	102479922	POLR2J	9197	promoter
chr7	102517778	102518777	RASA4B	35202	promoter
chr7	102543697	102544696	UPK3BL2	53444	promoter
chr7	102550226	102551225	SPDYE2	33841	promoter
chr7	102572584	102573583	POLR2J3	33853	promoter
chr7	102616757	102617756	RASA4	23181	promoter
chr7	102642792	102643791	UPK3BL1	37278	promoter
chr7	102649319	102650318	SPDYE2B	48334	promoter
chr7	102671664	102672663	POLR2J2	23208	promoter
chr7	102747999	102748998	FAM185A	22412	promoter
chr7	102912000	102912999	LRRC17	16895	promoter
chr7	103074797	103075796	FBXL13	21658	promoter
chr7	103074140	103075139	ARMC10	21706	promoter
chr7	103149100	103150099	NAPEPLD	21683	promoter
chr7	103296435	103297434	PMPCB	9119	promoter
chr7	103346643	103347642	PSMC2	9548	promoter
chr7	103344768	103345767	DNAJC2	13192	promoter
chr7	103446208	103447207	SLC26A5	9359	promoter
chr7	103989659	103990658	RELN	9957	promoter
chr7	104208014	104209013	ORC5	8491	promoter
chr7	104327603	104328602	LHFPL3	6589	promoter
chr7	105013205	105014204	KMT2E	18541	promoter
chr7	105388922	105389921	SRPK2	11306	promoter
chr7	105522272	105523271	PUS7	26033	promoter
chr7	105531201	105532200	RINT1	21876	promoter
chr7	105581494	105582493	EFCAB10	34531	promoter
chr7	105876600	105877599	ATXN7L1	22210	promoter
chr7	105962264	105963263	CDHR3	26308	promoter
chr7	106112313	106113312	SYPL1	11507	promoter
chr7	106284984	106285983	NAMPT	30092	promoter
chr7	106661159	106662158	CCDC71L	26685	promoter
chr7	106864282	106865281	PIK3CG	8978	promoter
chr7	107043705	107044704	PRKAR2B	9392	promoter
chr7	107168003	107169002	HBP1	23200	promoter
chr7	107469057	107470056	GPR22	4477	promoter
chr7	107562971	107563970	DUS4L	21517	promoter
chr7	107563921	107564920	COG5	14857	promoter
chr7	107579246	107580245	BCAP29	24131	promoter
chr7	107659828	107660827	SLC26A4	8818	promoter
chr7	107743142	107744141	CBLL1	21225	promoter
chr7	107803224	107804223	SLC26A3	3018	promoter
chr7	107890183	107891182	DLD	2898	promoter
chr7	108003162	108004161	LAMB1	6486	promoter
chr7	108130362	108131361	LAMB4	6491	promoter
chr7	108456437	108457436	NRCAM	7994	promoter
chr7	108526136	108527135	PNPLA8	28900	promoter
chr7	108569707	108570706	THAP5	23188	promoter
chr7	108568874	108569873	DNAJB9	6968	promoter
chr7	111090127	111091126	LRRN3	17200	promoter
chr7	111562493	111563492	IMMP2L	14598	promoter
chr7	112206400	112207399	DOCK4	19192	promoter
chr7	112205695	112206694	ZNF277	13070	promoter
chr7	112449460	112450459	IFRD1	5456	promoter
chr7	112479991	112480990	LSMEM1	22036	promoter
chr7	112790394	112791393	TMEM168	25826	promoter
chr7	112939876	112940875	SAMTOR	26475	promoter
chr7	113086828	113087827	GPR85	4536	promoter
chr7	113118555	113119554	SMIM30	48953	promoter
chr7	113919010	113920009	PPP1R3A	9291	promoter
chr7	114413815	114414814	FOXP2	13875	promoter
chr7	114921094	114922093	MDFIC	28870	promoter
chr7	116030764	116031763	TFEC	11754	promoter
chr7	116209539	116210538	TES	14620	promoter
chr7	116498738	116499737	CAV2	1528	promoter
chr7	116524036	116525035	CAV1	1527	promoter
chr7	116671196	116672195	MET	7029	promoter
chr7	116861587	116862586	CAPZA2	1490	promoter
chr7	116952501	116953500	ST7	11351	promoter
chr7	117479025	117480024	CFTR	1884	promoter
chr7	117323059	117324058	WNT2	12780	promoter
chr7	117427494	117428493	ASZ1	1350	promoter
chr7	117873442	117874441	CTTNBP2	15679	promoter
chr7	118183164	118184163	LSM8	20471	promoter
chr7	118223704	118224703	ANKRD7	18588	promoter
chr7	120272175	120273174	KCND2	6238	promoter
chr7	120858145	120859144	TSPAN12	21641	promoter
chr7	120949777	120950776	ING3	14587	promoter
chr7	120987711	120988710	CPED1	26159	promoter
chr7	121328000	121328999	WNT16	16267	promoter
chr7	121396309	121397308	FAM3C	18664	promoter
chr7	121872161	121873160	PTPRZ1	9685	promoter
chr7	122144250	122145249	AASS	17366	promoter
chr7	122304751	122305750	FEZF1	22788	promoter
chr7	122699118	122700117	RNF133	21154	promoter
chr7	122702923	122703922	RNF148	22411	promoter
chr7	122886461	122887460	CADPS2	16018	promoter
chr7	122995701	122996700	TAS2R16	14921	promoter
chr7	123199970	123200969	SLC13A1	10916	promoter
chr7	123534596	123535595	IQUB	21995	promoter
chr7	123557819	123558818	NDUFA5	7688	promoter
chr7	123600821	123601820	ASB15	19767	promoter
chr7	123654866	123655865	LMOD2	6648	promoter
chr7	123749004	123750003	WASL	12735	promoter
chr7	123844169	123845168	HYAL4	5323	promoter
chr7	123924241	123925240	SPAM1	11217	promoter
chr7	124033068	124034067	TMEM229A	37279	promoter
chr7	124475317	124476316	SSU72L6	43627	promoter
chr7	124765793	124766792	GPR37	4494	promoter
chr7	124929826	124930825	POT1	17284	promoter
chr7	127252942	127253941	GRM8	4600	promoter
chr7	127392709	127393708	ZNF800	27267	promoter
chr7	127587411	127588410	ARF5	658	promoter
chr7	127592736	127593735	FSCN3	3961	promoter
chr7	127585597	127586596	GCC1	19095	promoter
chr7	127618143	127619142	PAX4	8618	promoter
chr7	127651194	127652193	SND1	30646	promoter
chr7	128031438	128032437	LRRC4	15586	promoter
chr7	128240278	128241277	LEP	6553	promoter
chr7	128343909	128344908	RBM28	21863	promoter
chr7	128361691	128362690	PRRT4	37280	promoter
chr7	128409983	128410982	IMPDH1	6052	promoter
chr7	128454878	128455877	HILPDA	28859	promoter
chr7	128475748	128476747	METTL2B	18272	promoter
chr7	128671292	128672291	GARIN1A	27998	promoter
chr7	128714391	128715390	GARIN1B	30704	promoter
chr7	128738359	128739358	CALU	1458	promoter
chr7	128775795	128776794	OPN1SW	1012	promoter
chr7	128790968	128791967	CCDC136	22225	promoter
chr7	128829406	128830405	FLNC	3756	promoter
chr7	128861856	128862855	ATP6V1F	16832	promoter
chr7	128865330	128866329	SPMIP1	52392	promoter
chr7	128910710	128911709	KCP	17585	promoter
chr7	128936927	128937926	IRF5	6120	promoter
chr7	129055112	129056111	TNPO3	17103	promoter
chr7	129143707	129144706	TSPAN33	28743	promoter
chr7	129187633	129188632	SMO	11119	promoter
chr7	129224030	129225029	AHCYL2	22204	promoter
chr7	129433432	129434431	STRIP2	22209	promoter
chr7	129501531	129502530	SMKR1	43561	promoter
chr7	129610720	129611719	NRF1	7996	promoter
chr7	129952961	129953960	UBE2H	12484	promoter
chr7	130051375	130052374	ZC3HC1	29913	promoter
chr7	130069534	130070533	KLHDC10	22194	promoter
chr7	130206860	130207859	SSMEM1	29580	promoter
chr7	130205407	130206406	TMEM209	21898	promoter
chr7	130265863	130266862	CPA2	2297	promoter
chr7	130292161	130293160	CPA4	15740	promoter
chr7	130343816	130344815	CPA5	15722	promoter
chr7	130379494	130380493	CPA1	2296	promoter
chr7	130441017	130442016	CEP41	12370	promoter
chr7	130668749	130669748	COPG2	2237	promoter
chr7	130686546	130687545	TSGA13	12369	promoter
chr7	130734208	130735207	KLF14	23025	promoter
chr7	131326876	131327875	MKLN1	7109	promoter
chr7	131556629	131557628	PODXL	9171	promoter
chr7	132576471	132577470	PLXNA4	9102	promoter
chr7	133082091	133083090	CHCHD3	21906	promoter
chr7	133252078	133253077	EXOC4	30389	promoter
chr7	134126340	134127339	LRGUK	21964	promoter
chr7	134316931	134317930	SLC35B4	20584	promoter
chr7	134459101	134460100	AKR1B1	381	promoter
chr7	134526567	134527566	AKR1B10	382	promoter
chr7	134548110	134549109	AKR1B15	37281	promoter
chr7	134645853	134646852	BPGM	1093	promoter
chr7	134778634	134779633	CALD1	1441	promoter
chr7	134985508	134986507	AGBL3	27981	promoter
chr7	135147072	135148071	TMEM140	21870	promoter
chr7	135170708	135171707	CYREN	22432	promoter
chr7	135211527	135212526	WDR91	24997	promoter
chr7	135232838	135233837	STRA8	30653	promoter
chr7	135510103	135511102	CNOT4	7880	promoter
chr7	135556917	135557916	NUP205	18658	promoter
chr7	135661514	135662513	STMP1	41909	promoter
chr7	135728187	135729186	SLC13A4	15827	promoter
chr7	135748814	135749813	FAM180A	33773	promoter
chr7	135977360	135978359	MTPN	15667	promoter
chr7	136867652	136868651	CHRM2	1951	promoter
chr7	137343734	137344733	PTN	9630	promoter
chr7	137846975	137847974	DGKI	2855	promoter
chr7	138002087	138003086	CREB3L2	23720	promoter
chr7	138075459	138076458	AKR1D1	388	promoter
chr7	138459259	138460258	TRIM24	11812	promoter
chr7	138701363	138702362	SVOPL	27034	promoter
chr7	138796994	138797993	TMEM213	27220	promoter
chr7	138798197	138799196	ATP6V0A4	866	promoter
chr7	138981390	138982389	KIAA1549	22219	promoter
chr7	139036043	139037042	ZC3HAV1L	22423	promoter
chr7	139109721	139110720	ZC3HAV1	23721	promoter
chr7	139132778	139133777	IFT56	21882	promoter
chr7	139230237	139231236	UBN2	21931	promoter
chr7	139340337	139341336	FMC1	26946	promoter
chr7	139358894	139359893	LUC7L2	21608	promoter
chr7	139483674	139484673	KLRG2	24778	promoter
chr7	139522685	139523684	CLEC2L	21969	promoter
chr7	139828264	139829263	TBXAS1	11609	promoter
chr7	139777999	139778998	HIPK2	14402	promoter
chr7	140062952	140063951	PARP12	21919	promoter
chr7	140176984	140177983	KDM7A	22224	promoter
chr7	140403058	140404057	RAB19	19982	promoter
chr7	140398531	140399530	SLC37A3	20651	promoter
chr7	140479506	140480505	MKRN1	7112	promoter
chr7	140671945	140672944	ADCK2	19039	promoter
chr7	140640814	140641813	DENND2A	22212	promoter
chr7	140695708	140696707	NDUFB2	7697	promoter
chr7	140924930	140925929	BRAF	1097	promoter
chr7	141014953	141015952	MRPS33	16634	promoter
chr7	141073064	141074063	TMEM178B	44112	promoter
chr7	141550410	141551409	AGK	21869	promoter
chr7	141702167	141703166	DENND11	29472	promoter
chr7	141707353	141708352	WEE2	19684	promoter
chr7	141737358	141738357	SSBP1	11317	promoter
chr7	141763097	141764096	TAS2R3	14910	promoter
chr7	141775674	141776673	TAS2R4	14911	promoter
chr7	141789217	141790216	TAS2R5	14912	promoter
chr7	141841486	141842485	PRSS37	29211	promoter
chr7	141886148	141887147	OR9A1P	8486	promoter
chr7	141994879	141995878	MGAM	7043	promoter
chr7	141915399	141916398	OR9A4	15095	promoter
chr7	141946975	141947974	CLEC5A	2054	promoter
chr7	141973774	141974773	TAS2R38	9584	promoter
chr7	142110718	142111717	MGAM2	28101	promoter
chr7	142258059	142259058	PRSS58	39125	promoter
chr7	142432895	142433894	TRBV11-2	12181	promoter
chr7	142748472	142749471	PRSS1	9475	promoter
chr7	142769970	142770969	PRSS2	9483	promoter
chr7	142854076	142855075	EPHB6	3396	promoter
chr7	142885746	142886745	TRPV6	14006	promoter
chr7	142933747	142934746	TRPV5	3145	promoter
chr7	142938484	142939483	LLCFC1	21750	promoter
chr7	142962364	142963363	KEL	6308	promoter
chr7	143027133	143028132	OR9A2	15093	promoter
chr7	143051341	143052340	OR6V1	15090	promoter
chr7	143131077	143132076	PIP	8993	promoter
chr7	143182419	143183418	TAS2R39	18886	promoter
chr7	143221037	143222036	TAS2R40	18885	promoter
chr7	143262441	143263440	GSTK1	16906	promoter
chr7	143283958	143284957	TMEM139	22058	promoter
chr7	143287351	143288350	CASP2	1503	promoter
chr7	143315111	143316110	CLCN1	2019	promoter
chr7	143362714	143363713	FAM131B	22202	promoter
chr7	143380345	143381344	ZYX	13200	promoter
chr7	143408857	143409856	EPHA1	3385	promoter
chr7	143442453	143443452	TAS2R60	20639	promoter
chr7	143476873	143477872	TAS2R41	18883	promoter
chr7	143519470	143520469	OR10AC1	14758	promoter
chr7	143570801	143571800	CTAGE15	37295	promoter
chr7	143619974	143620973	TCAF2	26878	promoter
chr7	143647647	143648646	TCAF2C	53641	promoter
chr7	143757697	143758696	CTAGE6	28644	promoter
chr7	143902177	143903176	TCAF1	22201	promoter
chr7	143934233	143935232	OR2F2	8247	promoter
chr7	143953844	143954843	OR2F1	8246	promoter
chr7	143999320	144000319	OR6B1	8354	promoter
chr7	144047948	144048947	OR2A5	8232	promoter
chr7	144068811	144069810	OR2A25	19562	promoter
chr7	144085278	144086277	OR2A12	15082	promoter
chr7	144108583	144109582	OR2A2	8230	promoter
chr7	144122176	144123175	OR2A14	15084	promoter
chr7	144182466	144183465	CTAGE4	24772	promoter
chr7	144195834	144196833	ARHGEF35	33846	promoter
chr7	144239606	144240605	OR2A42	31230	promoter
chr7	144264793	144265792	OR2A7	8234	promoter
chr7	144269289	144270288	CTAGE8	37294	promoter
chr7	144311419	144312418	OR2A1	8229	promoter
chr7	144354402	144355401	ARHGEF5	13209	promoter
chr7	144410228	144411227	NOBOX	22448	promoter
chr7	144836054	144837053	TPK1	17358	promoter
chr7	146115801	146116800	CNTNAP2	13830	promoter
chr7	148589766	148590765	C7orf33	21724	promoter
chr7	148697903	148698902	CUL1	2551	promoter
chr7	148884292	148885291	EZH2	3527	promoter
chr7	149028506	149029505	PDIA4	30167	promoter
chr7	149090719	149091718	ZNF786	21806	promoter
chr7	149126325	149127324	ZNF425	20690	promoter
chr7	149146453	149147452	ZNF398	18373	promoter
chr7	149194546	149195545	ZNF282	13076	promoter
chr7	149238651	149239650	ZNF212	13004	promoter
chr7	149261196	149262195	ZNF783	27222	promoter
chr7	149461063	149462062	ZNF777	22213	promoter
chr7	149497810	149498809	ZNF746	21948	promoter
chr7	149713951	149714950	KRBA1	22228	promoter
chr7	149773589	149774588	ZNF467	23154	promoter
chr7	149837375	149838374	ZNF862	34519	promoter
chr7	149872969	149873968	ATP6V0E2	21723	promoter
chr7	150322355	150323354	LRRC61	21704	promoter
chr7	150323546	150324545	ACTR3C	37282	promoter
chr7	150341630	150342629	RARRES2	9868	promoter
chr7	150367822	150368821	REPIN1	17922	promoter
chr7	150378330	150379329	ZNF775	28501	promoter
chr7	150449630	150450629	GIMAP8	21792	promoter
chr7	150513872	150514871	GIMAP7	22404	promoter
chr7	150566390	150567389	GIMAP4	21872	promoter
chr7	150632386	150633385	GIMAP6	21918	promoter
chr7	150684706	150685705	GIMAP2	21789	promoter
chr7	150715613	150716612	GIMAP1	23237	promoter
chr7	150736418	150737417	GIMAP5	18005	promoter
chr7	150799769	150800768	TMEM176A	24930	promoter
chr7	150800365	150801364	TMEM176B	29596	promoter
chr7	150851517	150852516	AOC1	80	promoter
chr7	150978322	150979321	KCNH2	6251	promoter
chr7	150990017	150991016	NOS3	7876	promoter
chr7	151024495	151025494	ATG9B	21899	promoter
chr7	151027450	151028449	ABCB8	49	promoter
chr7	151047531	151048530	ASIC3	101	promoter
chr7	151058589	151059588	SLC4A2	11028	promoter
chr7	151057898	151058897	CDK5	1774	promoter
chr7	151080810	151081809	FASTK	24676	promoter
chr7	151083494	151084493	TMUB1	21709	promoter
chr7	151085475	151086474	AGAP3	16923	promoter
chr7	151167695	151168694	GBX1	4185	promoter
chr7	151187251	151188250	ASB10	17185	promoter
chr7	151205497	151206496	IQCA1L	22831	promoter
chr7	151210489	151211488	H2BK1	53833	promoter
chr7	151227206	151228205	ABCF2	71	promoter
chr7	151231483	151232482	CHPF2	29270	promoter
chr7	151248695	151249694	SMARCD3	11108	promoter
chr7	151340812	151341811	NUB1	17623	promoter
chr7	151410039	151411038	WDR86	28020	promoter
chr7	151440142	151441141	CRYGN	20458	promoter
chr7	151519896	151520895	RHEB	10011	promoter
chr7	151877116	151878115	PRKAG2	9386	promoter
chr7	151955446	151956445	GALNTL5	21725	promoter
chr7	152024674	152025673	GALNT11	19875	promoter
chr7	152436004	152437003	KMT2C	13726	promoter
chr7	152676142	152677141	XRCC2	12829	promoter
chr7	152758752	152759751	ACTR3B	17256	promoter
chr7	154051398	154052397	DPP6	3010	promoter
chr7	155003125	155004124	PAXIP1	8624	promoter
chr7	155069324	155070323	HTR5A	5300	promoter
chr7	155296878	155297877	INSIG1	6083	promoter
chr7	155457129	155458128	EN2	3343	promoter
chr7	155546560	155547559	CNPY1	27786	promoter
chr7	155643661	155644660	RBM33	27223	promoter
chr7	155812464	155813463	SHH	10848	promoter
chr7	156639774	156640773	RNF32	17118	promoter
chr7	156893184	156894183	LMBR1	13243	promoter
chr7	156948712	156949711	NOM1	13244	promoter
chr7	157010664	157011663	MNX1	4979	promoter
chr7	157137926	157138925	UBE3C	16803	promoter
chr7	157336004	157337003	DNAJB6	14888	promoter
chr7	158587824	158588823	PTPRN2	9677	promoter
chr7	158704805	158705804	NCAPG2	21904	promoter
chr7	158829510	158830509	ESYT2	22211	promoter
chr7	158855558	158856557	DYNC2I1	21862	promoter
chr7	159144868	159145867	VIPR2	12695	promoter
chr8	167025	168024	OR4F21	19583	promoter
chr8	231456	232455	ZNF596	27268	promoter
chr8	405958	406957	FBXO25	13596	promoter
chr8	544835	545834	TDRP	26951	promoter
chr8	736628	737627	DLGAP2	2906	promoter
chr8	731225	732224	ERICH1	27234	promoter
chr8	1762789	1763788	CLN8	2079	promoter
chr8	1822926	1823925	ARHGEF10	14103	promoter
chr8	1972677	1973676	KBTBD11	29104	promoter
chr8	2044046	2045045	MYOM2	7614	promoter
chr8	4994915	4995914	CSMD1	14026	promoter
chr8	6405627	6406626	MCPH1	6954	promoter
chr8	6563246	6564245	ANGPT2	485	promoter
chr8	6707642	6708641	AGPAT5	20886	promoter
chr8	6835525	6836524	XKR5	20782	promoter
chr8	6877937	6878936	DEFB1	2766	promoter
chr8	6926077	6927076	DEFA6	2765	promoter
chr8	6938307	6939306	DEFA4	2763	promoter
chr8	6980093	6981092	DEFA1	2761	promoter
chr8	6999199	7000198	DEFA1B	33596	promoter
chr8	7018298	7019297	DEFA3	2762	promoter
chr8	7056740	7057739	DEFA5	2764	promoter
chr8	7255904	7256903	FAM90A15	32263	promoter
chr8	7263526	7264525	FAM90A3	32251	promoter
chr8	7278770	7279769	FAM90A13	32261	promoter
chr8	7286392	7287391	FAM90A5	32253	promoter
chr8	7294014	7295013	FAM90A20	32268	promoter
chr8	7311722	7312721	DEFB109B	33469	promoter
chr8	7331387	7332386	USP17L1	37182	promoter
chr8	7336115	7337114	USP17L4	37176	promoter
chr8	7372114	7373113	DEFB108C	30847	promoter
chr8	7385559	7386558	ZNF705G	37134	promoter
chr8	7416864	7417863	DEFB4B	30193	promoter
chr8	7430349	7431348	DEFB103B	31702	promoter
chr8	7463543	7464542	SPAG11B	14534	promoter
chr8	7475083	7476082	DEFB104B	26165	promoter
chr8	7486401	7487400	DEFB106B	28879	promoter
chr8	7486679	7487678	DEFB105B	29930	promoter
chr8	7494911	7495910	DEFB107B	31918	promoter
chr8	7538627	7539626	PRR23D1	49420	promoter
chr8	7559713	7560712	FAM90A7	32255	promoter
chr8	7575007	7576006	FAM90A22	32270	promoter
chr8	7582654	7583653	FAM90A23	32271	promoter
chr8	7714443	7715442	FAM90A14	32262	promoter
chr8	7722091	7723090	FAM90A18	32266	promoter
chr8	7729739	7730738	FAM90A16	32264	promoter
chr8	7737387	7738386	FAM90A8	32256	promoter
chr8	7745034	7746033	FAM90A17	32265	promoter
chr8	7752682	7753681	FAM90A19	32267	promoter
chr8	7760330	7761329	FAM90A9	32257	promoter
chr8	7767977	7768976	FAM90A10	32258	promoter
chr8	7781414	7782413	PRR23D2	49396	promoter
chr8	7815717	7816716	DEFB107A	18086	promoter
chr8	7823881	7824880	DEFB105A	18087	promoter
chr8	7824139	7825138	DEFB106A	18088	promoter
chr8	7835436	7836435	DEFB104A	18115	promoter
chr8	7847008	7848007	SPAG11A	33342	promoter
chr8	7880392	7881391	DEFB103A	15967	promoter
chr8	7893677	7894676	DEFB4A	2767	promoter
chr8	7925337	7926336	ZNF705B	32284	promoter
chr8	7973254	7974253	USP17L8	37181	promoter
chr8	7977986	7978985	USP17L3	37175	promoter
chr8	7997646	7998645	DEFB109C	43844	promoter
chr8	8015353	8016352	FAM90A11	32259	promoter
chr8	8022999	8023998	FAM90A24	32272	promoter
chr8	8030647	8031646	FAM90A12	32260	promoter
chr8	8386440	8387439	PRAG1	25438	promoter
chr8	8700937	8701936	CLDN23	17591	promoter
chr8	8893631	8894630	MFHAS1	16982	promoter
chr8	9001897	9002896	ERI1	23994	promoter
chr8	9150659	9151658	PPP1R3B	14942	promoter
chr8	9554912	9555911	TNKS	11941	promoter
chr8	10053292	10054291	MSRA	7377	promoter
chr8	10524532	10525531	PRSS55	30824	promoter
chr8	10517984	10518983	PRSS51	37321	promoter
chr8	10671628	10672627	C8orf74	32296	promoter
chr8	10655144	10656143	RP1L1	15946	promoter
chr8	10730512	10731511	SOX7	18196	promoter
chr8	10839876	10840875	PINX1	30046	promoter
chr8	11201834	11202833	XKR6	27806	promoter
chr8	11283816	11284815	MTMR9	14596	promoter
chr8	11330012	11331011	SLC35G5	15546	promoter
chr8	11466754	11467753	FAM167A	15549	promoter
chr8	11493387	11494386	BLK	1057	promoter
chr8	11703202	11704201	GATA4	4173	promoter
chr8	11768710	11769709	NEIL2	18956	promoter
chr8	11801741	11802740	FDFT1	3629	promoter
chr8	11868088	11869087	CTSB	2527	promoter
chr8	11974600	11975599	DEFB136	34433	promoter
chr8	11981256	11982255	DEFB135	32400	promoter
chr8	12000753	12001752	DEFB134	32399	promoter
chr8	12071748	12072747	DEFB130B	39814	promoter
chr8	12088338	12089337	ZNF705D	33202	promoter
chr8	12134100	12135099	USP17L7	37180	promoter
chr8	12138850	12139849	USP17L2	34434	promoter
chr8	12158034	12159033	DEFB109D	30838	promoter
chr8	12194083	12195082	FAM86B1	28268	promoter
chr8	12318317	12319316	DEFB130A	18107	promoter
chr8	12436401	12437400	FAM86B2	32222	promoter
chr8	12755527	12756526	LONRF1	26302	promoter
chr8	12944673	12945672	TRMT9B	26725	promoter
chr8	13565869	13566868	C8orf48	26345	promoter
chr8	13514852	13515851	DLC1	2897	promoter
chr8	15238432	15239431	SGCZ	14075	promoter
chr8	15539263	15540262	TUSC3	30242	promoter
chr8	16192652	16193651	MSR1	7376	promoter
chr8	17002346	17003345	FGF20	3677	promoter
chr8	17026238	17027237	MICU3	27820	promoter
chr8	17155482	17156481	ZDHHC2	18469	promoter
chr8	17246858	17247857	CNOT7	14101	promoter
chr8	17245958	17246957	VPS37A	24928	promoter
chr8	17413352	17414351	MTMR7	7454	promoter
chr8	17496088	17497087	SLC7A2	11060	promoter
chr8	17576216	17577215	PDGFRL	8805	promoter
chr8	17801095	17802094	MTUS1	29789	promoter
chr8	17895525	17896524	FGL1	3695	promoter
chr8	17921988	17922987	PCM1	8727	promoter
chr8	18084108	18085107	ASAH1	735	promoter
chr8	18209109	18210108	NAT1	7645	promoter
chr8	18390282	18391281	NAT2	7646	promoter
chr8	19013704	19014703	PSD3	19093	promoter
chr8	19312693	19313692	SH2D4A	26102	promoter
chr8	19757278	19758277	CSGALNACT1	24290	promoter
chr8	19816416	19817415	INTS10	25548	promoter
chr8	19938253	19939252	LPL	6677	promoter
chr8	20183137	20184136	SLC18A1	10934	promoter
chr8	20196381	20197380	ATP6V1B2	854	promoter
chr8	20303964	20304963	LZTS1	13861	promoter
chr8	21788876	21789875	GFRA2	4244	promoter
chr8	21913691	21914690	DOK2	2991	promoter
chr8	21918662	21919661	XPO7	14108	promoter
chr8	22023134	22024133	NPM2	7930	promoter
chr8	22041820	22042819	FGF17	3673	promoter
chr8	22055814	22056813	DMTN	3382	promoter
chr8	22088150	22089149	FHIP2B	16492	promoter
chr8	22109420	22110419	NUDT18	26194	promoter
chr8	22131011	22132010	HRURF	55085	promoter
chr8	22131011	22132010	HR	5172	promoter
chr8	22141908	22142907	REEP4	26176	promoter
chr8	22160798	22161797	SFTPC	10802	promoter
chr8	22156807	22157806	LGI3	18711	promoter
chr8	22164372	22165371	BMP1	1067	promoter
chr8	22232100	22233099	PHYHIP	16865	promoter
chr8	22244133	22245132	POLR3D	1080	promoter
chr8	22274316	22275315	PIWIL2	17644	promoter
chr8	22366278	22367277	SLC39A14	20858	promoter
chr8	22440078	22441077	PPP3CC	9316	promoter
chr8	22550927	22551926	SORBS3	30907	promoter
chr8	22579475	22580474	PDLIM2	13992	promoter
chr8	22598599	22599598	C8orf58	32233	promoter
chr8	22603757	22604756	CCAR2	23360	promoter
chr8	22669122	22670121	BIN3	1054	promoter
chr8	22693481	22694480	EGR3	3240	promoter
chr8	22998548	22999547	RHOBTB2	18756	promoter
chr8	22927915	22928914	PEBP4	28319	promoter
chr8	23069032	23070031	TNFRSF10B	11905	promoter
chr8	23101921	23102920	TNFRSF10C	11906	promoter
chr8	23164028	23165027	TNFRSF10D	11907	promoter
chr8	23225103	23226102	TNFRSF10A	11904	promoter
chr8	23242637	23243636	CHMP7	28439	promoter
chr8	23287108	23288107	R3HCC1	27329	promoter
chr8	23404121	23405120	LOXL2	6666	promoter
chr8	23457648	23458647	ENTPD4	14573	promoter
chr8	23527956	23528955	SLC25A37	29786	promoter
chr8	23682939	23683938	NKX3-1	7838	promoter
chr8	23706757	23707756	NKX2-6	32940	promoter
chr8	23854807	23855806	STC1	11373	promoter
chr8	24293069	24294068	ADAM28	206	promoter
chr8	24383285	24384284	ADAMDEC1	16299	promoter
chr8	24440026	24441025	ADAM7	214	promoter
chr8	24912761	24913760	NEFM	7734	promoter
chr8	24956613	24957612	NEFL	7739	promoter
chr8	25183689	25184688	DOCK5	23476	promoter
chr8	25424262	25425261	GNRH1	4419	promoter
chr8	25458434	25459433	KCTD9	22401	promoter
chr8	25458233	25459232	CDCA2	14623	promoter
chr8	26045414	26046413	EBF2	19090	promoter
chr8	26290508	26291507	PPP2R2A	9304	promoter
chr8	26382054	26383053	BNIP3L	1085	promoter
chr8	26513031	26514030	DPYSL2	3014	promoter
chr8	26513873	26514872	PNMA2	9159	promoter
chr8	26867279	26868278	ADRA1A	277	promoter
chr8	27258405	27259404	STMN4	16078	promoter
chr8	27311273	27312272	TRIM35	16285	promoter
chr8	27324552	27325551	PTK2B	9612	promoter
chr8	27479262	27480261	CHRNA2	1956	promoter
chr8	27490143	27491142	EPHX2	3402	promoter
chr8	27614701	27615700	CLU	2095	promoter
chr8	27632902	27633901	SCARA3	19000	promoter
chr8	27773554	27774553	ESCO2	27230	promoter
chr8	27772641	27773640	CCDC25	25591	promoter
chr8	27837818	27838817	PBK	18282	promoter
chr8	27992674	27993673	SCARA5	28701	promoter
chr8	28083937	28084936	NUGGC	33550	promoter
chr8	28092139	28093138	ELP3	20696	promoter
chr8	28316268	28317267	PNOC	9163	promoter
chr8	28386461	28387460	ZNF395	18737	promoter
chr8	28490230	28491229	FBXO16	13618	promoter
chr8	28493212	28494211	FZD3	4041	promoter
chr8	28700501	28701500	EXTL3	3518	promoter
chr8	28889970	28890969	INTS9	25592	promoter
chr8	28889395	28890394	HMBOX1	26137	promoter
chr8	29263071	29264070	KIF13B	14405	promoter
chr8	29350685	29351684	DUSP4	3070	promoter
chr8	30083065	30084064	SARAF	28789	promoter
chr8	30094408	30095407	LEPROTL1	6555	promoter
chr8	30144666	30145665	MBOAT4	32311	promoter
chr8	30155369	30156368	DCTN6	16964	promoter
chr8	30383541	30384540	RBPMS	19097	promoter
chr8	30637580	30638579	SMIM18	42973	promoter
chr8	30658237	30659236	GTF2E2	4651	promoter
chr8	30727847	30728846	GSR	4623	promoter
chr8	30743164	30744163	UBXN8	30307	promoter
chr8	30812819	30813818	PPP2CB	9300	promoter
chr8	30913009	30914008	TEX15	11738	promoter
chr8	31033357	31034356	PURG	17930	promoter
chr8	31032810	31033809	WRN	12791	promoter
chr8	32547311	32548310	NRG1	7997	promoter
chr8	33473147	33474146	FUT10	19234	promoter
chr8	33484182	33485181	MAK16	13703	promoter
chr8	33513136	33514135	TTI2	26262	promoter
chr8	33567129	33568128	RNF122	21147	promoter
chr8	33600024	33601023	DUSP26	28161	promoter
chr8	35234475	35235474	UNC5D	18634	promoter
chr8	36783374	36784373	KCNU1	18867	promoter
chr8	37694782	37695781	ZNF703	25883	promoter
chr8	37735634	37736633	ERLIN2	1356	promoter
chr8	37761645	37762644	PLPBP	9457	promoter
chr8	37795883	37796882	ADGRA2	17849	promoter
chr8	37849862	37850861	BRF2	17298	promoter
chr8	37899498	37900497	RAB11FIP1	30265	promoter
chr8	37940125	37941124	GOT1L1	28487	promoter
chr8	37966600	37967599	ADRB3	288	promoter
chr8	38029534	38030533	EIF4EBP1	3288	promoter
chr8	38104529	38105528	ASH2L	744	promoter
chr8	38150953	38151952	STAR	11359	promoter
chr8	38175855	38176854	BAG4	940	promoter
chr8	38176494	38177493	LSM1	20472	promoter
chr8	38230585	38231584	DDHD2	29106	promoter
chr8	38269225	38270224	PLPP5	25026	promoter
chr8	38382272	38383271	NSD3	12767	promoter
chr8	38385476	38386475	LETM2	14648	promoter
chr8	38468636	38469635	FGFR1	3688	promoter
chr8	38786236	38787235	TACC1	11522	promoter
chr8	38900346	38901345	PLEKHA2	14336	promoter
chr8	38973228	38974227	HTRA4	26909	promoter
chr8	38995973	38996972	ADAM9	216	promoter
chr8	38996510	38997509	TM2D2	24127	promoter
chr8	39106734	39107733	ADAM32	15479	promoter
chr8	39583568	39584567	ADAM18	196	promoter
chr8	39838228	39839227	ADAM2	198	promoter
chr8	39912891	39913890	IDO1	6059	promoter
chr8	39933651	39934650	IDO2	27269	promoter
chr8	40152482	40153481	TCIM	1357	promoter
chr8	40897827	40898826	ZMAT4	25844	promoter
chr8	41309474	41310473	SFRP1	10776	promoter
chr8	41489582	41490581	GOLGA7	24876	promoter
chr8	41528261	41529260	GINS4	28226	promoter
chr8	41577200	41578199	GPAT4	20880	promoter
chr8	41650818	41651817	NKX6-3	26328	promoter
chr8	41797623	41798622	ANK1	492	promoter
chr8	42051988	42052987	KAT6A	13013	promoter
chr8	42152063	42153062	AP3M2	570	promoter
chr8	42207566	42208565	PLAT	9051	promoter
chr8	42270302	42271301	IKBKB	5960	promoter
chr8	42337494	42338493	POLB	9174	promoter
chr8	42377230	42378229	DKK4	2894	promoter
chr8	42390880	42391879	VDAC3	12674	promoter
chr8	42540585	42541584	SMIM19	25166	promoter
chr8	42501232	42502231	SLC20A2	10947	promoter
chr8	42696366	42697365	CHRNB3	1963	promoter
chr8	42768787	42769786	CHRNA6	15963	promoter
chr8	42843326	42844325	THAP1	20856	promoter
chr8	42895978	42896977	HOOK3	23576	promoter
chr8	42896606	42897605	RNF170	25358	promoter
chr8	43055323	43056322	FNTA	3782	promoter
chr8	43092515	43093514	POMK	26267	promoter
chr8	43139464	43140463	HGSNAT	26527	promoter
chr8	43291483	43292482	POTEA	33893	promoter
chr8	47259938	47260937	SPIDR	28971	promoter
chr8	47738165	47739164	CEBPD	1835	promoter
chr8	47960137	47961136	PRKDC	9413	promoter
chr8	47959941	47960940	MCM4	6947	promoter
chr8	48007431	48008430	UBE2V2	12495	promoter
chr8	48735269	48736268	CLXN	25678	promoter
chr8	48921430	48922429	SNAI2	11094	promoter
chr8	49071344	49072343	PPDPFL	31745	promoter
chr8	49910407	49911406	SNTG1	13740	promoter
chr8	51809446	51810445	PXDNL	26359	promoter
chr8	51899037	51900036	PCMTD1	30483	promoter
chr8	52409757	52410756	ST18	18695	promoter
chr8	52565431	52566430	ALKAL1	33775	promoter
chr8	52714436	52715435	RB1CC1	15574	promoter
chr8	52938182	52939181	NPBWR1	4522	promoter
chr8	53251638	53252637	OPRK1	8154	promoter
chr8	53843246	53844245	ATP6V1H	18303	promoter
chr8	53879872	53880871	RGS20	14600	promoter
chr8	54022449	54023448	TCEA1	11612	promoter
chr8	54101948	54102947	LYPLA1	6737	promoter
chr8	54134241	54135240	MRPL15	14054	promoter
chr8	54456935	54457934	SOX17	18122	promoter
chr8	54615096	54616095	RP1	10263	promoter
chr8	55101028	55102027	XKR4	29394	promoter
chr8	55773379	55774378	TMEM68	26510	promoter
chr8	55772446	55773445	TGS1	17843	promoter
chr8	55878835	55879834	LYN	6735	promoter
chr8	56074507	56075506	RPS20	10405	promoter
chr8	56113983	56114982	MOS	7199	promoter
chr8	56211274	56212273	PLAG1	9045	promoter
chr8	56210789	56211788	CHCHD7	28314	promoter
chr8	56320176	56321175	SDR16C5	30311	promoter
chr8	56446642	56447641	PENK	8831	promoter
chr8	56993868	56994867	BPNT2	26019	promoter
chr8	57993523	57994522	FAM110B	28587	promoter
chr8	58410361	58411360	UBXN2B	27035	promoter
chr8	58500164	58501163	CYP7A1	2651	promoter
chr8	58552261	58553260	SDCBP	10662	promoter
chr8	58659854	58660853	NSMAF	8017	promoter
chr8	59119148	59120147	TOX	18988	promoter
chr8	60281401	60282400	CA8	1382	promoter
chr8	60515987	60516986	RAB2A	9763	promoter
chr8	60677740	60678739	CHD7	20626	promoter
chr8	61286970	61287969	CLVS1	23139	promoter
chr8	61714593	61715592	ASPH	757	promoter
chr8	62247854	62248853	NKAIN3	26829	promoter
chr8	63038807	63039806	GGH	4248	promoter
chr8	63086054	63087053	TTPA	12404	promoter
chr8	63167621	63168620	YTHDF3	26465	promoter
chr8	64579365	64580364	BHLHE22	11963	promoter
chr8	64798738	64799737	CYP7B1	2652	promoter
chr8	65634178	65635177	ARMC1	17684	promoter
chr8	65643734	65644733	MTFR1	29510	promoter
chr8	65842065	65843064	PDE7A	8791	promoter
chr8	66020553	66021552	DNAJC5B	24138	promoter
chr8	66126129	66127128	TRIM55	14215	promoter
chr8	66178465	66179464	CRH	2355	promoter
chr8	66428014	66429013	RRS1	17083	promoter
chr8	66431504	66432503	ADHFE1	16354	promoter
chr8	66492566	66493565	VXN	28498	promoter
chr8	66613219	66614218	MYBL1	7547	promoter
chr8	66667232	66668231	VCPIP1	30897	promoter
chr8	66711781	66712780	SGK3	10812	promoter
chr8	66869771	66870770	MCMDC2	26368	promoter
chr8	66962592	66963591	TCF24	32275	promoter
chr8	67028555	67029554	PPP1R42	33732	promoter
chr8	67063392	67064391	CSPP1	26193	promoter
chr8	67062134	67063133	COPS5	2240	promoter
chr8	67343782	67344781	ARFGEF1	15772	promoter
chr8	67746361	67747360	CPA6	17245	promoter
chr8	67951046	67952045	PREX2	22950	promoter
chr8	68329955	68330954	C8orf34	30905	promoter
chr8	69491847	69492846	SULF1	20391	promoter
chr8	69834979	69835978	SLCO5A1	19046	promoter
chr8	70071253	70072252	PRDM14	14001	promoter
chr8	70403809	70404808	NCOA2	7669	promoter
chr8	70608417	70609416	TRAM1	20568	promoter
chr8	70669186	70670185	LACTB2	18512	promoter
chr8	70668339	70669338	XKR9	20937	promoter
chr8	71362070	71363069	EYA1	3519	promoter
chr8	71844413	71845412	MSC	7321	promoter
chr8	72075585	72076584	TRPA1	497	promoter
chr8	72536225	72537224	KCNB2	6232	promoter
chr8	73007864	73008863	TERF1	11728	promoter
chr8	73093173	73094172	SBSPON	30362	promoter
chr8	73259531	73260530	C8orf89	51258	promoter
chr8	73293602	73294601	RDH10	19975	promoter
chr8	73293634	73294633	RPL7	10363	promoter
chr8	73746841	73747840	STAU2	11371	promoter
chr8	73878863	73879862	UBE2W	25616	promoter
chr8	73972192	73973191	ELOC	11617	promoter
chr8	73975195	73976194	TMEM70	26050	promoter
chr8	73990392	73991391	LY96	17156	promoter
chr8	74349403	74350402	GDAP1	15968	promoter
chr8	74321541	74322540	JPH1	14201	promoter
chr8	74823534	74824533	PI15	8946	promoter
chr8	74983505	74984504	CRISPLD1	18206	promoter
chr8	75538869	75539868	HNF4G	5026	promoter
chr8	76680247	76681246	ZFHX4	30939	promoter
chr8	77000079	77001078	PEX2	9717	promoter
chr8	78515340	78516339	PKIA	9017	promoter
chr8	78665089	78666088	ZC2HC1A	24277	promoter
chr8	78805464	78806463	IL7	6023	promoter
chr8	79610117	79611116	STMN2	10577	promoter
chr8	79767768	79768767	HEY1	4880	promoter
chr8	80030260	80031259	MRPS28	14513	promoter
chr8	80171565	80172564	TPD52	12005	promoter
chr8	80485226	80486225	ZBTB10	30953	promoter
chr8	80874782	80875781	ZNF704	32291	promoter
chr8	81112069	81113068	PAG1	30043	promoter
chr8	81279536	81280535	FABP5	3560	promoter
chr8	81447440	81448439	PMP2	9117	promoter
chr8	81461580	81462579	FABP9	3563	promoter
chr8	81483234	81484233	FABP4	3559	promoter
chr8	81533868	81534867	FABP12	34524	promoter
chr8	81686326	81687325	IMPA1	6050	promoter
chr8	81695059	81696058	SLC10A5	22981	promoter
chr8	81731448	81732447	CHMP4C	30599	promoter
chr8	81721301	81722300	ZFAND1	25858	promoter
chr8	81842186	81843185	SNX16	14980	promoter
chr8	84182274	84183273	RALYL	27036	promoter
chr8	85106238	85107237	LRRCC1	29373	promoter
chr8	85176154	85177153	E2F5	3119	promoter
chr8	85220375	85221374	RBIS	32235	promoter
chr8	85244458	85245457	CA13	14914	promoter
chr8	85437859	85438858	CA3	1374	promoter
chr8	85378114	85379113	CA1	1368	promoter
chr8	85463007	85464006	CA2	1373	promoter
chr8	86097910	86098909	ATP6V0D2	18266	promoter
chr8	86069669	86070668	PSKH2	18997	promoter
chr8	86230382	86231381	SLC7A13	23092	promoter
chr8	86341547	86342546	WWP1	17004	promoter
chr8	86508687	86509686	RMDN1	24285	promoter
chr8	86513435	86514434	CPNE3	2316	promoter
chr8	86743635	86744634	CNGB3	2153	promoter
chr8	86865415	86866414	CNBD1	26663	promoter
chr8	87874016	87875015	DCAF4L2	26657	promoter
chr8	88327484	88328483	MMP16	7162	promoter
chr8	89756816	89757815	RIPK2	10020	promoter
chr8	89901570	89902569	OSGIN2	1355	promoter
chr8	90000477	90001476	DECR1	2753	promoter
chr8	89984668	89985667	NBN	7652	promoter
chr8	90082880	90083879	CALB1	1434	promoter
chr8	90646084	90647083	TMEM64	25441	promoter
chr8	90790775	90791774	NECAB1	20983	promoter
chr8	90985239	90986238	C8orf88	44672	promoter
chr8	91040860	91041859	PIP4P2	25452	promoter
chr8	91069344	91070343	OTUD6B	24281	promoter
chr8	91101619	91102618	LRRC69	34303	promoter
chr8	91248319	91249318	SLC26A7	14467	promoter
chr8	92103386	92104385	RUNX1T1	1535	promoter
chr8	92966145	92967144	TRIQK	27828	promoter
chr8	93699550	93700549	CIBAR1	30452	promoter
chr8	93741010	93742009	RBM12B	32310	promoter
chr8	93753894	93754893	TMEM67	28396	promoter
chr8	93915923	93916922	PDP1	9279	promoter
chr8	94208556	94209555	CDH17	1756	promoter
chr8	94262320	94263319	GEM	4234	promoter
chr8	94436945	94437944	FSBP	43653	promoter
chr8	94475116	94476115	RAD54B	17228	promoter
chr8	94553470	94554469	VIRMA	24500	promoter
chr8	94640174	94641173	ESRP1	25966	promoter
chr8	94718900	94719899	DPY19L4	27829	promoter
chr8	94822287	94823286	INTS8	26048	promoter
chr8	95023989	95024988	NDUFAF6	28625	promoter
chr8	94895202	94896201	CCNE2	1590	promoter
chr8	94949379	94950378	TP53INP1	18022	promoter
chr8	95132785	95133784	PLEKHF2	20757	promoter
chr8	95269202	95270201	CFAP418	27232	promoter
chr8	96160807	96161806	GDF6	4221	promoter
chr8	96235546	96236545	UQCRB	12582	promoter
chr8	96261611	96262610	MTERF3	24258	promoter
chr8	96260902	96261901	PTDSS1	9587	promoter
chr8	96492813	96493812	SDC2	10659	promoter
chr8	96644242	96645241	CPQ	16910	promoter
chr8	97277929	97278928	TSPYL5	29367	promoter
chr8	97643184	97644183	MTDH	29608	promoter
chr8	97774788	97775787	LAPTM4B	13646	promoter
chr8	97868064	97869063	MATN2	6908	promoter
chr8	98045546	98046545	RPL30	10333	promoter
chr8	98063568	98064567	ERICH5	26823	promoter
chr8	98117172	98118171	RIDA	16897	promoter
chr8	98116293	98117292	POP1	30129	promoter
chr8	98294236	98295235	NIPAL2	25854	promoter
chr8	98425958	98426957	KCNS2	6301	promoter
chr8	98825689	98826688	STK3	11406	promoter
chr8	98943442	98944441	OSR2	15830	promoter
chr8	99012274	99013273	VPS13B	2183	promoter
chr8	99893708	99894707	COX6C	2285	promoter
chr8	100106050	100107049	RGS22	24499	promoter
chr8	100145818	100146817	FBXO43	28521	promoter
chr8	100149636	100150635	POLR2K	9198	promoter
chr8	100157587	100158586	SPAG1	11212	promoter
chr8	100309954	100310953	RNF19A	13432	promoter
chr8	100559760	100560759	ANKRD46	27229	promoter
chr8	100649666	100650665	SNX31	28605	promoter
chr8	100722089	100723088	PABPC1	8554	promoter
chr8	100952021	100953020	YWHAZ	12855	promoter
chr8	101205674	101206673	ZNF706	24992	promoter
chr8	101491439	101492438	GRHL2	2799	promoter
chr8	101790970	101791969	NCALD	7655	promoter
chr8	102238962	102239961	RRM2B	17296	promoter
chr8	102412701	102413700	UBR5	16806	promoter
chr8	102550589	102551588	ODF1	8113	promoter
chr8	102655726	102656725	KLF10	11810	promoter
chr8	102864164	102865163	AZIN1	16432	promoter
chr8	103020083	103021082	ATP6V1C1	856	promoter
chr8	103139725	103140724	BAALC	14333	promoter
chr8	103297898	103298897	FZD6	4044	promoter
chr8	103370538	103371537	CTHRC1	18831	promoter
chr8	103414386	103415385	DCAF13	24535	promoter
chr8	103415108	103416107	SLC25A32	29683	promoter
chr8	103499610	103500609	RIMS2	17283	promoter
chr8	104338826	104339825	DCSTAMP	18549	promoter
chr8	104467056	104468055	DPYS	3013	promoter
chr8	104589259	104590258	LRP12	31708	promoter
chr8	105317438	105318437	ZFPM2	16700	promoter
chr8	106269190	106270189	OXR1	15822	promoter
chr8	106770245	106771244	ABRA	30655	promoter
chr8	107497919	107498918	ANGPT1	484	promoter
chr8	108083621	108084620	RSPO2	28583	promoter
chr8	108248718	108249717	EIF3E	3277	promoter
chr8	108442624	108443623	EMC2	28963	promoter
chr8	108787595	108788594	TMEM74	26409	promoter
chr8	109085585	109086584	TRHR	12299	promoter
chr8	109334088	109335087	NUDCD1	24306	promoter
chr8	109333347	109334346	ENY2	24449	promoter
chr8	109361461	109362460	PKHD1L1	20313	promoter
chr8	109539173	109540172	EBAG9	3123	promoter
chr8	109644823	109645822	SYBU	26011	promoter
chr8	109975772	109976771	KCNV1	18861	promoter
chr8	113436940	113437939	CSMD3	19291	promoter
chr8	115668976	115669975	TRPS1	12340	promoter
chr8	116765524	116766523	UTP23	28224	promoter
chr8	116755824	116756823	EIF3H	3273	promoter
chr8	116874777	116875776	RAD21	9811	promoter
chr8	116937207	116938206	AARD	33842	promoter
chr8	117133995	117134994	SLC30A8	20303	promoter
chr8	117519713	117520712	MED30	23032	promoter
chr8	118111827	118112826	EXT1	3512	promoter
chr8	118621964	118622963	SAMD12	31750	promoter
chr8	118951886	118952885	TNFRSF11B	11909	promoter
chr8	119066247	119067246	COLEC10	2220	promoter
chr8	119207363	119208362	MAL2	13634	promoter
chr8	119415446	119416445	CCN3	7885	promoter
chr8	119638840	119639839	ENPP2	3357	promoter
chr8	119832842	119833841	TAF2	11536	promoter
chr8	119855895	119856894	DSCC1	24453	promoter
chr8	119872722	119873721	DEPTOR	22953	promoter
chr8	120124102	120125101	COL14A1	2191	promoter
chr8	120444419	120445418	MTBP	7417	promoter
chr8	120445151	120446150	MRPL13	14278	promoter
chr8	120812047	120813046	SNTB1	11168	promoter
chr8	121641441	121642440	HAS2	4819	promoter
chr8	122780655	122781654	ZHX2	18513	promoter
chr8	123071707	123072706	TBC1D31	30888	promoter
chr8	123042303	123043302	DERL1	28454	promoter
chr8	123181665	123182664	FAM83A	28210	promoter
chr8	123241378	123242377	C8orf76	25924	promoter
chr8	123274287	123275286	ZHX1	12871	promoter
chr8	123396448	123397447	ATAD2	30123	promoter
chr8	123415774	123416773	NTAQ1	25490	promoter
chr8	123541207	123542206	FBXO32	16731	promoter
chr8	123653802	123654801	KLHL38	34435	promoter
chr8	123737394	123738393	ANXA13	536	promoter
chr8	123767439	123768438	FAM91A1	26306	promoter
chr8	123850987	123851986	FER1L6	28065	promoter
chr8	124372702	124373701	TMEM65	25203	promoter
chr8	124449820	124450819	TRMT12	26091	promoter
chr8	124473880	124474879	RNF139	17023	promoter
chr8	124538123	124539122	NDUFB9	7704	promoter
chr8	124539086	124540085	TATDN1	24220	promoter
chr8	124728474	124729473	MTSS1	20443	promoter
chr8	124972295	124973294	ZNF572	26758	promoter
chr8	124997505	124998504	SQLE	11279	promoter
chr8	125090860	125091859	NSMCE2	26513	promoter
chr8	125091793	125092792	WASHC5	28984	promoter
chr8	125429358	125430357	TRIB1	16891	promoter
chr8	126558479	126559478	LRATD2	24166	promoter
chr8	127414867	127415866	POU5F1B	9223	promoter
chr8	127735231	127736230	MYC	7553	promoter
chr8	129786625	129787624	GSDMC	7151	promoter
chr8	130016561	130017560	CYRIB	25216	promoter
chr8	130443675	130444674	ASAP1	2720	promoter
chr8	131040910	131041909	ADCY8	239	promoter
chr8	131903093	131904092	EFR3A	28970	promoter
chr8	132059383	132060382	OC90	8100	promoter
chr8	132111158	132112157	HHLA1	4904	promoter
chr8	132481096	132482095	KCNQ3	6297	promoter
chr8	132675546	132676545	DNAAF11	16725	promoter
chr8	132760583	132761582	TMEM71	26572	promoter
chr8	132774388	132775387	PHF20L1	24280	promoter
chr8	132865958	132866957	TG	11764	promoter
chr8	133102603	133103602	SLA	10902	promoter
chr8	133190039	133191038	CCN4	12769	promoter
chr8	133297253	133298252	NDRG1	7679	promoter
chr8	133571888	133572887	ST3GAL1	10862	promoter
chr8	134713032	134714031	ZFAT	19899	promoter
chr8	135456456	135457455	KHDRBS3	18117	promoter
chr8	138497262	138498261	FAM135B	28029	promoter
chr8	138914042	138915041	COL22A1	22989	promoter
chr8	139703124	139704123	KCNK9	6283	promoter
chr8	140457745	140458744	TRAPPC9	30832	promoter
chr8	140510322	140511321	CHRAC1	13544	promoter
chr8	140635634	140636633	AGO2	3263	promoter
chr8	141001283	141002282	PTK2	9611	promoter
chr8	141127589	141128588	DENND3	29134	promoter
chr8	141308289	141309288	SLC45A4	29196	promoter
chr8	141367287	141368286	GPR20	4475	promoter
chr8	141391021	141392020	PTP4A3	9636	promoter
chr8	141507231	141508230	MROH5	42976	promoter
chr8	141513671	141514670	C8orf90	56305	promoter
chr8	142403183	142404182	TSNARE1	26437	promoter
chr8	142448649	142449648	ADGRB1	943	promoter
chr8	142614480	142615479	ARC	648	promoter
chr8	142679495	142680494	PSCA	9500	promoter
chr8	142669968	142670967	JRK	6199	promoter
chr8	142699111	142700110	LY6K	24225	promoter
chr8	142726223	142727222	THEM6	29656	promoter
chr8	142742407	142743406	SLURP1	18746	promoter
chr8	142752533	142753532	LYPD2	25215	promoter
chr8	142769829	142770828	SLURP2	25549	promoter
chr8	142777203	142778202	LYNX1	29604	promoter
chr8	142786540	142787539	LY6D	13348	promoter
chr8	142833801	142834800	GML	4375	promoter
chr8	142879826	142880825	CYP11B1	2591	promoter
chr8	142917844	142918843	CYP11B2	2592	promoter
chr8	143017529	143018528	LY6E	6727	promoter
chr8	143045711	143046710	LY6S	54397	promoter
chr8	143079630	143080629	LY6L	52284	promoter
chr8	143160322	143161321	LY6H	6728	promoter
chr8	143212218	143213217	GPIHBP1	24945	promoter
chr8	143245939	143246938	ZFP41	26786	promoter
chr8	143266445	143267444	GLI4	4320	promoter
chr8	143290417	143291416	ZNF696	25872	promoter
chr8	143334881	143335880	TOP1MT	29787	promoter
chr8	143367876	143368875	RHPN1	19973	promoter
chr8	143430733	143431732	MAFA	23145	promoter
chr8	143541448	143542447	ZC3H3	28972	promoter
chr8	143557346	143558345	GSDMD	25697	promoter
chr8	143572773	143573772	MROH6	27814	promoter
chr8	143578331	143579330	NAPRT	30450	promoter
chr8	143596831	143597830	TIGD5	18336	promoter
chr8	143597416	143598415	EEF1D	3211	promoter
chr8	143609576	143610575	PYCR3	25846	promoter
chr8	143617550	143618549	GFUS	12390	promoter
chr8	143635019	143636018	ZNF623	29084	promoter
chr8	143683479	143684478	ZNF707	27815	promoter
chr8	143708110	143709109	CCDC166	41910	promoter
chr8	143715349	143716348	MAPK15	24667	promoter
chr8	143733139	143734138	IQANK1	49576	promoter
chr8	143733780	143734779	FAM83H	24797	promoter
chr8	143815774	143816773	SCRIB	30377	promoter
chr8	143829316	143830315	PUF60	17042	promoter
chr8	143840974	143841973	NRBP2	19339	promoter
chr8	143878468	143879467	EPPK1	15577	promoter
chr8	143939598	143940597	PLEC	9069	promoter
chr8	143989056	143990055	GRINA	4589	promoter
chr8	144011280	144012279	SPATC1	30510	promoter
chr8	143986461	143987460	PARP10	25895	promoter
chr8	144060693	144061692	OPLAH	8149	promoter
chr8	144077672	144078671	EXOSC4	18189	promoter
chr8	144081634	144082633	GPAA1	4446	promoter
chr8	144094076	144095075	CYC1	2579	promoter
chr8	144103461	144104460	MAF1	24966	promoter
chr8	144106739	144107738	WDR97	26959	promoter
chr8	144103774	144104773	SHARPIN	25321	promoter
chr8	144136774	144137773	HGH1	24161	promoter
chr8	144147016	144148015	MROH1	26958	promoter
chr8	144265453	144266452	SCX	32322	promoter
chr8	144291439	144292438	BOP1	15519	promoter
chr8	144290604	144291603	HSF1	5224	promoter
chr8	144326853	144327852	DGAT1	2843	promoter
chr8	144357613	144358612	SLC52A2	30224	promoter
chr8	144336483	144337482	SCRT1	15950	promoter
chr8	144354932	144355931	TMEM249	44155	promoter
chr8	144358473	144359472	FBXL6	13603	promoter
chr8	144373047	144374046	ADCK5	21738	promoter
chr8	144409336	144410335	CPSF1	2324	promoter
chr8	144416845	144417844	SLC39A4	17129	promoter
chr8	144428549	144429548	VPS28	18178	promoter
chr8	144444441	144445440	TONSL	7801	promoter
chr8	144462872	144463871	ZFTRAF1	17806	promoter
chr8	144465036	144466035	TMEM276-ZFTRAF1	56752	promoter
chr8	144465493	144466492	TMEM276	56235	promoter
chr8	144465337	144466336	KIFC2	29530	promoter
chr8	144475850	144476849	FOXH1	3814	promoter
chr8	144476982	144477981	PPP1R16A	14941	promoter
chr8	144503140	144504139	GPT	4552	promoter
chr8	144508070	144509069	MFSD3	25157	promoter
chr8	144517834	144518833	RECQL4	9949	promoter
chr8	144516992	144517991	LRRC14	20419	promoter
chr8	144527034	144528033	LRRC24	28947	promoter
chr8	144529112	144530111	C8orf82	33826	promoter
chr8	144685847	144686846	ARHGAP39	29351	promoter
chr8	144755532	144756531	ZNF251	13045	promoter
chr8	144787318	144788317	ZNF34	13098	promoter
chr8	144792391	144793390	RPL8	10368	promoter
chr8	144797913	144798912	ZNF517	27984	promoter
chr8	144826560	144827559	ZNF7	13139	promoter
chr8	144853049	144854048	COMMD5	17902	promoter
chr8	144901454	144902453	ZNF250	13044	promoter
chr8	144950881	144951880	ZNF16	12947	promoter
chr8	145051467	145052466	C8orf33	26104	promoter
chr9	29457	30456	WASHC1	24361	promoter
chr9	118418	119417	FOXD4	3805	promoter
chr9	179057	180056	ZNG1A	17134	promoter
chr9	213865	214864	DOCK8	19191	promoter
chr9	503695	504694	KANK1	19309	promoter
chr9	840697	841696	DMRT1	2934	promoter
chr9	975655	976654	DMRT3	13909	promoter
chr9	1049357	1050356	DMRT2	2935	promoter
chr9	2014347	2015346	SMARCA2	11098	promoter
chr9	2620787	2621786	VLDLR	12698	promoter
chr9	2716510	2717509	KCNV2	19698	promoter
chr9	2844096	2845095	PUM3	29676	promoter
chr9	3526002	3527001	RFX3	9984	promoter
chr9	4300069	4301068	GLIS3	28510	promoter
chr9	4489468	4490467	SLC1A1	10939	promoter
chr9	4661294	4662293	PLPP6	23682	promoter
chr9	4666481	4667480	SPATA6L	25472	promoter
chr9	4678569	4679568	CDC37L1	17179	promoter
chr9	4741203	4742202	AK3	17376	promoter
chr9	4791944	4792943	RCL1	17687	promoter
chr9	4984272	4985271	JAK2	6192	promoter
chr9	5185640	5186639	INSL6	6089	promoter
chr9	5230419	5231418	INSL4	6087	promoter
chr9	5304717	5305716	RLN2	10027	promoter
chr9	5339877	5340876	RLN1	10026	promoter
chr9	5437926	5438925	PLGRKT	23633	promoter
chr9	5449542	5450541	CD274	17635	promoter
chr9	5509531	5510530	PDCD1LG2	18731	promoter
chr9	5628107	5629106	RIC1	17686	promoter
chr9	5833118	5834117	ERMP1	23703	promoter
chr9	5889889	5890888	MLANA	7124	promoter
chr9	6008483	6009482	BRD10	23378	promoter
chr9	6015625	6016624	RANBP6	9851	promoter
chr9	6214807	6215806	IL33	16028	promoter
chr9	6327375	6328374	TPD52L3	23382	promoter
chr9	6412199	6413198	UHRF2	12557	promoter
chr9	6645730	6646729	GLDC	4313	promoter
chr9	6756973	6757972	KDM4C	17071	promoter
chr9	7799779	7800778	DMAC1	30536	promoter
chr9	10613003	10614002	PTPRD	9668	promoter
chr9	12692385	12693384	TYRP1	12450	promoter
chr9	12774020	12775019	LURAP1L	31452	promoter
chr9	13279693	13280692	MPDZ	7208	promoter
chr9	14314142	14315141	NFIB	7785	promoter
chr9	14693433	14694432	ZDHHC21	20750	promoter
chr9	14722734	14723733	CER1	1862	promoter
chr9	14910429	14911428	FREM1	23399	promoter
chr9	15307217	15308216	TTC39B	23704	promoter
chr9	15421876	15422875	SNAPC3	11136	promoter
chr9	15510971	15511970	PSIP1	9527	promoter
chr9	15552043	15553042	CCDC171	29828	promoter
chr9	16870671	16871670	BNC2	30988	promoter
chr9	17134040	17135039	CNTLN	23432	promoter
chr9	17578066	17579065	SH3GL2	10831	promoter
chr9	18473153	18474152	ADAMTSL1	14632	promoter
chr9	19033210	19034209	SAXO1	28566	promoter
chr9	19048427	19049426	RRAGA	16963	promoter
chr9	19102905	19103904	HAUS6	25948	promoter
chr9	19127493	19128492	PLIN2	248	promoter
chr9	19229693	19230692	DENND4C	26079	promoter
chr9	19380237	19381236	RPS6	10429	promoter
chr9	19408009	19409008	ACER2	23675	promoter
chr9	19789038	19790037	SLC24A2	10976	promoter
chr9	20622500	20623499	MLLT3	7136	promoter
chr9	20683259	20684258	FOCAD	23377	promoter
chr9	21031641	21032640	HACD4	20920	promoter
chr9	21077943	21078942	IFNB1	5434	promoter
chr9	21141833	21142832	IFNW1	5448	promoter
chr9	21166661	21167660	IFNA21	5424	promoter
chr9	21187588	21188587	IFNA4	5425	promoter
chr9	21202206	21203205	IFNA7	5428	promoter
chr9	21207144	21208143	IFNA10	5418	promoter
chr9	21217312	21218311	IFNA16	5421	promoter
chr9	21228223	21229222	IFNA17	5422	promoter
chr9	21240006	21241005	IFNA14	5420	promoter
chr9	21305314	21306313	IFNA5	5426	promoter
chr9	21335405	21336404	KLHL9	18732	promoter
chr9	21350888	21351887	IFNA6	5427	promoter
chr9	21368058	21369057	IFNA13	5419	promoter
chr9	21385399	21386398	IFNA2	5423	promoter
chr9	21408117	21409116	IFNA8	5429	promoter
chr9	21439439	21440438	IFNA1	5417	promoter
chr9	21482314	21483313	IFNE	18163	promoter
chr9	21801636	21802635	MTAP	7413	promoter
chr9	21974858	21975857	CDKN2A	1787	promoter
chr9	22009306	22010305	CDKN2B	1788	promoter
chr9	22445824	22446823	DMRTA1	13826	promoter
chr9	23826241	23827240	ELAVL2	3313	promoter
chr9	24545898	24546897	IZUMO3	31421	promoter
chr9	25678445	25679444	TUSC1	31010	promoter
chr9	26892803	26893802	CAAP1	25834	promoter
chr9	26955412	26956411	IFT74	21424	promoter
chr9	26947243	26948242	PLAA	9043	promoter
chr9	27005673	27006672	LRRC19	23379	promoter
chr9	27108225	27109224	TEK	11724	promoter
chr9	27297151	27298150	EQTN	1359	promoter
chr9	27523290	27524289	IFNK	21714	promoter
chr9	27529815	27530814	MOB3B	23825	promoter
chr9	27573482	27574481	C9orf72	28337	promoter
chr9	29213602	29214601	LINGO2	21207	promoter
chr9	32383643	32384642	ACO1	117	promoter
chr9	32526197	32527196	RIGI	19102	promoter
chr9	32551327	32552326	SMIM27	31420	promoter
chr9	32552587	32553586	TOPORS	21653	promoter
chr9	32573160	32574159	NDUFB6	7701	promoter
chr9	32635670	32636669	TAF1L	18056	promoter
chr9	32782540	32783539	TMEM215	33816	promoter
chr9	33001629	33002628	APTX	15984	promoter
chr9	33024273	33025272	DNAJA1	5229	promoter
chr9	33076675	33077674	SMU1	18247	promoter
chr9	33167337	33168336	B4GALT1	924	promoter
chr9	33239167	33240166	SPINK4	16646	promoter
chr9	33264709	33265708	BAG1	937	promoter
chr9	33264049	33265048	CHMP5	26942	promoter
chr9	33289516	33290515	NFX1	7803	promoter
chr9	33402569	33403568	AQP7	640	promoter
chr9	33447594	33448593	AQP3	636	promoter
chr9	33473925	33474924	NOL6	19910	promoter
chr9	33523251	33524250	ANKRD18B	23644	promoter
chr9	33794561	33795560	PRSS3	9486	promoter
chr9	33816160	33817159	UBE2R2	19907	promoter
chr9	34048888	34049887	UBAP2	14185	promoter
chr9	34126699	34127698	DCAF12	19911	promoter
chr9	34178043	34179042	UBAP1	12461	promoter
chr9	34329269	34330268	KIF24	19916	promoter
chr9	34328569	34329568	NUDT2	8049	promoter
chr9	34376899	34377898	MYORG	19918	promoter
chr9	34397811	34398810	SPMIP6	19919	promoter
chr9	34457805	34458804	DNAI1	2954	promoter
chr9	34458571	34459570	FAM219A	19920	promoter
chr9	34522991	34523990	ENHO	24838	promoter
chr9	34589725	34590724	CNTFR	2170	promoter
chr9	34612098	34613097	RPP25L	19909	promoter
chr9	34620496	34621495	DCTN3	2713	promoter
chr9	34629067	34630066	ARID3C	21209	promoter
chr9	34637788	34638787	SIGMAR1	8157	promoter
chr9	34645675	34646674	GALT	4135	promoter
chr9	34651185	34652184	IL11RA	5967	promoter
chr9	34662658	34663657	CCL27	10626	promoter
chr9	34691277	34692276	CCL19	10617	promoter
chr9	34710137	34711136	CCL21	10620	promoter
chr9	34729489	34730488	SPATA31F1	41911	promoter
chr9	34895765	34896764	SPATA31F3	42673	promoter
chr9	34957285	34958284	PHF24	29180	promoter
chr9	34988745	34989744	DNAJB5	14887	promoter
chr9	35041240	35042239	SPATA31G1	31418	promoter
chr9	35072626	35073625	VCP	12666	promoter
chr9	35079943	35080942	FANCG	3588	promoter
chr9	35096592	35097591	PIGO	23215	promoter
chr9	35103132	35104131	STOML2	14559	promoter
chr9	35115863	35116862	ATOSB	25666	promoter
chr9	35161009	35162008	UNC13B	12566	promoter
chr9	35489111	35490110	RUSC2	23625	promoter
chr9	35563879	35564878	CIMIP2B	34242	promoter
chr9	35604262	35605261	TESK1	11731	promoter
chr9	35618414	35619413	CD72	1696	promoter
chr9	35650932	35651931	SIT1	17710	promoter
chr9	35657292	35658291	CCDC107	28465	promoter
chr9	35672928	35673927	CA9	1383	promoter
chr9	35665196	35666195	ARHGEF39	25909	promoter
chr9	35689926	35690925	TPM2	12011	promoter
chr9	35732196	35733195	TLN1	11845	promoter
chr9	35731666	35732665	CREB3	2347	promoter
chr9	35749229	35750228	GBA2	18986	promoter
chr9	35748287	35749286	RGP1	21965	promoter
chr9	35754277	35755276	MSMP	29663	promoter
chr9	35790591	35791590	NPR2	7944	promoter
chr9	35812263	35813262	SPAG8	14105	promoter
chr9	35828228	35829227	TMEM8B	21427	promoter
chr9	35815043	35816042	HINT2	18344	promoter
chr9	35828733	35829732	FAM221B	30762	promoter
chr9	35870402	35871401	OR13J1	15108	promoter
chr9	35905202	35906201	HRCT1	33872	promoter
chr9	35908490	35909489	SPAAR	27244	promoter
chr9	35958155	35959154	OR2S2	8276	promoter
chr9	36003868	36004867	OR13C7	15102	promoter
chr9	36035913	36036912	RECK	11345	promoter
chr9	36135733	36136732	GLIPR2	18007	promoter
chr9	36168388	36169387	CCIN	1568	promoter
chr9	36189921	36190920	CLTA	2090	promoter
chr9	36258449	36259448	GNE	23657	promoter
chr9	36400270	36401269	RNF38	18052	promoter
chr9	36571895	36572894	MELK	16870	promoter
chr9	37034269	37035268	PAX5	8619	promoter
chr9	37119574	37120573	ZCCHC7	26209	promoter
chr9	37421696	37422695	GRHPR	4570	promoter
chr9	37465451	37466450	ZBTB5	23836	promoter
chr9	37484948	37485947	POLR1E	17631	promoter
chr9	37576381	37577380	FBXO10	13589	promoter
chr9	37592598	37593597	TOMM5	31369	promoter
chr9	37649954	37650953	FRMPD1	29159	promoter
chr9	37752805	37753804	TRMT10B	26454	promoter
chr9	37799797	37800796	DCAF10	23686	promoter
chr9	37785065	37786064	EXOSC3	17944	promoter
chr9	37904128	37905127	SLC25A51	23323	promoter
chr9	38069228	38070227	SHB	10838	promoter
chr9	38391702	38392701	ALDH1B1	407	promoter
chr9	38424455	38425454	IGFBPL1	20081	promoter
chr9	38620597	38621596	ANKRD18A	23643	promoter
chr9	38720134	38721133	FAM240B	53430	promoter
chr9	39288168	39289167	CNTNAP3	13834	promoter
chr9	39354669	39355668	SPATA31A1	23394	promoter
chr9	41128682	41129681	FOXD4L6	31986	promoter
chr9	41189318	41190317	ZNG1F	31978	promoter
chr9	42129427	42130426	CNTNAP3B	32035	promoter
chr9	42182659	42183658	SPATA31A6	32006	promoter
chr9	60913407	60914406	SPATA31A5	32005	promoter
chr9	61189036	61190035	SPATA31A7	32007	promoter
chr9	61329717	61330716	CNTNAP3C	53878	promoter
chr9	65285210	65286209	FOXD4L5	18522	promoter
chr9	65674928	65675927	ZNG1E	24584	promoter
chr9	65736146	65737145	FOXD4L4	23762	promoter
chr9	66899725	66900724	ZNF658	25226	promoter
chr9	66992551	66993550	SPATA31A3	32003	promoter
chr9	67857931	67858930	ANKRD20A1	23665	promoter
chr9	68240983	68241982	ZNG1C	18519	promoter
chr9	68301867	68302866	FOXD4L3	18523	promoter
chr9	68355611	68356610	PGM5	8908	promoter
chr9	68540884	68541883	TMEM252	28537	promoter
chr9	68704240	68705239	PIP5K1B	8995	promoter
chr9	68779065	68780064	PABIR1	23490	promoter
chr9	69014114	69015113	PRKACG	9382	promoter
chr9	69034752	69035751	FXN	3951	promoter
chr9	69173277	69174276	TJP2	11828	promoter
chr9	69324215	69325214	ENTREP1	24820	promoter
chr9	69672372	69673371	APBA1	578	promoter
chr9	69760012	69761011	PTAR1	30449	promoter
chr9	69819817	69820816	CFAP95	31422	promoter
chr9	70042848	70043847	MAMDC2	23673	promoter
chr9	70257978	70258977	SMC5	20465	promoter
chr9	70414658	70415657	KLF9	1123	promoter
chr9	71121622	71122621	TRPM3	17992	promoter
chr9	71768514	71769513	CEMIP2	11869	promoter
chr9	71911194	71912193	ABHD17B	24278	promoter
chr9	71910639	71911638	C9orf85	28784	promoter
chr9	72060614	72061613	C9orf57	27037	promoter
chr9	72148440	72149439	GDA	4212	promoter
chr9	72365209	72366208	ZFAND5	13008	promoter
chr9	72520608	72521607	TMC1	16513	promoter
chr9	72953054	72954053	ALDH1A1	402	promoter
chr9	73150865	73151864	ANXA1	533	promoter
chr9	74496335	74497334	RORB	10259	promoter
chr9	74887922	74888921	TRPM6	17995	promoter
chr9	74952913	74953912	C9orf40	23433	promoter
chr9	75028294	75029293	CARNMT1	23435	promoter
chr9	75088156	75089155	NMRK1	26057	promoter
chr9	75087514	75088513	OSTF1	8510	promoter
chr9	75889673	75890672	PCSK5	8747	promoter
chr9	76394427	76395426	RFK	30324	promoter
chr9	76458182	76459181	GCNT1	4203	promoter
chr9	76906115	76907114	PRUNE2	25209	promoter
chr9	77018655	77019654	FOXB2	23315	promoter
chr9	77176534	77177533	VPS13A	1908	promoter
chr9	77648323	77649322	GNA14	4382	promoter
chr9	78031812	78032811	GNAQ	4390	promoter
chr9	78235075	78236074	CEP78	25740	promoter
chr9	78296125	78297124	PSAT1	19129	promoter
chr9	79570965	79571964	TLE4	11840	promoter
chr9	81689548	81690547	TLE1	11837	promoter
chr9	81927428	81928427	SPATA31D4	38601	promoter
chr9	81942500	81943499	SPATA31D3	38603	promoter
chr9	81987772	81988771	SPATA31D1	37283	promoter
chr9	83063143	83064142	RASEF	26464	promoter
chr9	83538402	83539401	FRMD3	24125	promoter
chr9	83622143	83623142	IDNK	31367	promoter
chr9	83707959	83708958	UBQLN1	12508	promoter
chr9	83817770	83818769	GKAP1	17496	promoter
chr9	83921433	83922432	KIF27	18632	promoter
chr9	83956743	83957742	QNG1	28144	promoter
chr9	83980216	83981215	HNRNPK	5044	promoter
chr9	83979805	83980804	RMI1	25764	promoter
chr9	84340759	84341758	SLC28A3	16484	promoter
chr9	84668729	84669728	NTRK2	8032	promoter
chr9	85741955	85742954	AGTPBP1	17258	promoter
chr9	85940146	85941145	NAA35	24340	promoter
chr9	86099559	86100558	GOLM1	15451	promoter
chr9	86259658	86260657	C9orf153	31456	promoter
chr9	86282539	86283538	ISCA1	28660	promoter
chr9	86354411	86355410	TUT7	25817	promoter
chr9	86947507	86948506	GAS1	4165	promoter
chr9	87496867	87497866	DAPK1	2674	promoter
chr9	87725119	87726118	CTSL	2537	promoter
chr9	87881877	87882876	SPATA31E1	26672	promoter
chr9	87916962	87917961	SPATA31C1	27846	promoter
chr9	87974534	87975533	CDK20	21420	promoter
chr9	88138476	88139475	SPATA31C2	24508	promoter
chr9	88387444	88388443	SPIN1	11243	promoter
chr9	88534178	88535177	NXNL2	30482	promoter
chr9	88990468	88991467	S1PR3	3167	promoter
chr9	89178819	89179818	SHC3	18181	promoter
chr9	89310195	89311194	CKS2	2000	promoter
chr9	89317500	89318499	SECISBP2	30972	promoter
chr9	89498114	89499113	SEMA4D	10732	promoter
chr9	89604012	89605011	GADD45G	4097	promoter
chr9	90642825	90643824	DIRAS2	19323	promoter
chr9	90800819	90801818	SYK	11491	promoter
chr9	91361919	91362918	AUH	890	promoter
chr9	91423833	91424832	NFIL3	7787	promoter
chr9	91950229	91951228	ROR2	10257	promoter
chr9	92115414	92116413	SPTLC1	11277	promoter
chr9	92293698	92294697	IARS1	5330	promoter
chr9	92325351	92326350	NOL8	23387	promoter
chr9	92324953	92325952	CENPP	32933	promoter
chr9	92404579	92405578	OGN	8126	promoter
chr9	92424472	92425471	OMD	8134	promoter
chr9	92482507	92483506	ASPN	14872	promoter
chr9	92535991	92536990	ECM2	3154	promoter
chr9	92670132	92671131	IPPK	14645	promoter
chr9	92764834	92765833	BICD2	17208	promoter
chr9	92878039	92879038	ZNF484	23385	promoter
chr9	92946523	92947522	FGD3	16027	promoter
chr9	93057701	93058700	SUSD3	28391	promoter
chr9	93095217	93096216	CARD19	28148	promoter
chr9	93134252	93135251	NINJ1	7824	promoter
chr9	93183139	93184138	WNK2	14542	promoter
chr9	93450685	93451684	FAM120A	13247	promoter
chr9	93453582	93454581	FAM120AOS	23389	promoter
chr9	93575584	93576583	PHF2	8920	promoter
chr9	93955356	93956355	BARX1	955	promoter
chr9	94083464	94084463	PTPDC1	30184	promoter
chr9	94258298	94259297	ZNF169	12957	promoter
chr9	94328645	94329644	NUTM2F	23450	promoter
chr9	94373569	94374568	MFSD14B	23376	promoter
chr9	94593825	94594824	FBP2	3607	promoter
chr9	94639519	94640518	FBP1	3606	promoter
chr9	94725699	94726698	AOPEP	1361	promoter
chr9	95317710	95318709	FANCC	3584	promoter
chr9	95509267	95510266	PTCH1	9585	promoter
chr9	95874691	95875690	ERCC6L2	26922	promoter
chr9	96302177	96303176	HSD17B3	5212	promoter
chr9	96383712	96384711	SLC35D2	20799	promoter
chr9	96418371	96419370	ZNF367	18320	promoter
chr9	96449169	96450168	HABP4	17062	promoter
chr9	96619844	96620843	CDC14B	1719	promoter
chr9	96655318	96656317	PRXL2C	16881	promoter
chr9	96778088	96779087	ZNF510	29161	promoter
chr9	96854515	96855514	ZNF782	33110	promoter
chr9	96927843	96928842	NUTM2G	23449	promoter
chr9	97039143	97040142	CTSV	2538	promoter
chr9	97306659	97307658	CCDC180	29303	promoter
chr9	97411096	97412095	TDRD7	30831	promoter
chr9	97500666	97501665	TMOD1	11871	promoter
chr9	97633369	97634368	TSTD2	30087	promoter
chr9	97632821	97633820	NCBP1	7658	promoter
chr9	97697341	97698340	XPA	12814	promoter
chr9	97852226	97853225	FOXE1	3806	promoter
chr9	97922501	97923500	TRMO	30967	promoter
chr9	97938173	97939172	HEMGN	17509	promoter
chr9	97982341	97983340	ANP32B	16677	promoter
chr9	98055732	98056731	NANS	19237	promoter
chr9	98119223	98120222	TRIM14	16283	promoter
chr9	98192638	98193637	CORO2A	2255	promoter
chr9	98255650	98256649	TBC1D2	18026	promoter
chr9	98708936	98709935	GABBR2	4507	promoter
chr9	98796556	98797555	ANKS6	26724	promoter
chr9	98806670	98807669	GALNT12	19877	promoter
chr9	98942907	98943906	COL15A1	2192	promoter
chr9	99104113	99105112	TGFBR1	11772	promoter
chr9	99221943	99222942	ALG2	23159	promoter
chr9	99221282	99222281	SEC61B	16993	promoter
chr9	99820885	99821884	NR4A3	7982	promoter
chr9	99905654	99906653	STX17	11432	promoter
chr9	100099001	100100000	ERP44	18311	promoter
chr9	100098243	100099242	INVS	17870	promoter
chr9	100352943	100353942	TEX10	25988	promoter
chr9	100426143	100427142	MSANTD3	23370	promoter
chr9	100472149	100473148	TMEFF1	11866	promoter
chr9	100577079	100578078	CAVIN4	33742	promoter
chr9	101027727	101028726	PLPPR1	25993	promoter
chr9	101385007	101386006	BAAT	932	promoter
chr9	101398619	101399618	MRPL50	16654	promoter
chr9	101397851	101398850	ZNF189	12980	promoter
chr9	101435775	101436774	ALDOB	417	promoter
chr9	101487174	101488173	PGAP4	28180	promoter
chr9	101532853	101533852	RNF20	10062	promoter
chr9	101594970	101595969	PPP3R2	9318	promoter
chr9	101738648	101739647	GRIN3A	16767	promoter
chr9	102994333	102995332	CYLC2	2583	promoter
chr9	104093309	104094308	SMC2	14011	promoter
chr9	104503263	104504262	OR13F1	14723	promoter
chr9	104527210	104528209	OR13C4	14722	promoter
chr9	104536857	104537856	OR13C3	14704	promoter
chr9	104568168	104569167	OR13C8	15103	promoter
chr9	104599414	104600413	OR13C5	15100	promoter
chr9	104605628	104606627	OR13C2	14701	promoter
chr9	104618205	104619204	OR13C9	15104	promoter
chr9	104693518	104694517	OR13D1	14695	promoter
chr9	104746683	104747682	NIPSNAP3A	23619	promoter
chr9	104763129	104764128	NIPSNAP3B	23641	promoter
chr9	104928156	104929155	ABCA1	29	promoter
chr9	105243651	105244650	SLC44A1	18798	promoter
chr9	105447034	105448033	FSD1L	13753	promoter
chr9	105557131	105558130	FKTN	3622	promoter
chr9	105661457	105662456	TAL2	11557	promoter
chr9	105693541	105694540	TMEM38B	25535	promoter
chr9	106862166	106863165	ZNF462	21684	promoter
chr9	107282279	107283278	RAD23B	9813	promoter
chr9	107489770	107490769	KLF4	6348	promoter
chr9	108855987	108856986	ACTL7B	162	promoter
chr9	108861266	108862265	ACTL7A	161	promoter
chr9	108934125	108935124	ELP1	5959	promoter
chr9	108933400	108934399	ABITRAM	1364	promoter
chr9	109013500	109014499	CTNNAL1	2512	promoter
chr9	109119948	109120947	TMEM245	1363	promoter
chr9	109167250	109168249	FRRS1L	1362	promoter
chr9	109321060	109322059	EPB41L4B	19818	promoter
chr9	109498308	109499307	PTPN3	9655	promoter
chr9	109779198	109780197	PALM2AKAP2	33529	promoter
chr9	110208160	110209159	C9orf152	31455	promoter
chr9	110256508	110257507	TXN	12435	promoter
chr9	110337864	110338863	TXNDC8	31454	promoter
chr9	110579742	110580741	SVEP1	15985	promoter
chr9	110667791	110668790	MUSK	7525	promoter
chr9	111038471	111039470	LPAR1	3166	promoter
chr9	111330225	111331224	OR2K2	8264	promoter
chr9	111484384	111485383	ECPAS	29020	promoter
chr9	111524179	111525178	ZNF483	23384	promoter
chr9	111599648	111600647	PTGR1	18429	promoter
chr9	111630334	111631333	DNAJC25	34187	promoter
chr9	111660605	111661604	GNG10	4402	promoter
chr9	111794938	111795937	SHOC1	26535	promoter
chr9	111895814	111896813	UGCG	12524	promoter
chr9	112175298	112176297	SUSD1	25413	promoter
chr9	112333620	112334619	PTBP3	10253	promoter
chr9	112379108	112380107	HSDL2	18572	promoter
chr9	112485827	112486826	KIAA1958	23427	promoter
chr9	112718118	112719117	INIP	24994	promoter
chr9	112749760	112750759	SNX30	23685	promoter
chr9	112890877	112891876	SLC46A2	16055	promoter
chr9	113012193	113013192	ZNF883	27271	promoter
chr9	113056725	113057724	ZFP37	12863	promoter
chr9	113150007	113151006	SLC31A2	11017	promoter
chr9	113221278	113222277	FKBP15	23397	promoter
chr9	113220544	113221543	SLC31A1	11016	promoter
chr9	113275573	113276572	CDC26	17839	promoter
chr9	113274658	113275657	PRPF4	17349	promoter
chr9	113303377	113304376	RNF183	28721	promoter
chr9	113340276	113341275	WDR31	21421	promoter
chr9	113348541	113349540	BSPRY	18232	promoter
chr9	113376987	113377986	HDHD3	28171	promoter
chr9	113401285	113402284	ALAD	395	promoter
chr9	113409747	113410746	C9orf43	23570	promoter
chr9	113410676	113411675	POLE3	13546	promoter
chr9	113462727	113463726	RGS3	9999	promoter
chr9	113875309	113876308	ZNF618	29416	promoter
chr9	114078301	114079300	AMBP	453	promoter
chr9	114099293	114100292	KIF12	21495	promoter
chr9	114154537	114155536	COL27A1	22986	promoter
chr9	114322098	114323097	ORM1	8498	promoter
chr9	114328869	114329868	ORM2	8499	promoter
chr9	114387983	114388982	AKNA	24108	promoter
chr9	114505474	114506473	WHRN	16361	promoter
chr9	114586769	114587768	ATP6V1G1	864	promoter
chr9	114610291	114611290	TMEM268	24513	promoter
chr9	114657806	114658805	TEX53	53655	promoter
chr9	114682193	114683192	TEX48	52393	promoter
chr9	114806040	114807039	TNFSF15	11931	promoter
chr9	114930592	114931591	TNFSF8	11938	promoter
chr9	115118158	115119157	TNC	5318	promoter
chr9	116152791	116153790	PAPPA	8602	promoter
chr9	116686305	116687304	TRIM32	16380	promoter
chr9	117415058	117416057	ASTN2	17021	promoter
chr9	117703403	117704402	TLR4	11850	promoter
chr9	119369436	119370435	BRINP1	2687	promoter
chr9	120580168	120581167	CDK5RAP2	18672	promoter
chr9	120714471	120715470	MEGF9	3234	promoter
chr9	120792467	120793466	B3GALT9	53652	promoter
chr9	120793417	120794416	FBXW2	13608	promoter
chr9	120842923	120843922	PSMD5	9563	promoter
chr9	120877189	120878188	PHF19	24566	promoter
chr9	120926797	120927796	TRAF1	12031	promoter
chr9	121073955	121074954	CNTRL	1858	promoter
chr9	121050276	121051275	C5	1331	promoter
chr9	121267162	121268161	GSN	4620	promoter
chr9	121201870	121202869	RAB14	16524	promoter
chr9	121370251	121371250	STOM	3383	promoter
chr9	121499845	121500844	GGTA1	4253	promoter
chr9	121650634	121651633	DAB2IP	17294	promoter
chr9	122093309	122094308	TTLL11	18113	promoter
chr9	122159780	122160779	NDUFA8	7692	promoter
chr9	122158908	122159907	MORN5	17841	promoter
chr9	122228958	122229957	LHX6	21735	promoter
chr9	122263882	122264881	MRRF	7234	promoter
chr9	122264841	122265840	RBM18	28413	promoter
chr9	122370024	122371023	PTGS1	9604	promoter
chr9	122477927	122478926	OR1J1	8208	promoter
chr9	122509802	122510801	OR1J2	8209	promoter
chr9	122518141	122519140	OR1J4	8211	promoter
chr9	122527294	122528293	OR1N1	8221	promoter
chr9	122552112	122553111	OR1N2	15111	promoter
chr9	122583385	122584384	OR1L8	15110	promoter
chr9	122613738	122614737	OR1Q1	8223	promoter
chr9	122657628	122658627	OR1B1	8181	promoter
chr9	122660716	122661715	OR1L1	8213	promoter
chr9	122674130	122675129	OR1L3	8215	promoter
chr9	122722990	122723989	OR1L4	8216	promoter
chr9	122741303	122742302	OR1L6	8218	promoter
chr9	122787933	122788932	OR5C1	8331	promoter
chr9	122799123	122800122	OR1K1	8212	promoter
chr9	122828589	122829588	PDCL	8770	promoter
chr9	122905360	122906359	RC3H2	21461	promoter
chr9	122913324	122914323	ZBTB6	16764	promoter
chr9	122931513	122932512	ZBTB26	23383	promoter
chr9	122940020	122941019	RABGAP1	17155	promoter
chr9	123032667	123033666	GPR21	4476	promoter
chr9	123268587	123269586	STRBP	16462	promoter
chr9	123355197	123356196	CRB2	18688	promoter
chr9	123930127	123931126	DENND1A	29324	promoter
chr9	124010768	124011767	LHX2	6594	promoter
chr9	124256949	124257948	NEK6	7749	promoter
chr9	124415443	124416442	PSMB7	9544	promoter
chr9	124449451	124450450	ADGRD2	18651	promoter
chr9	124507400	124508399	NR5A1	7983	promoter
chr9	124771312	124772311	NR6A1	7985	promoter
chr9	124776133	124777132	OLFML2A	27270	promoter
chr9	124852460	124853459	WDR38	23745	promoter
chr9	124861958	124862957	RPL35	10344	promoter
chr9	124861130	124862129	ARPC5L	23366	promoter
chr9	124941084	124942083	GOLGA1	4424	promoter
chr9	125143529	125144528	SCAI	26709	promoter
chr9	125189804	125190803	PPP6C	9323	promoter
chr9	125199542	125200541	RABEPK	16896	promoter
chr9	125241344	125242343	HSPA5	5238	promoter
chr9	125260826	125261825	GAPVD1	23375	promoter
chr9	125707209	125708208	MAPKAP1	18752	promoter
chr9	125746373	125747372	PBX3	8634	promoter
chr9	126325829	126326828	MVB12B	23368	promoter
chr9	126612928	126613927	LMX1B	6654	promoter
chr9	126804040	126805039	ZBTB43	17908	promoter
chr9	126859639	126860638	ZBTB34	31446	promoter
chr9	126913782	126914781	RALGPS1	16851	promoter
chr9	127122636	127123635	ANGPTL2	490	promoter
chr9	127263774	127264773	GARNL3	25425	promoter
chr9	127396169	127397168	SLC2A8	13812	promoter
chr9	127423382	127424381	ZNF79	13153	promoter
chr9	127451407	127452406	RPL12	10302	promoter
chr9	127450510	127451509	LRSAM1	25135	promoter
chr9	127569074	127570073	NIBAN2	25282	promoter
chr9	127611277	127612276	STXBP1	11444	promoter
chr9	127705988	127706987	CFAP157	27843	promoter
chr9	127715079	127716078	TTC16	26536	promoter
chr9	127715664	127716663	PTRH1	27039	promoter
chr9	127735295	127736294	TOR2A	11996	promoter
chr9	127778667	127779666	SH2D3C	16884	promoter
chr9	127785034	127786033	CDK9	1780	promoter
chr9	127801882	127802881	FPGS	3824	promoter
chr9	127854659	127855658	ENG	3349	promoter
chr9	127877676	127878675	AK1	361	promoter
chr9	127899604	127900603	ST6GALNAC6	23364	promoter
chr9	127917042	127918041	ST6GALNAC4	17846	promoter
chr9	127930778	127931777	PIP5KL1	28711	promoter
chr9	127937855	127938854	DPM2	3006	promoter
chr9	127980990	127981989	EEIG1	31419	promoter
chr9	128067232	128068231	SLC25A25	20663	promoter
chr9	128067321	128068320	NAIF1	25446	promoter
chr9	128127730	128128729	PTGES2	17822	promoter
chr9	128148453	128149452	LCN2	6526	promoter
chr9	128159265	128160264	BBLN	17823	promoter
chr9	128202379	128203378	DNM1	2972	promoter
chr9	128191573	128192572	CIZ1	16744	promoter
chr9	128275276	128276275	SWI5	31412	promoter
chr9	128276008	128277007	GOLGA2	4425	promoter
chr9	128322448	128323447	TRUB2	17170	promoter
chr9	128321839	128322838	COQ4	19693	promoter
chr9	128339527	128340526	SLC27A4	10998	promoter
chr9	128370374	128371373	URM1	28378	promoter
chr9	128419857	128420856	CERCAM	23723	promoter
chr9	128455006	128456005	ODF2	8114	promoter
chr9	128503719	128504718	GLE1	4315	promoter
chr9	128551587	128552586	SPTAN1	11273	promoter
chr9	128656848	128657847	DYNC2I2	28296	promoter
chr9	128688222	128689221	SET	10760	promoter
chr9	128701503	128702502	PKN3	17999	promoter
chr9	128724128	128725127	ZDHHC12	19159	promoter
chr9	128771928	128772927	ZER1	30960	promoter
chr9	128786253	128787252	TBC1D13	25571	promoter
chr9	128817500	128818499	ENDOG	3346	promoter
chr9	128829795	128830794	SPOUT1	26933	promoter
chr9	128881133	128882132	LRRC8A	19027	promoter
chr9	128881951	128882950	KYAT1	1564	promoter
chr9	128919982	128920981	PHYHD1	23396	promoter
chr9	128947604	128948603	DOLK	23406	promoter
chr9	128946699	128947698	NUP188	17859	promoter
chr9	129028332	129029331	SH3GLB2	10834	promoter
chr9	129035626	129036625	MIGA2	23621	promoter
chr9	129080111	129081110	DOLPP1	29565	promoter
chr9	129110415	129111414	PTPA	9308	promoter
chr9	129110794	129111793	CRAT	2342	promoter
chr9	129178262	129179261	IER5L	23679	promoter
chr9	129625163	129626162	NTMT1	23373	promoter
chr9	129621102	129622101	C9orf50	23677	promoter
chr9	129642152	129643151	ASB6	17181	promoter
chr9	129664647	129665646	PRRX2	21338	promoter
chr9	129753043	129754042	PTGES	9599	promoter
chr9	129802184	129803183	TOR1B	11995	promoter
chr9	129824137	129825136	TOR1A	3098	promoter
chr9	129834458	129835457	USP20	12619	promoter
chr9	129835276	129836275	C9orf78	24932	promoter
chr9	130043190	130044189	FNBP1	17069	promoter
chr9	130052906	130053905	GPR107	17830	promoter
chr9	130171404	130172403	NCS1	3953	promoter
chr9	130264760	130265759	HMCN2	21293	promoter
chr9	130443961	130444960	ASS1	758	promoter
chr9	130578577	130579576	FUBP3	4005	promoter
chr9	130663594	130664593	PRDM12	13997	promoter
chr9	130692780	130693779	EXOSC2	17097	promoter
chr9	130834254	130835253	ABL1	76	promoter
chr9	130896813	130897812	QRFP	29982	promoter
chr9	130939248	130940247	FIBCD1	25922	promoter
chr9	131008174	131009173	LAMC3	6494	promoter
chr9	131095531	131096530	AIF1L	28904	promoter
chr9	131124586	131125585	NUP214	8064	promoter
chr9	131276511	131277510	FAM78A	25465	promoter
chr9	131288723	131289722	PLPP7	28174	promoter
chr9	131393086	131394085	PRRC2B	28121	promoter
chr9	131501918	131502917	POMT1	9202	promoter
chr9	131531264	131532263	UCK1	14859	promoter
chr9	131544523	131545522	PRRT1B	53642	promoter
chr9	131740077	131741076	RAPGEF1	4568	promoter
chr9	132079868	132080867	MED27	2377	promoter
chr9	132161058	132162057	NTNG2	14288	promoter
chr9	132354987	132355986	SETX	445	promoter
chr9	132406841	132407840	TTF1	12397	promoter
chr9	132409211	132410210	CFAP77	33776	promoter
chr9	132581606	132582605	BARHL1	953	promoter
chr9	132669464	132670463	GTF3C4	4667	promoter
chr9	132669984	132670983	DDX31	16715	promoter
chr9	132877898	132878897	SPACA9	1367	promoter
chr9	132878285	132879284	AK8	26526	promoter
chr9	132977694	132978693	GFI1B	4238	promoter
chr9	132944617	132945616	TSC1	12362	promoter
chr9	133029997	133030996	GTF3C5	4668	promoter
chr9	133060981	133061980	CEL	1848	promoter
chr9	133121241	133122240	RALGDS	9842	promoter
chr9	133163915	133164914	GBGT1	20460	promoter
chr9	133209251	133210250	OBP2B	23381	promoter
chr9	133275215	133276214	ABO	79	promoter
chr9	133336189	133337188	SURF6	11478	promoter
chr9	133348132	133349131	MED22	11477	promoter
chr9	133347218	133348217	RPL7A	10364	promoter
chr9	133355550	133356549	SURF2	11475	promoter
chr9	133356488	133357487	SURF1	11474	promoter
chr9	133376061	133377060	SURF4	11476	promoter
chr9	133375366	133376365	STKLD1	28669	promoter
chr9	133421367	133422366	ADAMTS13	1366	promoter
chr9	133418011	133419010	REXO4	12820	promoter
chr9	133458978	133459977	CACFD1	1365	promoter
chr9	133479100	133480099	SLC2A6	11011	promoter
chr9	133524960	133525959	MYMK	33778	promoter
chr9	133533704	133534703	ADAMTSL2	14631	promoter
chr9	133609390	133610389	FAM163B	33277	promoter
chr9	133635363	133636362	DBH	2689	promoter
chr9	133738353	133739352	SARDH	10536	promoter
chr9	133992325	133993324	VAV2	12658	promoter
chr9	134024481	134025480	BRD3OS	24742	promoter
chr9	134068027	134069026	BRD3	1104	promoter
chr9	134135082	134136081	WDR5	12757	promoter
chr9	134325455	134326454	RXRA	10477	promoter
chr9	134640803	134641802	COL5A1	2209	promoter
chr9	134879810	134880809	FCN2	3624	promoter
chr9	134917913	134918912	FCN1	3623	promoter
chr9	135086668	135087667	OLFM1	17187	promoter
chr9	135478782	135479781	PPP1R26	29089	promoter
chr9	135499682	135500681	MRPS2	14495	promoter
chr9	135499870	135500869	PIERCE1	28435	promoter
chr9	135520440	135521439	LCN1	6525	promoter
chr9	135545126	135546125	OBP2A	23380	promoter
chr9	135560756	135561755	PAEP	8573	promoter
chr9	135639541	135640540	GLT6D1	23671	promoter
chr9	135662309	135663308	LCN9	17442	promoter
chr9	135701185	135702184	KCNT1	18865	promoter
chr9	135699482	135700481	SOHLH1	27845	promoter
chr9	135907547	135908546	CAMSAP1	19946	promoter
chr9	135961374	135962373	UBAC1	30221	promoter
chr9	136095290	136096289	NACC2	23846	promoter
chr9	136118876	136119875	TMEM250	31009	promoter
chr9	136205129	136206128	LHX3	6595	promoter
chr9	136245813	136246812	QSOX2	30249	promoter
chr9	136304095	136305094	CCDC187	30942	promoter
chr9	136326539	136327538	GPSM1	17858	promoter
chr9	136363745	136364744	DNLZ	33879	promoter
chr9	136373670	136374669	CARD9	16391	promoter
chr9	136400171	136401170	SNAPC4	11137	promoter
chr9	136410615	136411614	ENTR1	10667	promoter
chr9	136409658	136410657	PMPCA	18667	promoter
chr9	136439846	136440845	INPP5E	21474	promoter
chr9	136483041	136484040	SEC16A	29006	promoter
chr9	136546049	136547048	NOTCH1	7881	promoter
chr9	136661916	136662915	EGFL7	20594	promoter
chr9	136687458	136688457	AGPAT2	325	promoter
chr9	136711572	136712571	DIPK1B	28290	promoter
chr9	136742941	136743940	LCN10	20892	promoter
chr9	136748526	136749525	LCN6	17337	promoter
chr9	136758244	136759243	LCN8	27038	promoter
chr9	136764519	136765518	LCN15	33777	promoter
chr9	136790344	136791343	TMEM141	28211	promoter
chr9	136795338	136796337	CCDC183	28236	promoter
chr9	136806948	136807947	RABL6	24703	promoter
chr9	136841478	136842477	AJM1	37284	promoter
chr9	136848409	136849408	PHPT1	30033	promoter
chr9	136851346	136852345	MAMDC4	24083	promoter
chr9	136866309	136867308	EDF1	3164	promoter
chr9	136885516	136886515	TRAF2	12032	promoter
chr9	136944739	136945738	FBXW5	13613	promoter
chr9	136944243	136945242	C8G	1354	promoter
chr9	136951273	136952272	LCN12	28733	promoter
chr9	136976504	136977503	PTGDS	9592	promoter
chr9	136981993	136982992	LCNL1	34436	promoter
chr9	136991422	136992421	PAXX	27849	promoter
chr9	136996569	136997568	CLIC3	2064	promoter
chr9	137028238	137029237	ABCA2	32	promoter
chr9	137032089	137033088	FUT7	4018	promoter
chr9	137046178	137047177	NPDC1	7899	promoter
chr9	137054062	137055061	ENTPD2	3364	promoter
chr9	137070558	137071557	SAPCD2	28055	promoter
chr9	137076517	137077516	UAP1L1	28082	promoter
chr9	137085985	137086984	MAN1B1	6823	promoter
chr9	137114734	137115733	DPP7	14892	promoter
chr9	137138154	137139153	GRIN1	4584	promoter
chr9	137170052	137171051	LRRC26	31409	promoter
chr9	137172057	137173056	TMEM210	34059	promoter
chr9	137188561	137189560	ANAPC2	19989	promoter
chr9	137187676	137188675	SSNA1	11321	promoter
chr9	137200742	137201741	TPRN	26894	promoter
chr9	137205649	137206648	TMEM203	28217	promoter
chr9	137204700	137205699	NDOR1	29838	promoter
chr9	137222241	137223240	RNF208	25420	promoter
chr9	137224174	137225173	CYSRT1	30529	promoter
chr9	137226502	137227501	RNF224	41912	promoter
chr9	137229901	137230900	SLC34A3	20305	promoter
chr9	137240287	137241286	TUBB4B	20771	promoter
chr9	137247752	137248751	CIMIP2A	33818	promoter
chr9	137250286	137251285	STPG3	37285	promoter
chr9	137254327	137255326	NELFB	24324	promoter
chr9	137276726	137277725	TOR4A	25981	promoter
chr9	137302272	137303271	NRARP	33843	promoter
chr9	137423163	137424162	EXD3	26023	promoter
chr9	137422393	137423392	NOXA1	10668	promoter
chr9	137441358	137442357	ENTPD8	24860	promoter
chr9	137459335	137460334	NSMF	29843	promoter
chr9	137550403	137551402	PNPLA7	24768	promoter
chr9	137550879	137551878	MRPL41	14492	promoter
chr9	137578926	137579925	DPH7	25199	promoter
chr9	137590513	137591512	ZMYND19	21146	promoter
chr9	137604686	137605685	ARRDC1	28633	promoter
chr9	137618005	137619004	EHMT1	24650	promoter
chr9	137876782	137877781	CACNA1B	1389	promoter
chr10	49297	50296	TUBB8	20773	promoter
chr10	134455	135454	ZMYND11	16966	promoter
chr10	689669	690668	DIP2C	29150	promoter
chr10	931706	932705	LARP4B	28987	promoter
chr10	987434	988433	GTPBP4	21535	promoter
chr10	1025860	1026859	IDI2	23487	promoter
chr10	1049120	1050119	IDI1	5387	promoter
chr10	1055385	1056384	WDR37	31406	promoter
chr10	1737526	1738525	ADARB2	227	promoter
chr10	3066548	3067547	PFKP	8878	promoter
chr10	3172783	3173782	PITRM1	17663	promoter
chr10	3785210	3786209	KLF6	2235	promoter
chr10	4825207	4826206	AKR1E2	23437	promoter
chr10	4962415	4963414	AKR1C1	384	promoter
chr10	5003858	5004857	AKR1C2	385	promoter
chr10	5093414	5094413	AKR1C3	386	promoter
chr10	5185151	5186150	AKR1C8	23469	promoter
chr10	5195837	5196836	AKR1C4	387	promoter
chr10	5363966	5364965	UCN3	17781	promoter
chr10	5404829	5405828	TUBAL3	23534	promoter
chr10	5411557	5412556	NET1	14592	promoter
chr10	5499571	5500570	CALML5	18180	promoter
chr10	5523961	5524960	CALML3	1452	promoter
chr10	5666596	5667595	ASB13	19765	promoter
chr10	5683838	5684837	TASOR2	23484	promoter
chr10	5813435	5814434	GDI2	4227	promoter
chr10	5889894	5890893	ANKRD16	23471	promoter
chr10	5889243	5890242	FBH1	13620	promoter
chr10	5977544	5978543	IL15RA	5978	promoter
chr10	6062368	6063367	IL2RA	6008	promoter
chr10	6088034	6089033	RBM17	16944	promoter
chr10	6201932	6202931	PFKFB3	8874	promoter
chr10	6580277	6581276	PRKCQ	9410	promoter
chr10	7411035	7412034	SFMBT2	20256	promoter
chr10	7666967	7667966	ITIH5	21449	promoter
chr10	7702316	7703315	ITIH2	6167	promoter
chr10	7787994	7788993	KIN	6327	promoter
chr10	7787177	7788176	ATP5F1C	833	promoter
chr10	7817505	7818504	TAF3	17303	promoter
chr10	8053688	8054687	GATA3	4172	promoter
chr10	11016872	11017871	CELF2	2550	promoter
chr10	11611651	11612650	USP6NL	16858	promoter
chr10	11741382	11742381	ECHDC3	23489	promoter
chr10	11822356	11823355	PROSER2	23728	promoter
chr10	12042810	12043809	UPF2	17854	promoter
chr10	12067954	12068953	DHTKD1	23537	promoter
chr10	12128677	12129676	SEC61A2	17702	promoter
chr10	12195892	12196891	NUDT5	8052	promoter
chr10	12195188	12196187	CDC123	16827	promoter
chr10	12348547	12349546	CAMK1D	19341	promoter
chr10	13099163	13100162	OPTN	17142	promoter
chr10	13001714	13002713	CCDC3	23813	promoter
chr10	13160558	13161557	MCM10	18043	promoter
chr10	13234375	13235374	UCMA	25205	promoter
chr10	13300065	13301064	PHYH	8940	promoter
chr10	13348294	13349293	SEPHS1	19685	promoter
chr10	13529015	13530014	BEND7	23514	promoter
chr10	13585965	13586964	PRPF18	17351	promoter
chr10	14330925	14331924	FRMD4A	25491	promoter
chr10	14774898	14775897	FAM107B	23726	promoter
chr10	14837306	14838305	MSANTD7	56248	promoter
chr10	14837306	14838305	HSPA14	29526	promoter
chr10	14838038	14839037	CDNF	24913	promoter
chr10	14877866	14878865	SUV39H2	17287	promoter
chr10	14954097	14955096	DCLRE1C	17642	promoter
chr10	14958388	14959387	MEIG1	23429	promoter
chr10	15042943	15043942	OLAH	25625	promoter
chr10	15088777	15089776	ACBD7	17715	promoter
chr10	15096355	15097354	RPP38	30329	promoter
chr10	15168694	15169693	NMT2	7858	promoter
chr10	15371290	15372289	FAM171A1	23522	promoter
chr10	15719923	15720922	ITGA8	6144	promoter
chr10	15860508	15861507	MINDY3	23578	promoter
chr10	16436010	16437009	PTER	9590	promoter
chr10	16521880	16522879	C1QL3	19359	promoter
chr10	16817425	16818424	RSU1	10464	promoter
chr10	17129812	17130811	CUBN	2548	promoter
chr10	17201673	17202672	TRDMT1	2977	promoter
chr10	17227241	17228240	VIM	12692	promoter
chr10	17454596	17455595	ST8SIA6	23317	promoter
chr10	17617375	17618374	HACD1	9639	promoter
chr10	17643151	17644150	STAM	11357	promoter
chr10	17751201	17752200	TMEM236	23473	promoter
chr10	17808348	17809347	MRC1	7228	promoter
chr10	17950918	17951917	SLC39A12	20860	promoter
chr10	18139424	18140423	CACNB2	1402	promoter
chr10	18651588	18652587	NSUN6	23529	promoter
chr10	18658431	18659430	ARL5B	23052	promoter
chr10	19047801	19048800	MALRD1	24331	promoter
chr10	19815432	19816431	PLXDC2	21013	promoter
chr10	20897312	20898311	NEBL	16932	promoter
chr10	21533232	21534231	MLLT10	16063	promoter
chr10	21525683	21526682	SKIDA1	32697	promoter
chr10	22003731	22004730	DNAJC1	20090	promoter
chr10	22218016	22219015	EBLN1	39430	promoter
chr10	22315388	22316387	COMMD3	23332	promoter
chr10	22320099	22321098	BMI1	1066	promoter
chr10	22344496	22345495	SPAG6	11215	promoter
chr10	22714579	22715578	PIP4K2A	8997	promoter
chr10	22927053	22928052	ARMC3	30964	promoter
chr10	23094579	23095578	MSRB2	17061	promoter
chr10	23191312	23192311	PTF1A	23734	promoter
chr10	23344798	23345797	C10orf67	28716	promoter
chr10	23438075	23439074	OTUD1	27346	promoter
chr10	24208138	24209137	KIAA1217	25428	promoter
chr10	24723888	24724887	ARHGAP21	23725	promoter
chr10	24952607	24953606	PRTFDC1	23333	promoter
chr10	25015612	25016611	THNSL1	26160	promoter
chr10	25016159	25017158	ENKUR	28388	promoter
chr10	25174001	25175000	GPR158	23689	promoter
chr10	25933229	25934228	MYO3A	7601	promoter
chr10	26215774	26216773	GAD2	4093	promoter
chr10	26437341	26438340	APBB1IP	17379	promoter
chr10	26696701	26697700	PDSS1	17759	promoter
chr10	26860959	26861958	ABI1	11320	promoter
chr10	27100495	27101494	ANKRD26	29186	promoter
chr10	27154352	27155351	MASTL	19042	promoter
chr10	27154385	27155384	YME1L1	12843	promoter
chr10	27240798	27241797	ACBD5	23338	promoter
chr10	27414369	27415368	PTCHD3	24776	promoter
chr10	27503304	27504303	RAB18	14244	promoter
chr10	27745820	27746819	MKX	23729	promoter
chr10	27999080	28000079	ODAD2	25583	promoter
chr10	28303065	28304064	MPP7	26542	promoter
chr10	28532118	28533117	WAC	17327	promoter
chr10	28676521	28677520	BAMBI	30251	promoter
chr10	29288070	29289069	LYZL1	30502	promoter
chr10	29634972	29635971	SVIL	11480	promoter
chr10	30059587	30060586	JCAD	29283	promoter
chr10	30349279	30350278	MTPAP	25532	promoter
chr10	30433184	30434183	MAP3K8	6860	promoter
chr10	30629754	30630753	LYZL2	29613	promoter
chr10	31031866	31032865	ZNF438	21029	promoter
chr10	31318216	31319215	ZEB1	11642	promoter
chr10	31928832	31929831	ARHGAP12	16348	promoter
chr10	32056426	32057425	KIF5B	6324	promoter
chr10	32347159	32348158	EPC1	19876	promoter
chr10	32445140	32446139	CCDC7	26533	promoter
chr10	32958231	32959230	ITGB1	6153	promoter
chr10	33334668	33335667	NRP1	8004	promoter
chr10	34815297	34816296	PARD3	16051	promoter
chr10	35125846	35126845	CREM	2352	promoter
chr10	35090342	35091341	CUL2	2552	promoter
chr10	35335509	35336508	CCNY	23354	promoter
chr10	35604341	35605340	GJD4	23296	promoter
chr10	35642297	35643296	FZD8	4046	promoter
chr10	37124598	37125597	ANKRD30A	17234	promoter
chr10	37857611	37858610	ZNF248	13041	promoter
chr10	37976648	37977647	ZNF25	13043	promoter
chr10	38009675	38010674	ZNF33A	13096	promoter
chr10	38093337	38094336	ZNF37A	13102	promoter
chr10	42638571	42639570	ZNF33B	13097	promoter
chr10	42781795	42782794	BMS1	23505	promoter
chr10	43076069	43077068	RET	9967	promoter
chr10	43137445	43138444	CSGALNACT2	24292	promoter
chr10	43267066	43268065	RASGEF1A	24246	promoter
chr10	43370636	43371635	FXYD4	4028	promoter
chr10	43409187	43410186	HNRNPF	5039	promoter
chr10	43436111	43437110	ZNF487	23488	promoter
chr10	43574617	43575616	ZNF239	13031	promoter
chr10	43605438	43606437	ZNF485	23440	promoter
chr10	43648882	43649881	ZNF32	13095	promoter
chr10	44385098	44386097	CXCL12	10672	promoter
chr10	44910337	44911336	TMEM72	31658	promoter
chr10	44958802	44959801	RASSF4	20793	promoter
chr10	44978810	44979809	DEPP1	23355	promoter
chr10	44999923	45000922	ZNF22	13012	promoter
chr10	45315609	45316608	OR13A1	14772	promoter
chr10	45373216	45374215	ALOX5	435	promoter
chr10	45535372	45536371	MARCHF8	23356	promoter
chr10	45672773	45673772	ZFAND4	23504	promoter
chr10	45726266	45727265	WASHC2C	23414	promoter
chr10	45847501	45848500	AGAP4	23459	promoter
chr10	45971489	45972488	TIMM23	17312	promoter
chr10	46030624	46031623	NCOA4	7671	promoter
chr10	46046270	46047269	MSMB	7372	promoter
chr10	46285997	46286996	ANTXRL	27277	promoter
chr10	46374776	46375775	ANXA8L1	23334	promoter
chr10	46465959	46466958	NPY4R	9329	promoter
chr10	46556659	46557658	GPRIN2	23730	promoter
chr10	46578128	46579127	SYT15	17167	promoter
chr10	46910428	46911427	PTPN20	23423	promoter
chr10	47299197	47300196	GDF10	4215	promoter
chr10	47321454	47322453	GDF2	4217	promoter
chr10	47347363	47348362	RBP3	9921	promoter
chr10	47384294	47385293	ZNF488	23535	promoter
chr10	47484116	47485115	ANXA8	546	promoter
chr10	47491701	47492700	FAM25G	23590	promoter
chr10	47523639	47524638	AGAP9	23463	promoter
chr10	47763593	47764592	SYT15B	51487	promoter
chr10	47917662	47918661	NPY4R2	52383	promoter
chr10	47999792	48000791	FAM25C	23586	promoter
chr10	48274697	48275696	FRMPD2	28572	promoter
chr10	48305677	48306676	MAPK8	6881	promoter
chr10	48605074	48606073	ARHGAP22	30320	promoter
chr10	48683873	48684872	WDFY4	29323	promoter
chr10	48939841	48940840	LRRC18	23199	promoter
chr10	49115523	49116522	VSTM4	26470	promoter
chr10	49134022	49135021	FAM170B	19736	promoter
chr10	49188392	49189391	TMEM273	27274	promoter
chr10	49298170	49299169	C10orf71	26973	promoter
chr10	49396090	49397089	DRGX	21536	promoter
chr10	49539122	49540121	ERCC6	3438	promoter
chr10	49613037	49614036	CHAT	1912	promoter
chr10	49609310	49610309	SLC18A3	10936	promoter
chr10	49678651	49679650	C10orf53	27421	promoter
chr10	49762324	49763323	OGDHL	25590	promoter
chr10	49941053	49942052	TIMM23B	23581	promoter
chr10	49942028	49943027	PARG	8605	promoter
chr10	49987406	49988405	AGAP6	23466	promoter
chr10	50066954	50067953	WASHC2A	23416	promoter
chr10	50251517	50252516	ASAH2	18860	promoter
chr10	50623957	50624956	SGMS1	29799	promoter
chr10	50738936	50739935	ASAH2B	23456	promoter
chr10	50885628	50886627	A1CF	24086	promoter
chr10	51073487	51074486	PRKG1	9414	promoter
chr10	51699596	51700595	CSTF2T	17086	promoter
chr10	52313281	52314280	DKK1	2891	promoter
chr10	52772785	52773784	MBL2	6922	promoter
chr10	54801232	54802231	PCDH15	14674	promoter
chr10	56361260	56362259	ZWINT	13195	promoter
chr10	58267895	58268894	IPMK	20739	promoter
chr10	58268162	58269161	CISD1	30880	promoter
chr10	58334006	58335005	UBE2D1	12474	promoter
chr10	58384410	58385409	TFAM	11741	promoter
chr10	58511872	58512871	BICC1	19351	promoter
chr10	59175643	59176642	PHYHIPL	29378	promoter
chr10	59362550	59363549	FAM13C	19371	promoter
chr10	59709851	59710850	SLC16A9	23520	promoter
chr10	59753456	59754455	MRLN	48649	promoter
chr10	59906557	59907556	CCDC6	18782	promoter
chr10	60389876	60390875	ANK3	494	promoter
chr10	60777478	60778477	CDK1	1722	promoter
chr10	60944186	60945185	RHOBTB1	18738	promoter
chr10	61453382	61454381	TMEM26	28550	promoter
chr10	61661929	61662928	CABCOCO1	28678	promoter
chr10	61900699	61901698	ARID5B	17362	promoter
chr10	62268845	62269844	RTKN2	19364	promoter
chr10	62373369	62374368	ZNF365	18194	promoter
chr10	62803720	62804719	ADO	23506	promoter
chr10	62816367	62817366	EGR2	3239	promoter
chr10	63132328	63133327	NRBF2	19692	promoter
chr10	63520401	63521400	REEP3	23711	promoter
chr10	63465978	63466977	JMJD1C	12313	promoter
chr10	66925036	66926035	LRRTM3	19410	promoter
chr10	67696196	67697195	CTNNA3	2511	promoter
chr10	67838189	67839188	DNAJC12	28908	promoter
chr10	67883656	67884655	SIRT1	14929	promoter
chr10	68075284	68076283	HERC4	24521	promoter
chr10	68108488	68109487	MYPN	23246	promoter
chr10	68232114	68233113	ATOH7	13907	promoter
chr10	68331064	68332063	HNRNPH3	5043	promoter
chr10	68332929	68333928	PBLD	23301	promoter
chr10	68407278	68408277	RUFY2	19761	promoter
chr10	68471974	68472973	DNA2	2939	promoter
chr10	68527524	68528523	SLC25A16	10986	promoter
chr10	68559337	68560336	TET1	29484	promoter
chr10	68720239	68721238	CCAR1	24236	promoter
chr10	68826531	68827530	STOX1	23508	promoter
chr10	68900315	68901314	DDX50	17906	promoter
chr10	68955170	68956169	DDX21	2744	promoter
chr10	68987803	68988802	KIFBP	23419	promoter
chr10	69087103	69088102	SRGN	9361	promoter
chr10	69123178	69124177	VPS26A	12711	promoter
chr10	69179234	69180233	SUPV3L1	11471	promoter
chr10	69219332	69220331	HKDC1	23302	promoter
chr10	69317847	69318846	HK1	4922	promoter
chr10	69416919	69417918	TACR2	11527	promoter
chr10	69450465	69451464	TSPAN15	23298	promoter
chr10	69573423	69574422	NEUROG3	13806	promoter
chr10	69629247	69630246	FAM241B	23519	promoter
chr10	69800906	69801905	COL13A1	2190	promoter
chr10	70051846	70052845	MACROH2A2	14453	promoter
chr10	70132826	70133825	AIFM2	21411	promoter
chr10	70146701	70147700	TYSND1	28531	promoter
chr10	70170515	70171514	SAR1A	10534	promoter
chr10	70233430	70234429	PPA1	9226	promoter
chr10	70284005	70285004	NPFFR1	17425	promoter
chr10	70382626	70383625	LRRC20	23421	promoter
chr10	70403145	70404144	EIF4EBP2	3289	promoter
chr10	70441682	70442681	NODAL	7865	promoter
chr10	70477767	70478766	PALD1	23530	promoter
chr10	70602742	70603741	PRF1	9360	promoter
chr10	70671506	70672505	ADAMTS14	14899	promoter
chr10	70785378	70786377	TBATA	23511	promoter
chr10	70814948	70815947	SGPL1	10817	promoter
chr10	70888566	70889565	PCBD1	8646	promoter
chr10	71211570	71212569	UNC5B	12568	promoter
chr10	71318259	71319258	SLC29A3	23096	promoter
chr10	71395920	71396919	CDH23	13733	promoter
chr10	71719779	71720778	C10orf105	20304	promoter
chr10	71773521	71774520	VSIR	30085	promoter
chr10	71851252	71852251	PSAP	9498	promoter
chr10	71963395	71964394	CHST3	1971	promoter
chr10	72088552	72089551	SPOCK2	13564	promoter
chr10	72215012	72216011	ANAPC16	26976	promoter
chr10	72216277	72217276	ASCC1	24268	promoter
chr10	72272924	72273923	DDIT4	24944	promoter
chr10	72354920	72355919	DNAJB12	14891	promoter
chr10	72626080	72627079	MICU1	1530	promoter
chr10	72691143	72692142	MCU	23526	promoter
chr10	72892739	72893738	OIT3	29953	promoter
chr10	72954807	72955806	PLA2G12B	18555	promoter
chr10	73096867	73097866	P4HA1	8546	promoter
chr10	73109455	73110454	NUDT13	18827	promoter
chr10	73167119	73168118	FAM149B1	29162	promoter
chr10	73168009	73169008	ECD	17029	promoter
chr10	73247256	73248255	DNAJC9	19123	promoter
chr10	73252645	73253644	MRPS16	14048	promoter
chr10	73358865	73359864	CFAP70	30726	promoter
chr10	73414059	73415058	ANXA7	545	promoter
chr10	73433562	73434561	MSS51	21000	promoter
chr10	73496025	73497024	PPP3CB	9315	promoter
chr10	73591343	73592342	USP54	23513	promoter
chr10	73641475	73642474	MYOZ1	13752	promoter
chr10	73656030	73657029	SYNPO2L	23532	promoter
chr10	73698110	73699109	AGAP5	23467	promoter
chr10	73743372	73744371	SEC24C	10705	promoter
chr10	73771276	73772275	FUT11	19233	promoter
chr10	73781048	73782047	CHCHD1	23518	promoter
chr10	73784606	73785605	ZSWIM8	23528	promoter
chr10	73811599	73812598	NDST2	7681	promoter
chr10	73874556	73875555	CAMK2G	1463	promoter
chr10	73910132	73911131	PLAU	9052	promoter
chr10	73997116	73998115	VCL	12665	promoter
chr10	74150829	74151828	AP3M1	569	promoter
chr10	74150221	74151220	ADK	257	promoter
chr10	74825600	74826599	KAT6B	17582	promoter
chr10	75073643	75074642	DUSP29	23481	promoter
chr10	75110656	75111655	SAMD8	26320	promoter
chr10	75099513	75100512	DUSP13B	19681	promoter
chr10	75109158	75110157	DUSP13A	56772	promoter
chr10	75209796	75210795	VDAC2	12672	promoter
chr10	75235958	75236957	COMTD1	26309	promoter
chr10	75401765	75402764	ZNF503	23589	promoter
chr10	75430624	75431623	LRMDA	23405	promoter
chr10	77637809	77638808	KCNMA1	6284	promoter
chr10	77926756	77927755	DLG5	2904	promoter
chr10	78029516	78030515	POLR3A	30074	promoter
chr10	78032863	78033862	RPS24	10411	promoter
chr10	79067966	79068965	ZMIZ1	16493	promoter
chr10	79346469	79347468	PPIF	9259	promoter
chr10	79445625	79446624	ZCCHC24	26911	promoter
chr10	79511533	79512532	EIF5AL1	17419	promoter
chr10	79560408	79561407	SFTPA2	10799	promoter
chr10	79609939	79610938	SFTPA1	10798	promoter
chr10	79702227	79703226	NUTM2B	23445	promoter
chr10	79825739	79826738	NUTM2E	23448	promoter
chr10	79949106	79950105	SFTPD	10803	promoter
chr10	80077665	80078664	TMEM254	25804	promoter
chr10	80131730	80132729	PLAC9	19255	promoter
chr10	80205538	80206537	ANXA11	535	promoter
chr10	80289659	80290658	MAT1A	6903	promoter
chr10	80355781	80356780	DYDC2	23468	promoter
chr10	80356756	80357755	DYDC1	23460	promoter
chr10	80407551	80408550	PRXL2A	28651	promoter
chr10	80453310	80454309	TSPAN14	23303	promoter
chr10	80536902	80537901	SH2D4B	31440	promoter
chr10	81874194	81875193	NRG3	7999	promoter
chr10	84138509	84139508	GHITM	17281	promoter
chr10	84172801	84173800	GPR15LG	31428	promoter
chr10	84193537	84194536	CDHR1	14550	promoter
chr10	84225545	84226544	LRIT2	23443	promoter
chr10	84244053	84245052	RGR	9990	promoter
chr10	84241547	84242546	LRIT1	23404	promoter
chr10	84327589	84328588	CCSER2	29197	promoter
chr10	86366796	86367795	GRID1	4575	promoter
chr10	86521793	86522792	WAPL	23293	promoter
chr10	86653547	86654546	OPN4	14449	promoter
chr10	86667511	86668510	LDB3	15710	promoter
chr10	86755619	86756618	BMPR1A	1076	promoter
chr10	86957599	86958598	SNCG	11141	promoter
chr10	86967482	86968481	ADIRF	24043	promoter
chr10	86957616	86958615	MMRN2	19888	promoter
chr10	87019294	87020293	FAM25A	23436	promoter
chr10	87094206	87095205	SHLD2	28773	promoter
chr10	87094844	87095843	GLUD1	4335	promoter
chr10	87224448	87225447	NUTM2A	23438	promoter
chr10	87356744	87357743	NUTM2D	23447	promoter
chr10	87503893	87504892	MINPP1	7102	promoter
chr10	87658878	87659877	PAPSS2	8604	promoter
chr10	87818227	87819226	ATAD1	25903	promoter
chr10	87862625	87863624	PTEN	9588	promoter
chr10	87863534	87864533	KLLN	37212	promoter
chr10	87862559	87863558	MLDHR	55481	promoter
chr10	88583319	88584318	RNLS	25641	promoter
chr10	88585762	88586761	LIPJ	21773	promoter
chr10	88663442	88664441	LIPF	6622	promoter
chr10	88705249	88706248	LIPK	23444	promoter
chr10	88759020	88760019	LIPN	23452	promoter
chr10	88801730	88802729	LIPM	23455	promoter
chr10	88851845	88852844	ANKRD22	28321	promoter
chr10	88879245	88880244	STAMBPL1	24105	promoter
chr10	88989798	88990797	FAS	11920	promoter
chr10	88952774	88953773	ACTA2	130	promoter
chr10	89207318	89208317	CH25H	1907	promoter
chr10	89301046	89302045	IFIT2	5409	promoter
chr10	89326997	89327996	IFIT3	5411	promoter
chr10	89377056	89378055	IFIT1B	23442	promoter
chr10	89391623	89392622	IFIT1	5407	promoter
chr10	89251776	89252775	LIPA	6617	promoter
chr10	89413568	89414567	IFIT5	13328	promoter
chr10	89535595	89536594	SLC16A12	23094	promoter
chr10	89645243	89646242	PANK1	8598	promoter
chr10	89700590	89701589	KIF20B	7212	promoter
chr10	90858040	90859039	HTR7	5302	promoter
chr10	90870974	90871973	RPP30	17688	promoter
chr10	90921088	90922087	ANKRD1	15819	promoter
chr10	91219663	91220662	PCGF5	28264	promoter
chr10	91409344	91410343	HECTD2	26736	promoter
chr10	91633072	91634071	PPP1R3C	9293	promoter
chr10	91797426	91798425	TNKS2	15677	promoter
chr10	91909487	91910486	FGFBP3	23428	promoter
chr10	91922770	91923769	BTAF1	17307	promoter
chr10	92291079	92292078	CPEB3	21746	promoter
chr10	92290167	92291166	MARCHF5	26025	promoter
chr10	92574094	92575093	IDE	5381	promoter
chr10	92592130	92593129	KIF11	6388	promoter
chr10	92688955	92689954	HHEX	4901	promoter
chr10	92847520	92848519	EXOC6	23196	promoter
chr10	93059798	93060797	CYP26C1	20577	promoter
chr10	93072893	93073892	CYP26A1	2603	promoter
chr10	93482335	93483334	MYOF	3656	promoter
chr10	93495612	93496611	CEP55	1161	promoter
chr10	93565665	93566664	FFAR4	19061	promoter
chr10	93601236	93602235	RBP4	9922	promoter
chr10	93611537	93612536	PDE6C	8787	promoter
chr10	93702593	93703592	FRA10AC1	1162	promoter
chr10	93756936	93757935	LGI1	6572	promoter
chr10	93892978	93893977	SLC35G1	26607	promoter
chr10	93992931	93993930	PLCE1	17175	promoter
chr10	94362940	94363939	NOC3L	24034	promoter
chr10	94401541	94402540	TBC1D12	29082	promoter
chr10	94544788	94545787	HELLS	4861	promoter
chr10	94682729	94683728	CYP2C18	2620	promoter
chr10	94761681	94762680	CYP2C19	2621	promoter
chr10	94937658	94938657	CYP2C9	2623	promoter
chr10	95069498	95070497	CYP2C8	2622	promoter
chr10	95193238	95194237	ACSM6	31665	promoter
chr10	95291004	95292003	PDLIM1	2067	promoter
chr10	95561372	95562371	SORBS1	14565	promoter
chr10	95656712	95657711	ALDH18A1	9722	promoter
chr10	95693928	95694927	TCTN3	24519	promoter
chr10	95755163	95756162	ENTPD1	3363	promoter
chr10	95906975	95907974	CC2D2B	31666	promoter
chr10	96042583	96043582	CCNJ	23434	promoter
chr10	96129297	96130296	ZNF518A	29009	promoter
chr10	96271570	96272569	BLNK	14211	promoter
chr10	96303434	96304433	DNTT	2983	promoter
chr10	96359003	96360002	OPALIN	20707	promoter
chr10	96513927	96514926	TLL2	11844	promoter
chr10	96587013	96588012	TM9SF3	21529	promoter
chr10	96720515	96721514	PIK3AP1	30034	promoter
chr10	96831298	96832297	LCOR	29503	promoter
chr10	97185960	97186959	SLIT1	11085	promoter
chr10	97292638	97293637	ARHGAP19	23724	promoter
chr10	97318271	97319270	FRAT1	3944	promoter
chr10	97334730	97335729	FRAT2	16048	promoter
chr10	97401341	97402340	RRP12	29100	promoter
chr10	97425191	97426190	PGAM1	8888	promoter
chr10	97446007	97447006	EXOSC1	17286	promoter
chr10	97445175	97446174	ZDHHC16	20714	promoter
chr10	97498423	97499422	MMS19	13824	promoter
chr10	97497924	97498923	UBTD1	25683	promoter
chr10	97571779	97572778	ANKRD2	495	promoter
chr10	97583389	97584388	HOGA1	25155	promoter
chr10	97588721	97589720	C10orf62	23294	promoter
chr10	97633501	97634500	MORN4	24001	promoter
chr10	97639671	97640670	PI4K2A	30031	promoter
chr10	97687242	97688241	AVPI1	30898	promoter
chr10	97712730	97713729	MARVELD1	28674	promoter
chr10	97736128	97737127	ZFYVE27	26559	promoter
chr10	97772000	97772999	SFRP5	10779	promoter
chr10	97848843	97849842	GOLGA7B	31668	promoter
chr10	98030622	98031621	CRTAC1	14882	promoter
chr10	98133657	98134656	R3HCC1L	23512	promoter
chr10	98268195	98269194	LOXL4	17171	promoter
chr10	98415183	98416182	PYROXD2	23517	promoter
chr10	98446936	98447935	HPS1	5163	promoter
chr10	99235853	99236852	HPSE2	18374	promoter
chr10	99328356	99329355	CNNM1	102	promoter
chr10	99430625	99431624	GOT1	4432	promoter
chr10	99531942	99532941	NKX2-3	7836	promoter
chr10	99620440	99621439	SLC25A28	23472	promoter
chr10	99658509	99659508	ENTPD7	19745	promoter
chr10	99731234	99732233	CUTC	24271	promoter
chr10	99732128	99733127	COX15	2263	promoter
chr10	99781640	99782639	ABCC2	53	promoter
chr10	100009948	100010947	DNMBP	30373	promoter
chr10	100081870	100082869	CPN1	2312	promoter
chr10	100186030	100187029	ERLIN1	16947	promoter
chr10	100229597	100230596	CHUK	1974	promoter
chr10	100267639	100268638	CWF19L1	25613	promoter
chr10	100286681	100287680	BLOC1S2	20984	promoter
chr10	100330229	100331228	PKD2L1	9011	promoter
chr10	100346233	100347232	SCD	10571	promoter
chr10	100462009	100463008	WNT8B	12789	promoter
chr10	100519862	100520861	SEC31B	23197	promoter
chr10	100534943	100535942	HIF1AN	17113	promoter
chr10	100529872	100530871	NDUFB8	7703	promoter
chr10	100744582	100745581	PAX2	8616	promoter
chr10	100911963	100912962	SLF2	17814	promoter
chr10	100968504	100969503	SEMA4G	10735	promoter
chr10	100986543	100987542	TWNK	1160	promoter
chr10	100987498	100988497	MRPL43	14517	promoter
chr10	100998808	100999807	LZTS2	29381	promoter
chr10	101030234	101031233	SFXN3	16087	promoter
chr10	101031130	101032129	PDZD7	26257	promoter
chr10	101060989	101061988	KAZALD1	25460	promoter
chr10	101130300	101131299	TLX1	5056	promoter
chr10	101229464	101230463	LBX1	16960	promoter
chr10	101353165	101354164	BTRC	1144	promoter
chr10	101587321	101588320	DPCD	24542	promoter
chr10	101588258	101589257	POLL	9184	promoter
chr10	101695171	101696170	FBXW4	10847	promoter
chr10	101776115	101777114	FGF8	3686	promoter
chr10	101783447	101784446	NPM3	7931	promoter
chr10	101818445	101819444	OGA	7056	promoter
chr10	101843801	101844800	KCNIP2	15522	promoter
chr10	102056174	102057173	ARMH3	25788	promoter
chr10	102064349	102065348	HPS6	18817	promoter
chr10	102120369	102121368	LDB1	6532	promoter
chr10	102132040	102133039	PPRC1	30025	promoter
chr10	102151389	102152388	NOLC1	15608	promoter
chr10	102225299	102226298	ELOVL3	18047	promoter
chr10	102241513	102242512	PITX3	9006	promoter
chr10	102244532	102245531	GBF1	4181	promoter
chr10	102394705	102395704	NFKB2	7795	promoter
chr10	102419836	102420835	FBXL15	28155	promoter
chr10	102418786	102419785	PSD	9507	promoter
chr10	102432575	102433574	CUEDC2	28352	promoter
chr10	102451544	102452543	C10orf95	25880	promoter
chr10	102460395	102461394	MFSD13A	26196	promoter
chr10	102502713	102503712	ACTR1A	167	promoter
chr10	102502972	102503971	SUFU	16466	promoter
chr10	102643479	102644478	TRIM8	15579	promoter
chr10	102714398	102715397	ARL3	694	promoter
chr10	102713636	102714635	SFXN2	16086	promoter
chr10	102742948	102743947	WBP1L	23510	promoter
chr10	102837414	102838413	CYP17A1	2593	promoter
chr10	102853259	102854258	BORCS7	23516	promoter
chr10	102868470	102869469	AS3MT	17452	promoter
chr10	102917294	102918293	CNNM2	103	promoter
chr10	103244887	103245886	RPEL1	45241	promoter
chr10	103276138	103277137	INA	6057	promoter
chr10	103193273	103194272	NT5C2	8022	promoter
chr10	103351141	103352140	PCGF6	21156	promoter
chr10	103366976	103367975	TAF5	11539	promoter
chr10	103396476	103397475	ATP5MK	30889	promoter
chr10	103395626	103396625	PDCD11	13408	promoter
chr10	103452371	103453370	CALHM2	23493	promoter
chr10	103458901	103459900	CALHM1	23494	promoter
chr10	103479241	103480240	CALHM3	23458	promoter
chr10	103492705	103493704	NEURL1	7761	promoter
chr10	103855577	103856576	SH3PXD2A	23664	promoter
chr10	103918185	103919184	STN1	26200	promoter
chr10	103966140	103967139	SLK	11088	promoter
chr10	104085881	104086880	COL17A1	2194	promoter
chr10	104121171	104122170	SFR1	29574	promoter
chr10	104232365	104233364	CFAP43	26684	promoter
chr10	104253892	104254891	GSTO1	13312	promoter
chr10	104268184	104269183	GSTO2	23064	promoter
chr10	104338466	104339465	ITPRIP	29370	promoter
chr10	104352833	104353832	CFAP58	26676	promoter
chr10	104640290	104641289	SORCS3	16699	promoter
chr10	107164707	107165706	SORCS1	16697	promoter
chr10	109923512	109924511	XPNPEP1	12822	promoter
chr10	110006984	110007983	ADD3	245	promoter
chr10	110206605	110207604	MXI1	7534	promoter
chr10	110304921	110305920	SMNDC1	16900	promoter
chr10	110496907	110497906	DUSP5	3071	promoter
chr10	110566695	110567694	SMC3	2468	promoter
chr10	110643336	110644335	RBM20	27424	promoter
chr10	110870928	110871927	PDCD4	8763	promoter
chr10	110919181	110920180	BBIP1	28093	promoter
chr10	110918604	110919603	SHOC2	15454	promoter
chr10	111076029	111077028	ADRA2A	281	promoter
chr10	112183766	112184765	GPAM	24865	promoter
chr10	112282400	112283399	TECTB	11721	promoter
chr10	112373116	112374115	ACSL5	16526	promoter
chr10	112446215	112447214	VTI1A	17792	promoter
chr10	112446915	112447914	ZDHHC6	19160	promoter
chr10	112949247	112950246	TCF7L2	11641	promoter
chr10	113552053	113553052	HABP2	4798	promoter
chr10	113664042	113665041	NRAP	7988	promoter
chr10	113678912	113679911	CASP7	1508	promoter
chr10	113750682	113751681	PLEKHS1	26285	promoter
chr10	113854083	113855082	DCLRE1A	17660	promoter
chr10	113853661	113854660	NHLRC2	24731	promoter
chr10	114042866	114043865	ADRB1	285	promoter
chr10	114174204	114175203	CCDC186	24349	promoter
chr10	114178353	114179352	TDRD1	11712	promoter
chr10	114238254	114239253	VWA2	24709	promoter
chr10	114404503	114405502	AFAP1L2	25901	promoter
chr10	114658276	114659275	ABLIM1	78	promoter
chr10	114820780	114821779	FHIP2A	29320	promoter
chr10	114937195	114938194	TRUB1	16060	promoter
chr10	115092365	115093364	ATRNL1	29063	promoter
chr10	116273207	116274206	GFRA1	4243	promoter
chr10	116323448	116324447	CCDC172	30524	promoter
chr10	116426847	116427846	PNLIPRP3	23492	promoter
chr10	116544931	116545930	PNLIP	9155	promoter
chr10	116589959	116590958	PNLIPRP1	9156	promoter
chr10	116619953	116620952	PNLIPRP2	9157	promoter
chr10	116669967	116670966	SPMIP5	28500	promoter
chr10	116848499	116849498	ENO4	31670	promoter
chr10	116742567	116743566	HSPA12A	19022	promoter
chr10	117005188	117006187	SHTN1	29319	promoter
chr10	117138271	117139270	VAX1	12660	promoter
chr10	117196489	117197488	KCNK18	19439	promoter
chr10	117240114	117241113	SLC18A2	10935	promoter
chr10	117375441	117376440	PDZD8	26974	promoter
chr10	117541746	117542745	EMX2	3341	promoter
chr10	118046942	118047941	RAB11FIP2	29152	promoter
chr10	118342325	118343324	FAM204A	25794	promoter
chr10	118595649	118596648	PRLHR	4464	promoter
chr10	118754971	118755970	CACUL1	23727	promoter
chr10	119028714	119029713	NANOS1	23044	promoter
chr10	119080818	119081817	EIF3A	3271	promoter
chr10	119103113	119104112	DENND10	31793	promoter
chr10	119165715	119166714	SFXN4	16088	promoter
chr10	119178813	119179812	PRDX3	9354	promoter
chr10	119206571	119207570	GRK5	4544	promoter
chr10	119542720	119543719	RGS10	9992	promoter
chr10	119596965	119597964	TIAL1	11804	promoter
chr10	119650380	119651379	BAG3	939	promoter
chr10	119725050	119726049	INPP5F	17054	promoter
chr10	119872844	119873843	MCMBP	25782	promoter
chr10	119891730	119892729	SEC23IP	17018	promoter
chr10	120456227	120457226	PLPP4	23531	promoter
chr10	120850362	120851361	WDR11	13831	promoter
chr10	121598445	121599444	FGFR2	3689	promoter
chr10	121928032	121929031	ATE1	782	promoter
chr10	121975218	121976217	NSMCE4A	25935	promoter
chr10	121988163	121989162	TACC2	11523	promoter
chr10	122270296	122271295	BTBD16	26340	promoter
chr10	122373708	122374707	PLEKHA1	14335	promoter
chr10	122453653	122454652	ARMS2	32685	promoter
chr10	122460553	122461552	HTRA1	9476	promoter
chr10	122559754	122560753	DMBT1	2926	promoter
chr10	122671850	122672849	SPADH	55808	promoter
chr10	122699847	122700846	C10orf120	25707	promoter
chr10	122845858	122846857	CUZD1	17937	promoter
chr10	122879582	122880581	FAM24B	23475	promoter
chr10	122909610	122910609	FAM24A	23470	promoter
chr10	122954228	122955227	C10orf88	25822	promoter
chr10	122979401	122980400	PSTK	28578	promoter
chr10	123008796	123009795	IKZF5	14283	promoter
chr10	123008006	123009005	ACADSB	91	promoter
chr10	123134970	123135969	HMX3	5019	promoter
chr10	123147136	123148135	HMX2	5018	promoter
chr10	123153402	123154401	BUB3	1151	promoter
chr10	123665355	123666354	GPR26	4481	promoter
chr10	123891808	123892807	CPXM2	26977	promoter
chr10	124093599	124094598	CHST15	18137	promoter
chr10	124418924	124419923	OAT	8091	promoter
chr10	124450036	124451035	NKX1-2	31652	promoter
chr10	124460823	124461822	LHPP	30042	promoter
chr10	124744379	124745378	FAM53B	28968	promoter
chr10	124791888	124792887	EEF1AKMT2	33787	promoter
chr10	124800819	124801818	ABRAXAS2	28975	promoter
chr10	124941123	124942122	ZRANB1	18224	promoter
chr10	125160564	125161563	CTBP2	2495	promoter
chr10	125683164	125684163	TEX36	31653	promoter
chr10	125718709	125719708	EDRF1	24640	promoter
chr10	125775822	125776821	MMP21	14357	promoter
chr10	125823259	125824258	UROS	12592	promoter
chr10	125822546	125823545	BCCIP	978	promoter
chr10	125881293	125882292	DHX32	16717	promoter
chr10	125895564	125896563	FANK1	23527	promoter
chr10	126388478	126389477	ADAM12	190	promoter
chr10	126670694	126671693	C10orf90	26563	promoter
chr10	126904428	126905427	DOCK1	2987	promoter
chr10	127196592	127197591	INSYN2A	33859	promoter
chr10	127548309	127549308	NPS	33940	promoter
chr10	127736185	127737184	FOXI2	32448	promoter
chr10	127892942	127893941	CLRN3	20795	promoter
chr10	127906103	127907102	PTPRE	9669	promoter
chr10	128126424	128127423	MKI67	7107	promoter
chr10	129466241	129467240	MGMT	7059	promoter
chr10	129964275	129965274	EBF3	19087	promoter
chr10	130110831	130111830	C10orf143	48677	promoter
chr10	130135391	130136390	GLRX3	15987	promoter
chr10	131311722	131312721	TCERG1L	23533	promoter
chr10	131900008	131901007	PPP2R2D	23732	promoter
chr10	131981924	131982923	BNIP3	1084	promoter
chr10	132064946	132065945	JAKMIP3	23523	promoter
chr10	132185948	132186947	DPYSL4	3016	promoter
chr10	132307951	132308950	STK32C	21332	promoter
chr10	132331193	132332192	LRRC27	29346	promoter
chr10	132396200	132397199	PWWP2B	25150	promoter
chr10	132536787	132537786	INPP5A	6076	promoter
chr10	132786148	132787147	NKX6-2	19321	promoter
chr10	132942571	132943570	CFAP46	25247	promoter
chr10	133086924	133087923	ADGRA1	13838	promoter
chr10	133159219	133160218	KNDC1	29374	promoter
chr10	133229217	133230216	UTF1	12634	promoter
chr10	133236855	133237854	VENTX	13639	promoter
chr10	133276869	133277868	ADAM8	215	promoter
chr10	133307914	133308913	ZNF511	28445	promoter
chr10	133308873	133309872	TUBGCP2	18599	promoter
chr10	133336897	133337896	CALY	17938	promoter
chr10	133346373	133347372	PRAP1	23304	promoter
chr10	133358020	133359019	FUOM	24733	promoter
chr10	133373355	133374354	ECHS1	3151	promoter
chr10	133378262	133379261	PAOX	20837	promoter
chr10	133393157	133394156	MTG1	32159	promoter
chr10	133424626	133425625	SPRN	16871	promoter
chr10	133452945	133453944	SCART1	32411	promoter
chr10	133526363	133527362	CYP2E1	2631	promoter
chr10	133565584	133566583	SYCE1	28852	promoter
chr10	133626796	133627795	FRG2B	33518	promoter
chr11	192078	193077	SCGB1C1	18394	promoter
chr11	195761	196760	CIMAP1A	19905	promoter
chr11	207400	208399	BET1L	19348	promoter
chr11	206708	207707	RIC8A	29550	promoter
chr11	236343	237342	SIRT3	14931	promoter
chr11	235976	236975	PSMD13	9558	promoter
chr11	277407	278406	NLRP6	22944	promoter
chr11	288126	289125	PGGHG	26210	promoter
chr11	299527	300526	IFITM5	16644	promoter
chr11	306816	307815	IFITM2	5413	promoter
chr11	313040	314039	IFITM1	5412	promoter
chr11	320861	321860	IFITM3	5414	promoter
chr11	368499	369498	B4GALNT4	26315	promoter
chr11	393209	394208	PKP3	9025	promoter
chr11	415000	415999	SIGIRR	30575	promoter
chr11	442012	443011	ANO9	20679	promoter
chr11	449279	450278	PTDSS2	15463	promoter
chr11	507243	508242	RNH1	10074	promoter
chr11	535577	536576	HRAS	5173	promoter
chr11	536527	537526	LRRC56	25430	promoter
chr11	559970	560969	RASSF7	1166	promoter
chr11	560739	561738	LMNTD2	28561	promoter
chr11	575470	576469	PHRF1	24351	promoter
chr11	615951	616950	IRF7	6122	promoter
chr11	624956	625955	CDHR5	7521	promoter
chr11	627182	628181	SCT	10607	promoter
chr11	636269	637268	DRD4	3025	promoter
chr11	705231	706230	EPS8L2	21296	promoter
chr11	694816	695815	TMEM80	27453	promoter
chr11	695223	696222	DEAF1	14677	promoter
chr11	746464	747463	TALDO1	11559	promoter
chr11	777488	778487	GATD1	26616	promoter
chr11	790091	791090	CEND1	24153	promoter
chr11	796511	797510	PANO1	51237	promoter
chr11	798282	799281	SLC25A22	19954	promoter
chr11	808967	809966	RPLP2	10377	promoter
chr11	805232	806231	PIDD1	16491	promoter
chr11	817914	818913	PNPLA2	30802	promoter
chr11	826919	827918	CRACR2B	28703	promoter
chr11	831952	832951	CD151	1630	promoter
chr11	842530	843529	POLR2L	9199	promoter
chr11	841852	842851	TSPAN4	11859	promoter
chr11	910811	911810	CHID1	28474	promoter
chr11	924870	925869	AP2A2	562	promoter
chr11	1036719	1037718	MUC6	7517	promoter
chr11	1073875	1074874	MUC2	7512	promoter
chr11	1156953	1157952	MUC5AC	7515	promoter
chr11	1222066	1223065	MUC5B	7516	promoter
chr11	1309633	1310632	TOLLIP	16476	promoter
chr11	1388934	1389933	BRSK2	11405	promoter
chr11	1486780	1487779	MOB2	24904	promoter
chr11	1572272	1573271	DUSP8	3074	promoter
chr11	1585284	1586283	KRTAP5-1	23596	promoter
chr11	1598295	1599294	KRTAP5-2	23597	promoter
chr11	1608464	1609463	KRTAP5-3	23598	promoter
chr11	1622139	1623138	KRTAP5-4	23599	promoter
chr11	1628775	1629774	KRTAP5-5	23601	promoter
chr11	1696195	1697194	KRTAP5-6	23600	promoter
chr11	1750596	1751595	IFITM10	40022	promoter
chr11	1763928	1764927	CTSD	2529	promoter
chr11	1833990	1834989	SYT8	19264	promoter
chr11	1837981	1838980	TNNI2	11946	promoter
chr11	1852084	1853083	LSP1	6707	promoter
chr11	1891896	1892895	PRR33	35118	promoter
chr11	1918703	1919702	TNNT3	11950	promoter
chr11	1946332	1947331	MRPL23	10322	promoter
chr11	2139390	2140389	IGF2	5466	promoter
chr11	2161210	2162209	INS	6081	promoter
chr11	2171816	2172815	TH	11782	promoter
chr11	2270589	2271588	ASCL2	739	promoter
chr11	2301013	2302012	TSPAN32	13410	promoter
chr11	2301919	2302918	C11orf21	13231	promoter
chr11	2376310	2377309	CD81	1701	promoter
chr11	2399750	2400749	TSSC4	12386	promoter
chr11	2444515	2445514	TRPM5	14323	promoter
chr11	2444008	2445007	KCNQ1	6294	promoter
chr11	2885776	2886775	CDKN1C	1786	promoter
chr11	2901278	2902277	SLC22A18	10964	promoter
chr11	2929421	2930420	PHLDA2	12385	promoter
chr11	2992330	2993329	NAP1L4	7640	promoter
chr11	3057424	3058423	CARS1	1493	promoter
chr11	3165311	3166310	OSBPL5	16392	promoter
chr11	3218814	3219813	MRGPRG	24829	promoter
chr11	3232418	3233417	MRGPRE	30694	promoter
chr11	3379147	3380146	ZNF195	12986	promoter
chr11	3641993	3642992	ART5	24049	promoter
chr11	3644128	3645127	ART1	723	promoter
chr11	3671385	3672384	CHRNA10	13800	promoter
chr11	3807560	3808559	PGAP2	17893	promoter
chr11	3797555	3798554	NUP98	8068	promoter
chr11	3840960	3841959	RHOG	672	promoter
chr11	3854664	3855663	STIM1	11386	promoter
chr11	4093799	4094798	RRM1	10451	promoter
chr11	4232217	4233216	SSU72L5	43624	promoter
chr11	4242707	4243706	SSU72L2	43621	promoter
chr11	4288186	4289185	SSU72L4	43623	promoter
chr11	4328790	4329789	SSU72L3	43622	promoter
chr11	4339346	4340345	SSU72L1	43626	promoter
chr11	4368387	4369386	OR52B4	15209	promoter
chr11	4393703	4394702	TRIM21	11312	promoter
chr11	4448295	4449294	OR52K2	15223	promoter
chr11	4481646	4482645	OR52K1	15222	promoter
chr11	4544191	4545190	OR52M1	15225	promoter
chr11	4580743	4581742	OR52I2	15221	promoter
chr11	4593039	4594038	OR52I1	15220	promoter
chr11	4608232	4609231	TRIM68	21161	promoter
chr11	4636477	4637476	OR51D1	15193	promoter
chr11	4642982	4643981	OR51E1	15194	promoter
chr11	4697854	4698853	OR51C1P	15191	promoter
chr11	4697854	4698853	OR51E2	15195	promoter
chr11	4703784	4704783	MMP26	14249	promoter
chr11	4769939	4770938	OR51F1	15196	promoter
chr11	4804381	4805380	OR52R1	15235	promoter
chr11	4820321	4821320	OR51F2	15197	promoter
chr11	4849209	4850208	OR51S1	15204	promoter
chr11	4880900	4881899	OR51T1	15205	promoter
chr11	4902783	4903782	OR51A7	15188	promoter
chr11	4919351	4920350	OR51G2	15198	promoter
chr11	4924340	4925339	OR51G1	14738	promoter
chr11	4947606	4948605	OR51A4	14795	promoter
chr11	4955714	4956713	OR51A2	14764	promoter
chr11	4993851	4994850	OR51L1	14759	promoter
chr11	5045526	5046525	OR52J3	14799	promoter
chr11	5059628	5060627	OR52E2	14769	promoter
chr11	5068572	5069571	OR52E1	14766	promoter
chr11	5138357	5139356	OR52A5	19580	promoter
chr11	5154758	5155757	OR52A1	8318	promoter
chr11	5200683	5201682	OR51V1	19597	promoter
chr11	5227072	5228071	HBB	4827	promoter
chr11	5234484	5235483	HBD	4829	promoter
chr11	5249858	5250857	HBG1	4831	promoter
chr11	5301947	5302946	OR51B4	14708	promoter
chr11	5324298	5325297	OR51B2	14703	promoter
chr11	5350508	5351507	OR51B6	19600	promoter
chr11	5382812	5383811	OR51M1	14847	promoter
chr11	5421111	5422110	OR51Q1	14851	promoter
chr11	5441515	5442514	OR51I1	15200	promoter
chr11	5448323	5449322	OR51I2	15201	promoter
chr11	5487685	5488684	OR52D1	15212	promoter
chr11	5254782	5255781	HBG2	4832	promoter
chr11	5269946	5270945	HBE1	4830	promoter
chr11	5343525	5344524	OR51B5	19599	promoter
chr11	5509958	5510957	UBQLN3	12510	promoter
chr11	5516700	5517699	UBQLNL	28294	promoter
chr11	5548541	5549540	OR52H1	15218	promoter
chr11	5579877	5580876	OR52B6	15211	promoter
chr11	5595637	5596636	TRIM6	16277	promoter
chr11	5624001	5625000	TRIM34	10063	promoter
chr11	5688790	5689789	TRIM22	16379	promoter
chr11	5725502	5726501	OR52P1	15232	promoter
chr11	5735448	5736447	OR56B1	15245	promoter
chr11	5753243	5754242	OR52N4	15230	promoter
chr11	5760153	5761152	OR56B2P	15246	promoter
chr11	5783356	5784355	OR52N5	15231	promoter
chr11	5791266	5792265	OR52N1	14853	promoter
chr11	5807924	5808923	OR52N2	15228	promoter
chr11	5841898	5842897	OR52E6	15215	promoter
chr11	5857691	5858690	OR52E8	15217	promoter
chr11	5879629	5880628	OR52E4	15213	promoter
chr11	5892208	5893207	OR52E5	15214	promoter
chr11	5685075	5686074	TRIM5	16276	promoter
chr11	5941251	5942250	OR56A3	14786	promoter
chr11	5968495	5969494	OR56A5	14792	promoter
chr11	5986986	5987985	OR52L1	14785	promoter
chr11	6006947	6007946	OR56A4	14791	promoter
chr11	6030759	6031758	OR56A1	14781	promoter
chr11	6106684	6107683	OR56B4	15248	promoter
chr11	6170327	6171326	OR52B2	15207	promoter
chr11	6198224	6199223	OR52W1	15239	promoter
chr11	6204557	6205556	C11orf42	28541	promoter
chr11	6234637	6235636	FHIP1B	25378	promoter
chr11	6238089	6239088	CNGA4	2152	promoter
chr11	6258838	6259837	CCKBR	1571	promoter
chr11	6320502	6321501	CAVIN3	9400	promoter
chr11	6389474	6390473	SMPD1	11120	promoter
chr11	6419095	6420094	APBB1	581	promoter
chr11	6440988	6441987	HPX	5171	promoter
chr11	6473942	6474941	TRIM3	10064	promoter
chr11	6481332	6482331	ARFIP2	17160	promoter
chr11	6480501	6481500	TIMM10B	4022	promoter
chr11	6496280	6497279	DNHD1	26532	promoter
chr11	6603617	6604616	RRP8	29030	promoter
chr11	6602774	6603773	ILK	6040	promoter
chr11	6612217	6613216	TAF10	11543	promoter
chr11	6619423	6620422	TPP1	2073	promoter
chr11	6655810	6656809	DCHS1	13681	promoter
chr11	6683341	6684340	MRPL17	14053	promoter
chr11	6771977	6772976	OR2AG2	15143	promoter
chr11	6782020	6783019	OR2AG1	15142	promoter
chr11	6799690	6800689	OR6A2	15301	promoter
chr11	6844683	6845682	OR10A5	15131	promoter
chr11	6862057	6863056	OR10A2	8161	promoter
chr11	6875625	6876624	OR10A4	15130	promoter
chr11	6892501	6893500	OR2D2	8244	promoter
chr11	6920002	6921001	OR2D3	15146	promoter
chr11	6925426	6926425	ZNF215	13007	promoter
chr11	7020347	7021346	ZNF214	13006	promoter
chr11	7019479	7020478	NLRP14	22939	promoter
chr11	7087998	7088997	RBMXL2	17886	promoter
chr11	7250904	7251903	SYT9	19265	promoter
chr11	7484506	7485505	OLFML1	24473	promoter
chr11	7512999	7513998	PPFIBP2	9250	promoter
chr11	7673501	7674500	CYB5R2	24376	promoter
chr11	7706478	7707477	OVCH2	29970	promoter
chr11	7796943	7797942	OR5P2	14783	promoter
chr11	7830841	7831840	OR5P3	14784	promoter
chr11	7931269	7932268	OR10A6	15132	promoter
chr11	7941709	7942708	OR10A3	8162	promoter
chr11	7965448	7966447	NLRP10	21464	promoter
chr11	7986337	7987336	EIF3F	3275	promoter
chr11	8080211	8081210	TUB	12406	promoter
chr11	8169026	8170025	RIC3	30338	promoter
chr11	8263879	8264878	LMO1	6641	promoter
chr11	8594229	8595228	STK33	14568	promoter
chr11	8682666	8683665	TRIM66	29005	promoter
chr11	8681792	8682791	RPL27A	10329	promoter
chr11	8810675	8811674	DENND2B	11350	promoter
chr11	8910189	8911188	AKIP1	1170	promoter
chr11	8932948	8933947	C11orf16	1169	promoter
chr11	8943017	8944016	ASCL3	740	promoter
chr11	8964443	8965442	TMEM9B	1168	promoter
chr11	9004002	9005001	NRIP3	1167	promoter
chr11	9091600	9092599	SCUBE2	30425	promoter
chr11	9265351	9266350	DENND5A	19344	promoter
chr11	9314594	9315593	TMEM41B	28948	promoter
chr11	9383652	9384651	IPO7	9852	promoter
chr11	9460012	9461011	ZNF143	12928	promoter
chr11	9572670	9573669	WEE1	12761	promoter
chr11	9663077	9664076	SWAP70	17070	promoter
chr11	10294220	10295219	SBF2	2135	promoter
chr11	10304073	10305072	ADM	259	promoter
chr11	10454264	10455263	AMPD3	470	promoter
chr11	10541188	10542187	RNF141	21159	promoter
chr11	10568666	10569665	LYVE1	14687	promoter
chr11	10693756	10694755	IRAG1	7237	promoter
chr11	10750246	10751245	CTR9	16850	promoter
chr11	10808927	10809926	EIF4G2	3297	promoter
chr11	10858054	10859053	ZBED5	30803	promoter
chr11	11353251	11354250	CSNK2A3	2458	promoter
chr11	11622006	11623005	GALNT18	30488	promoter
chr11	11840972	11841971	USP47	20076	promoter
chr11	12008627	12009626	DKK3	2893	promoter
chr11	12109590	12110589	MICAL2	24693	promoter
chr11	12376571	12377570	PARVA	14652	promoter
chr11	12673421	12674420	TEAD1	11714	promoter
chr11	13008316	13009315	RASSF10	33984	promoter
chr11	13276790	13277789	BMAL1	701	promoter
chr11	13463223	13464222	BTBD10	21445	promoter
chr11	13495998	13496997	PTH	9606	promoter
chr11	13667668	13668667	FAR1	26222	promoter
chr11	13961723	13962722	SPON1	11252	promoter
chr11	14359184	14360183	RRAS2	17271	promoter
chr11	14499812	14500811	COPB1	2231	promoter
chr11	14520387	14521386	PSMA1	9530	promoter
chr11	14642804	14643803	PDE3B	8779	promoter
chr11	14892232	14893231	CYP2R1	20580	promoter
chr11	15072593	15073592	CALCB	1438	promoter
chr11	14972352	14973351	CALCA	1437	promoter
chr11	15113923	15114922	INSC	33116	promoter
chr11	16737647	16738646	C11orf58	16990	promoter
chr11	16356547	16357546	SOX6	16421	promoter
chr11	17014415	17015414	PLEKHA7	27049	promoter
chr11	17077668	17078667	RPS13	10386	promoter
chr11	17207987	17208986	PIK3C2A	8971	promoter
chr11	17275739	17276738	NUCB2	8044	promoter
chr11	17350800	17351799	NCR3LG1	42400	promoter
chr11	17388660	17389659	KCNJ11	6257	promoter
chr11	17476846	17477845	ABCC8	59	promoter
chr11	17544417	17545416	USH1C	12597	promoter
chr11	17546259	17547258	OTOG	8516	promoter
chr11	17718571	17719570	MYOD1	7611	promoter
chr11	17733781	17734780	KCNC1	6233	promoter
chr11	18013048	18014047	SERGEF	17499	promoter
chr11	18046270	18047269	TPH1	12008	promoter
chr11	18106083	18107082	SAAL1	25158	promoter
chr11	18131571	18132570	MRGPRX3	17980	promoter
chr11	18171837	18172836	MRGPRX4	17617	promoter
chr11	18236803	18237802	SAA4	10516	promoter
chr11	18248669	18249668	SAA2	10514	promoter
chr11	18265264	18266263	SAA1	10513	promoter
chr11	18322141	18323140	HPS5	17022	promoter
chr11	18321567	18322566	GTF2H1	4655	promoter
chr11	18393563	18394562	LDHA	6535	promoter
chr11	18411318	18412317	LDHC	6544	promoter
chr11	18454856	18455855	LDHAL6A	28335	promoter
chr11	18526943	18527942	TSG101	15971	promoter
chr11	18588735	18589734	UEVLD	30866	promoter
chr11	18598789	18599788	MISFA	44122	promoter
chr11	18634343	18635342	SPTY2D1	26818	promoter
chr11	18697779	18698778	TMEM86A	26890	promoter
chr11	18726189	18727188	IGSF22	26750	promoter
chr11	18791799	18792798	PTPN5	9657	promoter
chr11	18939415	18940414	MRGPRX1	17962	promoter
chr11	19060718	19061717	MRGPRX2	17983	promoter
chr11	19116168	19117167	ZDHHC13	18413	promoter
chr11	19201984	19202983	CSRP3	2472	promoter
chr11	19240946	19241945	E2F8	24727	promoter
chr11	19711837	19712836	NAV2	15997	promoter
chr11	20160476	20161475	DBX1	33185	promoter
chr11	20362714	20363713	HTATIP2	16637	promoter
chr11	20386716	20387715	PRMT3	30163	promoter
chr11	20598608	20599607	SLC6A5	11051	promoter
chr11	20668586	20669585	NELL1	7750	promoter
chr11	22192085	22193084	ANO5	27337	promoter
chr11	22337381	22338380	SLC17A6	16703	promoter
chr11	22665611	22666610	GAS2	4167	promoter
chr11	22625824	22626823	FANCF	3587	promoter
chr11	22829802	22830801	SVIP	25238	promoter
chr11	22860475	22861474	CCDC179	44653	promoter
chr11	24496053	24497052	LUZP2	23206	promoter
chr11	26331130	26332129	ANO3	14004	promoter
chr11	26572264	26573263	MUC15	14956	promoter
chr11	26722061	26723060	SLC5A12	28750	promoter
chr11	26993112	26994111	FIBIN	33747	promoter
chr11	27039815	27040814	BBOX1	964	promoter
chr11	27363216	27364215	CCDC34	25079	promoter
chr11	27472791	27473790	LGR4	13299	promoter
chr11	27506770	27507769	LIN7C	17789	promoter
chr11	27700456	27701455	BDNF	1033	promoter
chr11	28108157	28109156	KIF18A	29441	promoter
chr11	28107388	28108387	METTL15	26606	promoter
chr11	30017031	30018030	KCNA4	6222	promoter
chr11	30230014	30231013	FSHB	3964	promoter
chr11	30322104	30323103	ARL14EP	26798	promoter
chr11	30586354	30587353	MPPED2	1180	promoter
chr11	31369740	31370739	DCDC1	20625	promoter
chr11	31368860	31369859	DNAJC24	26979	promoter
chr11	31509623	31510622	IMMP1L	26317	promoter
chr11	31508767	31509766	ELP4	1171	promoter
chr11	31811323	31812322	PAX6	8620	promoter
chr11	32090074	32091073	RCN1	9934	promoter
chr11	32435540	32436539	WT1	12796	promoter
chr11	32582831	32583830	EIF3M	24460	promoter
chr11	32794663	32795662	CCDC73	23261	promoter
chr11	32828927	32829926	PRRG4	30799	promoter
chr11	32891811	32892810	QSER1	26154	promoter
chr11	33014878	33015877	DEPDC7	29899	promoter
chr11	33038572	33039571	TCP11L1	25655	promoter
chr11	33161481	33162480	CSTF3	2485	promoter
chr11	33256381	33257380	HIPK3	4915	promoter
chr11	33375108	33376107	KIAA1549L	24836	promoter
chr11	33700827	33701826	C11orf91	34444	promoter
chr11	33736424	33737423	CD59	1689	promoter
chr11	33774521	33775520	FBXO3	13582	promoter
chr11	33892077	33893076	LMO2	6642	promoter
chr11	34050731	34051730	CAPRIN1	6743	promoter
chr11	34104629	34105628	NAT10	29830	promoter
chr11	34358011	34359010	ABTB2	23842	promoter
chr11	34437934	34438933	CAT	1516	promoter
chr11	34513795	34514794	ELF5	3320	promoter
chr11	34620093	34621092	EHF	3246	promoter
chr11	34915618	34916617	PDHX	21350	promoter
chr11	34916380	34917379	APIP	17581	promoter
chr11	35138171	35139170	CD44	1681	promoter
chr11	35419559	35420558	SLC1A2	10940	promoter
chr11	35525617	35526616	PAMR1	24554	promoter
chr11	35617460	35618459	FJX1	17166	promoter
chr11	35661775	35662774	TRIM44	19016	promoter
chr11	35943062	35944061	LDLRAD3	27046	promoter
chr11	36289425	36290424	COMMD9	25014	promoter
chr11	36295288	36296287	PRR5L	25878	promoter
chr11	36510273	36511272	TRAF6	12036	promoter
chr11	36567007	36568006	RAG1	9831	promoter
chr11	36593502	36594501	IFTAP	25142	promoter
chr11	36598237	36599236	RAG2	9832	promoter
chr11	41459653	41460652	LRRC4C	29317	promoter
chr11	43310996	43311995	API5	594	promoter
chr11	43357920	43358919	TTC17	25596	promoter
chr11	43679738	43680737	HSD17B12	18646	promoter
chr11	43879831	43880830	ALKBH3	30141	promoter
chr11	43941637	43942636	C11orf96	38675	promoter
chr11	44046981	44047980	ACCSL	34391	promoter
chr11	44065270	44066269	ACCS	23989	promoter
chr11	44094678	44095677	EXT2	3513	promoter
chr11	44310140	44311139	ALX4	450	promoter
chr11	44564663	44565662	CD82	6210	promoter
chr11	44725962	44726961	TSPAN18	20660	promoter
chr11	44950884	44951883	TP53I11	16842	promoter
chr11	45145639	45146638	PRDM11	13996	promoter
chr11	45286342	45287341	SYT13	14962	promoter
chr11	45665623	45666622	CHST1	1969	promoter
chr11	45804149	45805148	SLC35C1	20197	promoter
chr11	45846475	45847474	CRY2	2385	promoter
chr11	45884651	45885650	MAPK8IP1	6882	promoter
chr11	45907272	45908271	FREY1	37213	promoter
chr11	45917878	45918877	PEX16	8857	promoter
chr11	45921656	45922655	LARGE2	16522	promoter
chr11	46121455	46122454	PHF21A	24156	promoter
chr11	46276662	46277661	CREB3L1	18856	promoter
chr11	46346463	46347462	DGKZ	2857	promoter
chr11	46380669	46381668	MDK	6972	promoter
chr11	46391777	46392776	CHRM4	1953	promoter
chr11	46594024	46595023	AMBRA1	25990	promoter
chr11	46616553	46617552	ATG13	29091	promoter
chr11	46617228	46618227	HARBI1	26522	promoter
chr11	46700620	46701619	ARHGAP1	673	promoter
chr11	46700031	46701030	ZNF408	20041	promoter
chr11	46718213	46719212	F2	3535	promoter
chr11	46846281	46847280	CKAP5	28959	promoter
chr11	46918551	46919550	LRP4	6696	promoter
chr11	46935761	46936760	CSTPP1	28720	promoter
chr11	47176880	47177879	ARFGAP2	13504	promoter
chr11	47186435	47187434	PACSIN3	8572	promoter
chr11	47213974	47214973	DDB2	2718	promoter
chr11	47256996	47257995	NR1H3	7966	promoter
chr11	47248815	47249814	ACP2	123	promoter
chr11	47269133	47270132	MADD	6766	promoter
chr11	47352703	47353702	MYBPC3	7551	promoter
chr11	47407590	47408589	SLC39A13	20859	promoter
chr11	47378548	47379547	SPI1	11241	promoter
chr11	47426440	47427439	PSMC3	9549	promoter
chr11	47449137	47450136	RAPSN	9863	promoter
chr11	47578074	47579073	NDUFS3	7710	promoter
chr11	47564599	47565598	PTPMT1	26965	promoter
chr11	47553133	47554132	CELF1	2549	promoter
chr11	47578971	47579970	KBTBD4	23761	promoter
chr11	47585678	47586677	FAM180B	34451	promoter
chr11	47594412	47595411	C1QTNF4	14346	promoter
chr11	47642560	47643559	MTCH2	17587	promoter
chr11	47715370	47716369	AGBL2	26296	promoter
chr11	47767342	47768341	FNBP4	19752	promoter
chr11	47848351	47849350	NUP160	18017	promoter
chr11	47979559	47980558	PTPRJ	9673	promoter
chr11	48215810	48216809	OR4B1	8290	promoter
chr11	48244104	48245103	OR4X2	15184	promoter
chr11	48262861	48263860	OR4X1	14854	promoter
chr11	48305223	48306222	OR4S1	14705	promoter
chr11	48323920	48324919	OR4C3	14697	promoter
chr11	48366466	48367465	OR4C5	14702	promoter
chr11	48487793	48488792	OR4A47	31266	promoter
chr11	48983886	48984885	TRIM51G	43972	promoter
chr11	49027823	49028822	TRIM49B	42955	promoter
chr11	49059113	49060112	TRIM64C	37148	promoter
chr11	49208603	49209602	FOLH1	3788	promoter
chr11	49951391	49952390	OR4C13	15169	promoter
chr11	49982536	49983535	OR4C12	15168	promoter
chr11	50031874	50032873	OR4C45	31270	promoter
chr11	54603999	54604998	OR4C46	31271	promoter
chr11	54681877	54682876	OR4A8	15165	promoter
chr11	54705832	54706831	OR4A5	15162	promoter
chr11	55261155	55262154	TRIM48	19021	promoter
chr11	55342201	55343200	OR4A16	15153	promoter
chr11	55366974	55367973	OR4A15	15152	promoter
chr11	55553469	55554468	OR4C15	15171	promoter
chr11	55571128	55572127	OR4C16	15172	promoter
chr11	55607646	55608645	OR4C11	15167	promoter
chr11	55634113	55635112	OR4P4	15180	promoter
chr11	55647327	55648326	OR4S2	15183	promoter
chr11	55661201	55662200	OR4C6	14743	promoter
chr11	55722776	55723775	OR5D3P	8336	promoter
chr11	55772438	55773437	OR5D13	15280	promoter
chr11	55794556	55795555	OR5D14	15281	promoter
chr11	55810367	55811366	OR5L1	8350	promoter
chr11	55818630	55819629	OR5D18	15285	promoter
chr11	55826219	55827218	OR5L2	8351	promoter
chr11	55837752	55838751	OR5D16	15283	promoter
chr11	55882297	55883296	TRIM51	19023	promoter
chr11	55914583	55915582	OR5W2	15299	promoter
chr11	55936401	55937400	OR5I1	8347	promoter
chr11	55969946	55970945	OR10AG1	19607	promoter
chr11	55994626	55995625	OR5F1	8343	promoter
chr11	56026654	56027653	OR5AS1	15261	promoter
chr11	56092308	56093307	OR8I2	15310	promoter
chr11	56102687	56103686	OR8H2	15308	promoter
chr11	56121373	56122372	OR8H3	15309	promoter
chr11	56140202	56141201	OR8J3	15312	promoter
chr11	56160318	56161317	OR8K5	15315	promoter
chr11	56175618	56176617	OR5J2	19612	promoter
chr11	56215223	56216222	OR8J2	15311	promoter
chr11	56234256	56235255	OR5T2	15296	promoter
chr11	56251254	56252253	OR5T3	15297	promoter
chr11	56273154	56274153	OR5T1	14821	promoter
chr11	56292255	56293254	OR8H1	14824	promoter
chr11	56314144	56315143	OR8K3	15313	promoter
chr11	56345039	56346038	OR8K1	14831	promoter
chr11	56353291	56354290	OR8J1	14855	promoter
chr11	56374624	56375623	OR8U1	19611	promoter
chr11	56411696	56412695	OR5AL1	14844	promoter
chr11	56418233	56419232	OR8U3	14841	promoter
chr11	56463402	56464401	OR5M9	15294	promoter
chr11	56473353	56474352	OR5M3	14806	promoter
chr11	56491371	56492370	OR5M8	14846	promoter
chr11	56543258	56544257	OR5M11	15291	promoter
chr11	56577722	56578721	OR5M10	15290	promoter
chr11	56614875	56615874	OR5M1	8352	promoter
chr11	56642440	56643439	OR5AP2	15258	promoter
chr11	56662686	56663685	OR5AR1	15260	promoter
chr11	56698095	56699094	OR9G1	15319	promoter
chr11	56748698	56749697	OR9G4	15322	promoter
chr11	56820517	56821516	OR5G3	15287	promoter
chr11	56970050	56971049	OR5AK3P	15252	promoter
chr11	56987914	56988913	OR5AK2	15251	promoter
chr11	57180953	57181952	LRRC55	32324	promoter
chr11	57237251	57238250	APLNR	339	promoter
chr11	57324953	57325952	TNKS1BP1	19081	promoter
chr11	57335893	57336892	SSRP1	11327	promoter
chr11	57337352	57338351	P2RX3	8534	promoter
chr11	57381151	57382150	PRG3	9363	promoter
chr11	57390651	57391650	PRG2	9362	promoter
chr11	57427122	57428121	SLC43A3	17466	promoter
chr11	57459528	57460527	RTN4RL2	23053	promoter
chr11	57515703	57516702	SLC43A1	9225	promoter
chr11	57530755	57531754	TIMM10	11814	promoter
chr11	57536595	57537594	SMTNL1	32394	promoter
chr11	57567673	57568672	UBE2L6	12490	promoter
chr11	57596685	57597684	SERPING1	1228	promoter
chr11	57656762	57657761	CLP1	16999	promoter
chr11	57649913	57650912	YPEL4	18328	promoter
chr11	57667114	57668113	ZDHHC5	18472	promoter
chr11	57712216	57713215	MED19	29600	promoter
chr11	57711593	57712592	TMX2	30739	promoter
chr11	57740491	57741490	SELENOH	18251	promoter
chr11	57751820	57752819	BTBD18	37214	promoter
chr11	57760802	57761801	CTNND1	2515	promoter
chr11	58022881	58023880	OR9Q1	14724	promoter
chr11	58029953	58030952	OR6Q1	15302	promoter
chr11	58125531	58126530	OR9I1	14718	promoter
chr11	58188070	58189069	OR9Q2	15328	promoter
chr11	58204143	58205142	OR1S2	15141	promoter
chr11	58211720	58212719	OR1S1	8227	promoter
chr11	58228919	58229918	OR10Q1	15134	promoter
chr11	58268261	58269260	OR10W1	15139	promoter
chr11	58359070	58360069	OR5B17	15267	promoter
chr11	58406875	58407874	OR5B3	8324	promoter
chr11	58428122	58429121	OR5B2	8323	promoter
chr11	58442237	58443236	OR5B12	15432	promoter
chr11	58508106	58509105	OR5B21	19616	promoter
chr11	58575857	58576856	LPXN	14061	promoter
chr11	58578063	58579062	ZFP91	14983	promoter
chr11	58621665	58622664	CNTF	2169	promoter
chr11	58731944	58732943	GLYAT	13734	promoter
chr11	58844705	58845704	GLYATL2	24178	promoter
chr11	58938488	58939487	GLYATL1	30519	promoter
chr11	59085307	59086306	GLYATL1B	37865	promoter
chr11	59106237	59107236	FAM111B	24200	promoter
chr11	59141856	59142855	FAM111A	24725	promoter
chr11	59171132	59172131	DTX4	29151	promoter
chr11	59212928	59213927	MPEG1	29619	promoter
chr11	59357895	59358894	OR5AN1	15255	promoter
chr11	59426414	59427413	OR5A2	15249	promoter
chr11	59435469	59436468	OR5A1	8319	promoter
chr11	59455961	59456960	OR4D6	15175	promoter
chr11	59472315	59473314	OR4D10	15173	promoter
chr11	59502576	59503575	OR4D11	15174	promoter
chr11	59510539	59511538	OR4D9	15178	promoter
chr11	59615775	59616774	OSBP	8503	promoter
chr11	59669038	59670037	PATL1	26721	promoter
chr11	59754376	59755375	STX3	11438	promoter
chr11	59713846	59714845	OR10V1	15136	promoter
chr11	59810779	59811778	MRPL16	14476	promoter
chr11	59845500	59846499	CBLIF	4268	promoter
chr11	59866488	59867487	TCN1	11652	promoter
chr11	59877782	59878781	OOSP3	53903	promoter
chr11	59937432	59938431	OOSP1	49233	promoter
chr11	59963033	59964032	OOSP4A	53904	promoter
chr11	60016181	60017180	OOSP4B	53905	promoter
chr11	60039409	60040408	OOSP2	26699	promoter
chr11	60055665	60056664	MS4A3	7317	promoter
chr11	60087664	60088663	MS4A2	7316	promoter
chr11	60183084	60184083	MS4A6A	13375	promoter
chr11	60279666	60280665	MS4A4A	13371	promoter
chr11	60243138	60244137	MS4A4E	14284	promoter
chr11	60326255	60327254	MS4A6E	14285	promoter
chr11	60377532	60378531	MS4A7	13378	promoter
chr11	60395459	60396458	MS4A14	30706	promoter
chr11	60428572	60429571	MS4A5	13374	promoter
chr11	60454847	60455846	MS4A1	7315	promoter
chr11	60491778	60492777	MS4A12	13370	promoter
chr11	60514392	60515391	MS4A13	16674	promoter
chr11	60698612	60699611	MS4A8	13380	promoter
chr11	60723720	60724719	MS4A18	37636	promoter
chr11	60755867	60756866	MS4A15	28573	promoter
chr11	60784333	60785332	MS4A10	13368	promoter
chr11	60841113	60842112	CCDC86	28359	promoter
chr11	60855951	60856950	PTGDR2	4502	promoter
chr11	60866542	60867541	ZP1	13187	promoter
chr11	60906586	60907585	PRPF19	17896	promoter
chr11	60913158	60914157	TMEM109	28771	promoter
chr11	60923460	60924459	TMEM132A	31092	promoter
chr11	60952177	60953176	SLC15A3	18068	promoter
chr11	60970680	60971679	CD6	1691	promoter
chr11	61101489	61102488	CD5	1685	promoter
chr11	61161427	61162426	VPS37C	26097	promoter
chr11	61202515	61203514	PGA3	8885	promoter
chr11	61221347	61222346	PGA4	8886	promoter
chr11	61240175	61241174	PGA5	8887	promoter
chr11	61295317	61296316	VWCE	26487	promoter
chr11	61332228	61333227	TKFC	24552	promoter
chr11	61333106	61334105	DDB1	2717	promoter
chr11	61361374	61362373	TMEM138	26944	promoter
chr11	61361883	61362882	CYB561A3	23014	promoter
chr11	61391587	61392586	TMEM216	25018	promoter
chr11	61429976	61430975	CPSF7	30098	promoter
chr11	61429124	61430123	SDHAF2	26034	promoter
chr11	61480120	61481119	SAXO4	28869	promoter
chr11	61507749	61508748	LRRC10B	37215	promoter
chr11	61581077	61582076	SYT7	11514	promoter
chr11	61679391	61680390	DAGLA	1165	promoter
chr11	61751636	61752635	MYRF	1181	promoter
chr11	61792600	61793599	TMEM258	1164	promoter
chr11	61791911	61792910	FEN1	3650	promoter
chr11	61827300	61828299	FADS2	3575	promoter
chr11	61817004	61818003	FADS1	3574	promoter
chr11	61891546	61892545	FADS3	3576	promoter
chr11	61917567	61918566	RAB3IL1	9780	promoter
chr11	61949351	61950350	BEST1	12703	promoter
chr11	61967635	61968634	FTH1	3976	promoter
chr11	62123011	62124010	INCENP	6058	promoter
chr11	62189216	62190215	SCGB1D1	18395	promoter
chr11	62207673	62208672	SCGB2A1	7051	promoter
chr11	62241239	62242238	SCGB1D2	18396	promoter
chr11	62269158	62270157	SCGB2A2	7050	promoter
chr11	62299076	62300075	SCGB1D4	31748	promoter
chr11	62336448	62337447	ASRGL1	16448	promoter
chr11	62418033	62419032	SCGB1A1	12523	promoter
chr11	62546807	62547806	AHNAK	347	promoter
chr11	62573892	62574891	EEF1G	3213	promoter
chr11	62591524	62592523	TUT1	26184	promoter
chr11	62601866	62602865	MTA2	7411	promoter
chr11	62612257	62613256	ROM1	10254	promoter
chr11	62612776	62613775	EML3	26666	promoter
chr11	62621987	62622986	B3GAT3	923	promoter
chr11	62646614	62647613	GANAB	4138	promoter
chr11	62653303	62654302	INTS5	29352	promoter
chr11	62665211	62666210	C11orf98	51238	promoter
chr11	62664312	62665311	CSKMT	33113	promoter
chr11	62670673	62671672	UQCC3	34399	promoter
chr11	62672268	62673267	LBHD1	28351	promoter
chr11	62679074	62680073	UBXN1	18402	promoter
chr11	62689531	62690530	LRRN4CL	33724	promoter
chr11	62706676	62707675	GNG3	4405	promoter
chr11	62707425	62708424	BSCL2	15832	promoter
chr11	62727458	62728457	HNRNPUL2	25451	promoter
chr11	62727486	62728485	TTC9C	28432	promoter
chr11	62754161	62755160	ZBTB3	22918	promoter
chr11	62760580	62761579	POLR2G	9194	promoter
chr11	62770396	62771395	TAF6L	17305	promoter
chr11	62786402	62787401	TMEM179B	33744	promoter
chr11	62792007	62793006	TMEM223	28464	promoter
chr11	62805441	62806440	NXF1	8071	promoter
chr11	62832052	62833051	STX5	11440	promoter
chr11	62832842	62833841	TEX54	53729	promoter
chr11	62839591	62840590	WDR74	25529	promoter
chr11	62879896	62880895	SLC3A2	11026	promoter
chr11	62921364	62922363	CHRM1	1950	promoter
chr11	62984968	62985967	SLC22A6	10970	promoter
chr11	63015842	63016841	SLC22A8	10972	promoter
chr11	63144222	63145221	SLC22A24	28542	promoter
chr11	63243600	63244599	SLC22A25	32935	promoter
chr11	63288903	63289902	SLC22A10	18057	promoter
chr11	63368785	63369784	SLC22A9	16261	promoter
chr11	63491168	63492167	PLAAT5	24978	promoter
chr11	63505084	63506083	LGALS12	15788	promoter
chr11	63535808	63536807	PLAAT4	9869	promoter
chr11	63563380	63564379	PLAAT2	17824	promoter
chr11	63614434	63615433	PLAAT3	17825	promoter
chr11	63671377	63672376	ATL3	24526	promoter
chr11	63680500	63681499	RTN3	10469	promoter
chr11	63768776	63769775	ZFTA	28449	promoter
chr11	63812456	63813455	SPINDOC	25115	promoter
chr11	63838110	63839109	MARK2	3332	promoter
chr11	63917165	63918164	RCOR2	27455	promoter
chr11	63938002	63939001	NAA40	25845	promoter
chr11	63973620	63974619	COX8A	2294	promoter
chr11	63985438	63986437	OTUB1	23077	promoter
chr11	64034931	64035930	FLRT1	3760	promoter
chr11	64166114	64167113	MACROD1	29598	promoter
chr11	64185171	64186170	STIP1	11387	promoter
chr11	64205721	64206720	FERMT3	23151	promoter
chr11	64225274	64226273	NUDT22	28189	promoter
chr11	64226187	64227186	TRPT1	20316	promoter
chr11	64229548	64230547	DNAJC4	5271	promoter
chr11	64233584	64234583	VEGFB	12681	promoter
chr11	64240095	64241094	FKBP2	3718	promoter
chr11	64246944	64247943	PPP1R14B	9057	promoter
chr11	64250530	64251529	PLCB3	9056	promoter
chr11	64284848	64285847	GPR137	24300	promoter
chr11	64284666	64285665	BAD	936	promoter
chr11	64290302	64291301	KCNK4	6279	promoter
chr11	64299358	64300357	CATSPERZ	19231	promoter
chr11	64304524	64305523	ESRRA	3471	promoter
chr11	64317560	64318559	TRMT112	26940	promoter
chr11	64317121	64318120	PRDX5	9355	promoter
chr11	64339204	64340203	CCDC88B	26757	promoter
chr11	64358162	64359161	RPS6KA4	10433	promoter
chr11	64554941	64555940	SLC22A11	18120	promoter
chr11	64590220	64591219	SLC22A12	17989	promoter
chr11	64723198	64724197	NRXN2	8009	promoter
chr11	64744143	64745142	RASGRP2	9879	promoter
chr11	64759975	64760974	PYGM	9726	promoter
chr11	64778543	64779542	SF1	12950	promoter
chr11	64803215	64804214	MAP4K2	6864	promoter
chr11	64810552	64811551	MEN1	7010	promoter
chr11	64844654	64845653	CDC42BPG	29829	promoter
chr11	64878622	64879621	EHD1	3242	promoter
chr11	64917210	64918209	ATG2A	29028	promoter
chr11	64923689	64924688	PPP2R5B	9310	promoter
chr11	64935894	64936893	GPHA2	18054	promoter
chr11	64972109	64973108	MAJIN	27441	promoter
chr11	64996972	64997971	BATF2	25163	promoter
chr11	65013160	65014159	ARL2	693	promoter
chr11	65026439	65027438	SNX15	14978	promoter
chr11	65040210	65041209	SAC3D1	30179	promoter
chr11	65058554	65059553	NAALADL1	23536	promoter
chr11	65084041	65085040	CDCA5	14626	promoter
chr11	65083222	65084221	ZFPL1	12868	promoter
chr11	65095214	65096213	VPS51	1172	promoter
chr11	65089111	65090110	TMEM262	49389	promoter
chr11	65110872	65111871	TM7SF2	11863	promoter
chr11	65117702	65118701	ZNHIT2	1177	promoter
chr11	65122135	65123134	FAU	3597	promoter
chr11	65121321	65122320	MRPL49	1176	promoter
chr11	65134520	65135519	SYVN1	20738	promoter
chr11	65169233	65170232	SPDYC	32681	promoter
chr11	65180928	65181927	CAPN1	1476	promoter
chr11	65260962	65261961	POLA2	30073	promoter
chr11	65313866	65314865	CDC42EP2	16263	promoter
chr11	65332852	65333851	DPF2	9964	promoter
chr11	65353751	65354750	TIGD3	18334	promoter
chr11	65382647	65383646	SLC25A45	27442	promoter
chr11	65385637	65386636	FRMD8	25462	promoter
chr11	65524083	65525082	SCYL1	14372	promoter
chr11	65558360	65559359	LTBP3	6716	promoter
chr11	65569477	65570476	ZNRD2	11328	promoter
chr11	65571538	65572537	FAM89B	16708	promoter
chr11	65575053	65576052	EHBP1L1	30682	promoter
chr11	65595801	65596800	KCNK7	6282	promoter
chr11	65614222	65615221	MAP3K11	6850	promoter
chr11	65614776	65615775	PCNX3	18760	promoter
chr11	65637101	65638100	SIPA1	10885	promoter
chr11	65662917	65663916	RELA	9955	promoter
chr11	65711252	65712251	KAT5	5275	promoter
chr11	65720799	65721798	RNASEH2C	24116	promoter
chr11	65780977	65781976	AP5B1	25104	promoter
chr11	65786063	65787062	OVOL1	8525	promoter
chr11	65832963	65833962	SNX32	26423	promoter
chr11	65859433	65860432	MUS81	29814	promoter
chr11	65858181	65859180	CFL1	1874	promoter
chr11	65872801	65873800	EFEMP2	3219	promoter
chr11	65878837	65879836	CTSW	2546	promoter
chr11	65888472	65889471	FIBP	3705	promoter
chr11	65889673	65890672	CCDC85B	24926	promoter
chr11	65900389	65901388	FOSL1	13718	promoter
chr11	65919063	65920062	C11orf68	28801	promoter
chr11	65918426	65919425	DRAP1	3019	promoter
chr11	65944480	65945479	TSGA10IP	26555	promoter
chr11	65960734	65961733	SART1	10538	promoter
chr11	66002158	66003157	EIF1AD	28147	promoter
chr11	66001503	66002502	BANF1	17397	promoter
chr11	66011008	66012007	CST6	2478	promoter
chr11	66026480	66027479	CATSPER1	17116	promoter
chr11	66049162	66050161	GAL3ST3	24144	promoter
chr11	66051364	66052363	SF3B2	10769	promoter
chr11	66069272	66070271	PACS1	30032	promoter
chr11	66256703	66257702	KLC2	20716	promoter
chr11	66267639	66268638	RAB1B	18370	promoter
chr11	66277175	66278174	CNIH2	28744	promoter
chr11	66289144	66290143	YIF1A	16688	promoter
chr11	66290894	66291893	TMEM151A	28497	promoter
chr11	66317045	66318044	CD248	18219	promoter
chr11	66336435	66337434	RIN1	18749	promoter
chr11	66345105	66346104	BRMS1	17262	promoter
chr11	66347630	66348629	B4GAT1	15685	promoter
chr11	66371761	66372760	SLC29A2	11004	promoter
chr11	66420035	66421034	NPAS4	18983	promoter
chr11	66465905	66466904	PELI3	30010	promoter
chr11	66438849	66439848	MRPL11	14042	promoter
chr11	66479434	66480433	DPP3	3008	promoter
chr11	66509635	66510634	BBS1	966	promoter
chr11	66546049	66547048	ZDHHC24	27387	promoter
chr11	66545903	66546902	ACTN3	165	promoter
chr11	66568607	66569606	CTSF	2531	promoter
chr11	66593064	66594063	CCDC87	25579	promoter
chr11	66592185	66593184	CCS	1613	promoter
chr11	66615630	66616629	RBM14	14219	promoter
chr11	66637703	66638702	RBM4	9901	promoter
chr11	66677888	66678887	RBM4B	28842	promoter
chr11	66743769	66744768	TOP6BL	26197	promoter
chr11	66729217	66730216	SPTBN2	11276	promoter
chr11	66842441	66843440	RCE1	13721	promoter
chr11	66856064	66857063	LRFN4	28456	promoter
chr11	66958384	66959383	PC	8636	promoter
chr11	66974304	66975303	C11orf86	34442	promoter
chr11	67022134	67023133	SYT12	18381	promoter
chr11	67055847	67056846	RHOD	670	promoter
chr11	67118263	67119262	KDM2A	13606	promoter
chr11	67265473	67266472	GRK2	289	promoter
chr11	67288303	67289302	ANKRD13D	27880	promoter
chr11	67302530	67303529	SSH3	30581	promoter
chr11	67390986	67391985	RAD9A	9827	promoter
chr11	67353547	67354546	POLD4	14106	promoter
chr11	67373599	67374598	CLCF1	17412	promoter
chr11	67403083	67404082	TBC1D10C	24702	promoter
chr11	67414678	67415677	CARNS1	29268	promoter
chr11	67401859	67402858	PPP1CA	9281	promoter
chr11	67427494	67428493	RPS6KB2	10437	promoter
chr11	67437683	67438682	PTPRCAP	9667	promoter
chr11	67443477	67444476	CORO1B	2253	promoter
chr11	67454354	67455353	CABP4	1386	promoter
chr11	67452730	67453729	GPR152	23622	promoter
chr11	67482026	67483025	AIP	358	promoter
chr11	67469252	67470251	TMEM134	26142	promoter
chr11	67505364	67506363	PITPNM1	9003	promoter
chr11	67508163	67509162	CDK2AP2	30833	promoter
chr11	67523447	67524446	CABP2	1385	promoter
chr11	67582812	67583811	GSTP1	4638	promoter
chr11	67605936	67606935	NDUFV1	7716	promoter
chr11	67629938	67630937	NUDT8	8055	promoter
chr11	67639764	67640763	TBX10	11593	promoter
chr11	67650731	67651730	ACY3	24104	promoter
chr11	67674624	67675623	ALDH3B2	411	promoter
chr11	68004098	68005097	UNC93B1	13481	promoter
chr11	68009327	68010326	ALDH3B1	410	promoter
chr11	68029681	68030680	NDUFS8	7715	promoter
chr11	68038025	68039024	TCIRG1	11647	promoter
chr11	68121389	68122388	CHKA	1937	promoter
chr11	68213297	68214296	KMT5B	24283	promoter
chr11	68271974	68272973	C11orf24	1174	promoter
chr11	68311591	68312590	LRP5	6697	promoter
chr11	68459752	68460751	PPP6R3	1173	promoter
chr11	68683544	68684543	GAL	4114	promoter
chr11	68751521	68752520	TESMIN	7446	promoter
chr11	68841917	68842916	CPT1A	2328	promoter
chr11	68903833	68904832	MRPL21	14479	promoter
chr11	68902891	68903890	IGHMBP2	5542	promoter
chr11	68980987	68981986	MRGPRD	29626	promoter
chr11	69013247	69014246	MRGPRF	24828	promoter
chr11	69047932	69048931	TPCN2	20820	promoter
chr11	69154935	69155934	SMIM38	54074	promoter
chr11	69293155	69294154	MYEOV	7563	promoter
chr11	69640156	69641155	CCND1	1582	promoter
chr11	69675354	69676353	LTO1	17589	promoter
chr11	69704023	69705022	FGF19	3675	promoter
chr11	69775342	69776341	FGF4	3682	promoter
chr11	69819417	69820416	FGF3	3681	promoter
chr11	70077317	70078316	ANO1	21625	promoter
chr11	70202296	70203295	FADD	3573	promoter
chr11	70269690	70270689	PPFIA1	9245	promoter
chr11	70397529	70398528	CTTN	3338	promoter
chr11	71252578	71253577	SHANK2	14295	promoter
chr11	71448394	71449393	DHCR7	2860	promoter
chr11	71452203	71453202	NADSYN1	29832	promoter
chr11	71526267	71527266	KRTAP5-7	23602	promoter
chr11	71537025	71538024	KRTAP5-8	23603	promoter
chr11	71547420	71548419	KRTAP5-9	23604	promoter
chr11	71564563	71565562	KRTAP5-10	23605	promoter
chr11	71582876	71583875	KRTAP5-11	23606	promoter
chr11	71832200	71833199	DEFB108B	29966	promoter
chr11	71877453	71878452	DEFB131B	38058	promoter
chr11	71928595	71929594	XNDC1N	54661	promoter
chr11	71928046	71929045	RNF121	21070	promoter
chr11	71997909	71998908	IL18BP	5987	promoter
chr11	72079850	72080849	LRRC51	55526	promoter
chr11	72080543	72081542	NUMA1	8059	promoter
chr11	72103298	72104297	LAMTOR1	26068	promoter
chr11	72104924	72105923	TOMT	55527	promoter
chr11	72112696	72113695	ANAPC15	24531	promoter
chr11	72134725	72135724	FOLR3	3795	promoter
chr11	72191140	72192139	FOLR1	3791	promoter
chr11	72215794	72216793	FOLR2	3793	promoter
chr11	72223767	72224766	INPPL1	6080	promoter
chr11	72244177	72245176	PHOX2A	691	promoter
chr11	72434532	72435531	CLPB	30664	promoter
chr11	72674423	72675422	PDE2A	8777	promoter
chr11	72752409	72753408	ARAP1	16925	promoter
chr11	72794048	72795047	STARD10	10666	promoter
chr11	72813411	72814410	ATG16L2	25464	promoter
chr11	73142319	73143318	FCHSD2	29114	promoter
chr11	73217281	73218280	P2RY2	8541	promoter
chr11	73271338	73272337	P2RY6	8543	promoter
chr11	73307276	73308275	ARHGEF17	21726	promoter
chr11	73375399	73376398	RELT	13764	promoter
chr11	73598113	73599112	FAM168A	28999	promoter
chr11	73645581	73646580	PLEKHB1	19079	promoter
chr11	73761075	73762074	RAB6A	9786	promoter
chr11	73786874	73787873	MRPL48	16653	promoter
chr11	73875999	73876998	PAAF1	25687	promoter
chr11	73876847	73877846	COA4	24604	promoter
chr11	73950026	73951025	DNAJB13	30718	promoter
chr11	73982844	73983843	UCP2	12518	promoter
chr11	74009086	74010085	UCP3	12519	promoter
chr11	74171003	74172002	C2CD3	24564	promoter
chr11	74170289	74171288	PPME1	30178	promoter
chr11	74311641	74312640	P4HA3	30135	promoter
chr11	74398434	74399433	PGM2L1	20898	promoter
chr11	74467550	74468549	KCNE3	6243	promoter
chr11	74493725	74494724	LIPT2	37216	promoter
chr11	74591582	74592581	POLD3	20932	promoter
chr11	74731427	74732426	CHRDL2	24168	promoter
chr11	74747849	74748848	RNF169	26961	promoter
chr11	74949092	74950091	XRRA1	18868	promoter
chr11	74948266	74949265	SPCS2	28962	promoter
chr11	74987933	74988932	NEU3	7760	promoter
chr11	75096877	75097876	OR2AT4	19620	promoter
chr11	75150107	75151106	SLCO2B1	10962	promoter
chr11	75239774	75240773	TPBGL	44159	promoter
chr11	75351662	75352661	ARRB1	711	promoter
chr11	75398518	75399517	RPS3	10420	promoter
chr11	75433204	75434203	KLHL35	26597	promoter
chr11	75525942	75526941	GDPD5	28804	promoter
chr11	75561253	75562252	SERPINH1	1546	promoter
chr11	75669039	75670038	MAP6	6868	promoter
chr11	75716838	75717837	MOGAT2	23248	promoter
chr11	75767778	75768777	DGAT2	16940	promoter
chr11	75814210	75815209	UVRAG	12640	promoter
chr11	76206503	76207502	WNT11	12776	promoter
chr11	76381133	76382132	THAP12	9440	promoter
chr11	76380323	76381322	GVQW3	51239	promoter
chr11	76444018	76445017	EMSY	18071	promoter
chr11	76670748	76671747	LRRC32	4161	promoter
chr11	76782356	76783355	TSKU	28850	promoter
chr11	76859918	76860917	ACER3	16066	promoter
chr11	77033398	77034397	B3GNT6	24141	promoter
chr11	77065971	77066970	CAPN5	1482	promoter
chr11	77101840	77102839	OMP	8136	promoter
chr11	77127246	77128245	MYO7A	7606	promoter
chr11	77301687	77302686	GDPD4	24849	promoter
chr11	77474095	77475094	PAK1	8590	promoter
chr11	77588953	77589952	AQP11	19940	promoter
chr11	77637795	77638794	CLNS1A	2080	promoter
chr11	77820723	77821722	RSF1	18118	promoter
chr11	77820144	77821143	AAMDC	30205	promoter
chr11	77994669	77995668	INTS4	25048	promoter
chr11	78023277	78024276	KCTD14	23295	promoter
chr11	78062861	78063860	THRSP	11800	promoter
chr11	78079863	78080862	NDUFC2	7706	promoter
chr11	78139627	78140626	ALG8	23161	promoter
chr11	78188627	78189626	KCTD21	27452	promoter
chr11	78187919	78188918	USP35	20061	promoter
chr11	78417821	78418820	GAB2	14458	promoter
chr11	78574865	78575864	NARS2	26274	promoter
chr11	79441031	79442030	TENM4	29945	promoter
chr11	82733865	82734864	FAM181B	28512	promoter
chr11	82900736	82901735	DDIAS	26351	promoter
chr11	82900431	82901430	PRCP	9344	promoter
chr11	83071898	83072897	RAB30	9770	promoter
chr11	83156131	83157130	PCF11	30097	promoter
chr11	83192712	83193711	ANKRD42	26752	promoter
chr11	83286368	83287367	CCDC90B	28108	promoter
chr11	85627345	85628344	DLG2	2901	promoter
chr11	85627593	85628592	TMEM126B	30883	promoter
chr11	85646967	85647966	TMEM126A	25382	promoter
chr11	85665130	85666129	CREBZF	24905	promoter
chr11	85686196	85687195	CCDC89	26762	promoter
chr11	85811142	85812141	SYTL2	15585	promoter
chr11	85854383	85855382	CCDC83	28535	promoter
chr11	86069085	86070084	PICALM	15514	promoter
chr11	86243753	86244752	EED	3188	promoter
chr11	86301240	86302239	HIKESHI	26938	promoter
chr11	86373887	86374886	CCDC81	26281	promoter
chr11	86672617	86673616	ME3	6985	promoter
chr11	86799542	86800541	PRSS23	14370	promoter
chr11	86955396	86956395	FZD4	4042	promoter
chr11	87036934	87037933	TMEM135	26167	promoter
chr11	88175444	88176443	RAB38	9776	promoter
chr11	88337737	88338736	CTSC	2528	promoter
chr11	89065983	89066982	GRM5	4597	promoter
chr11	89176875	89177874	TYR	12442	promoter
chr11	89491376	89492375	NOX4	7891	promoter
chr11	89709299	89710298	TRIM77	34228	promoter
chr11	89808576	89809575	TRIM49	13431	promoter
chr11	89878488	89879487	TRIM64B	37147	promoter
chr11	89922246	89923245	TRIM49D1	43973	promoter
chr11	89923064	89924063	TRIM49D2	37217	promoter
chr11	89965037	89966036	TRIM64	14663	promoter
chr11	90030106	90031105	TRIM49C	38877	promoter
chr11	90084950	90085949	UBTFL1	14533	promoter
chr11	90133663	90134662	NAALAD2	14526	promoter
chr11	90223050	90224049	CHORDC1	14525	promoter
chr11	92223818	92224817	FAT3	23112	promoter
chr11	92968651	92969650	MTNR1B	7464	promoter
chr11	93197992	93198991	SLC36A4	19660	promoter
chr11	93329742	93330741	DEUP1	26344	promoter
chr11	93543392	93544391	SMCO4	24810	promoter
chr11	93660682	93661681	CEP295	29366	promoter
chr11	93740672	93741671	C11orf54	30204	promoter
chr11	93783282	93784281	MED17	2375	promoter
chr11	93741496	93742495	TAF1D	28759	promoter
chr11	93850619	93851618	VSTM5	34443	promoter
chr11	94020354	94021353	HEPHL1	30477	promoter
chr11	94127841	94128840	PANX1	8599	promoter
chr11	94303580	94304579	IZUMO1R	32565	promoter
chr11	94401420	94402419	GPR83	4523	promoter
chr11	94493845	94494844	MRE11	7230	promoter
chr11	94492984	94493983	ANKRD49	25970	promoter
chr11	94511461	94512460	C11orf97	49544	promoter
chr11	94566368	94567367	PIWIL4	18444	promoter
chr11	94542921	94543920	FUT4	4015	promoter
chr11	94767356	94768355	AMOTL1	17811	promoter
chr11	94973557	94974556	CWC15	26939	promoter
chr11	94972709	94973708	KDM4D	25498	promoter
chr11	95024258	95025257	KDM4E	37098	promoter
chr11	95048422	95049421	KDM4F	52413	promoter
chr11	95065919	95066918	SRSF8	16988	promoter
chr11	95088846	95089845	ENDOD1	29129	promoter
chr11	95231203	95232202	SESN3	23060	promoter
chr11	95789498	95790497	CEP57	30794	promoter
chr11	95789783	95790782	FAM76B	28492	promoter
chr11	95924108	95925107	MTMR2	7450	promoter
chr11	96343196	96344195	MAML2	16259	promoter
chr11	96389913	96390912	CCDC82	26282	promoter
chr11	96389013	96390012	JRKL	6200	promoter
chr11	99019949	99020948	CNTN5	2175	promoter
chr11	100686288	100687287	ARHGAP42	26545	promoter
chr11	101129814	101130813	PGR	8910	promoter
chr11	101584008	101585007	TRPC6	12338	promoter
chr11	101914010	101915009	CEP126	29264	promoter
chr11	101916523	101917522	ANGPTL5	19705	promoter
chr11	102046437	102047436	CFAP300	28188	promoter
chr11	102109447	102110446	YAP1	16262	promoter
chr11	102316484	102317483	BIRC3	591	promoter
chr11	102346214	102347213	BIRC2	590	promoter
chr11	102452766	102453765	TMEM123	30138	promoter
chr11	102530748	102531747	MMP7	7174	promoter
chr11	102625333	102626332	MMP20	7167	promoter
chr11	102705770	102706769	MMP27	14250	promoter
chr11	102724955	102725954	MMP8	7175	promoter
chr11	102780629	102781628	MMP10	7156	promoter
chr11	102798161	102799160	MMP1	7155	promoter
chr11	102843610	102844609	MMP3	7173	promoter
chr11	102874983	102875982	MMP12	7158	promoter
chr11	102955733	102956732	MMP13	7159	promoter
chr11	103092161	103093160	DCUN1D5	28409	promoter
chr11	103108426	103109425	DYNC2H1	2962	promoter
chr11	104035640	104036639	DDI1	18961	promoter
chr11	104164148	104165147	PDGFD	30620	promoter
chr11	104898671	104899670	CASP12	19004	promoter
chr11	104968575	104969574	CASP4	1505	promoter
chr11	105023169	105024168	CASP5	1506	promoter
chr11	105035145	105036144	CASP1	1499	promoter
chr11	105045336	105046335	CARD16	33701	promoter
chr11	105139770	105140769	CARD18	28861	promoter
chr11	105609073	105610072	GRIA4	4574	promoter
chr11	106022241	106023240	MSANTD4	29383	promoter
chr11	106076662	106077661	AASDHPPT	14235	promoter
chr11	106077348	106078347	KBTBD3	22934	promoter
chr11	107018477	107019476	GUCY1A2	4684	promoter
chr11	107457826	107458825	CWF19L2	26508	promoter
chr11	107565736	107566735	ALKBH8	25189	promoter
chr11	107590147	107591146	ELMOD1	25334	promoter
chr11	107712057	107713056	SLN	11089	promoter
chr11	107858788	107859787	SLC35F2	23615	promoter
chr11	107927448	107928447	RAB39A	16521	promoter
chr11	108007898	108008897	CUL5	2556	promoter
chr11	108120567	108121566	ACAT1	93	promoter
chr11	108222639	108223638	NPAT	7896	promoter
chr11	108222067	108223066	ATM	795	promoter
chr11	108467530	108468529	C11orf65	28519	promoter
chr11	108498385	108499384	POGLUT3	28496	promoter
chr11	108593769	108594768	EXPH5	30578	promoter
chr11	108664069	108665068	DDX10	2735	promoter
chr11	109421190	109422189	C11orf87	33788	promoter
chr11	110092392	110093391	ZC3H12C	29362	promoter
chr11	110296615	110297614	RDX	9944	promoter
chr11	110428948	110429947	FDX1	3638	promoter
chr11	110712438	110713437	ARHGAP20	18357	promoter
chr11	111244725	111245724	POU2AF2	30527	promoter
chr11	111297546	111298545	POU2AF3	26978	promoter
chr11	111379276	111380275	POU2AF1	9211	promoter
chr11	111512387	111513386	BTG4	13862	promoter
chr11	111513778	111514777	HOATZ	25061	promoter
chr11	111539720	111540719	LAYN	29471	promoter
chr11	111601449	111602448	SIK2	21680	promoter
chr11	111766390	111767389	PPP2R1B	9303	promoter
chr11	111871582	111872581	ALG9	15672	promoter
chr11	111878541	111879540	CFAP68	1163	promoter
chr11	111879166	111880165	FDXACB1	25110	promoter
chr11	111911734	111912733	HSPB2	5247	promoter
chr11	111917913	111918912	C11orf52	30531	promoter
chr11	111911771	111912770	CRYAB	2389	promoter
chr11	111936343	111937342	DIXDC1	23695	promoter
chr11	112024408	112025407	DLAT	2896	promoter
chr11	112073299	112074298	NKAPD1	25569	promoter
chr11	112074018	112075017	PIH1D2	25210	promoter
chr11	112086757	112087756	TIMM8B	11818	promoter
chr11	112085873	112086872	SDHD	10683	promoter
chr11	112164095	112165094	IL18	5986	promoter
chr11	112166372	112167371	TEX12	11734	promoter
chr11	112174512	112175511	BCO2	18503	promoter
chr11	112225428	112226427	PTS	9689	promoter
chr11	112260861	112261860	PLET1	30053	promoter
chr11	112960420	112961419	NCAM1	7656	promoter
chr11	113313583	113314582	TTC12	23700	promoter
chr11	113386779	113387778	ANKK1	21027	promoter
chr11	113475399	113476398	DRD2	3023	promoter
chr11	113706309	113707308	TMPRSS5	14908	promoter
chr11	113773693	113774692	ZW10	13194	promoter
chr11	113778796	113779795	CLDN25	37218	promoter
chr11	113875573	113876572	USP28	12625	promoter
chr11	113903796	113904795	HTR3B	5298	promoter
chr11	113974108	113975107	HTR3A	5297	promoter
chr11	114058711	114059710	ZBTB16	12930	promoter
chr11	114295399	114296398	NNMT	7861	promoter
chr11	114399666	114400665	RBM7	9904	promoter
chr11	114400512	114401511	C11orf71	25937	promoter
chr11	114438467	114439466	REXO2	17851	promoter
chr11	114559882	114560881	NXPE1	28527	promoter
chr11	114595787	114596786	NXPE4	23117	promoter
chr11	114677527	114678526	NXPE2	26331	promoter
chr11	115504416	115505415	CADM1	5951	promoter
chr11	116772988	116773987	BUD13	28199	promoter
chr11	116788024	116789023	ZPR1	13051	promoter
chr11	116791880	116792879	APOA5	17288	promoter
chr11	116823305	116824304	APOA4	602	promoter
chr11	116828907	116829906	APOC3	610	promoter
chr11	116837623	116838622	APOA1	600	promoter
chr11	117098429	117099428	SIK3	29165	promoter
chr11	117143287	117144286	PAFAH1B2	8575	promoter
chr11	117177743	117178742	SIDT2	24272	promoter
chr11	117198370	117199369	TAGLN	11553	promoter
chr11	117232074	117233073	PCSK7	8748	promoter
chr11	117231671	117232670	RNF214	25335	promoter
chr11	117326854	117327853	CEP164	29182	promoter
chr11	117316257	117317256	BACE1	933	promoter
chr11	117797217	117798216	DSCAML1	14656	promoter
chr11	117824745	117825744	FXYD2	4026	promoter
chr11	117876659	117877658	FXYD6	4030	promoter
chr11	117929403	117930402	TMPRSS13	29808	promoter
chr11	117985394	117986393	IL10RA	5964	promoter
chr11	118076078	118077077	TMPRSS4	11878	promoter
chr11	118086964	118087963	SMIM35	44179	promoter
chr11	118152824	118153823	SCN4B	10592	promoter
chr11	118176640	118177639	SCN2B	10589	promoter
chr11	118225012	118226011	JAML	19084	promoter
chr11	118252366	118253365	MPZL3	27279	promoter
chr11	118264298	118265297	MPZL2	3496	promoter
chr11	118303730	118304729	CD3E	1674	promoter
chr11	118342706	118343705	CD3D	1673	promoter
chr11	118343344	118344343	CD3G	1675	promoter
chr11	118358600	118359599	UBE4A	12499	promoter
chr11	118400606	118401605	ATP5MG	14247	promoter
chr11	118435492	118436491	KMT2A	7132	promoter
chr11	118526474	118527473	TTC36	33708	promoter
chr11	118530192	118531191	TMEM25	25890	promoter
chr11	118571409	118572408	ARCN1	649	promoter
chr11	118565932	118566931	IFT46	26146	promoter
chr11	118606615	118607614	PHLDB1	23697	promoter
chr11	118679651	118680650	TREH	12266	promoter
chr11	118791165	118792164	DDX6	2747	promoter
chr11	118882892	118883891	CXCR5	1060	promoter
chr11	118955298	118956297	UPK2	12579	promoter
chr11	118925927	118926926	BCL9L	23688	promoter
chr11	118970761	118971760	FOXR1	29980	promoter
chr11	118997138	118998137	CENATAC	30460	promoter
chr11	119018344	119019343	RPS25	10413	promoter
chr11	119017766	119018765	TRAPPC4	19943	promoter
chr11	119030907	119031906	SLC37A4	4061	promoter
chr11	119057206	119058205	HYOU1	16931	promoter
chr11	119066818	119067817	VPS11	14583	promoter
chr11	119083881	119084880	HMBS	4982	promoter
chr11	119095466	119096465	H2AX	4739	promoter
chr11	119106344	119107343	C2CD2L	29000	promoter
chr11	119101854	119102853	DPAGT1	2995	promoter
chr11	119120580	119121579	HINFP	17850	promoter
chr11	119148052	119149051	ABCG4	13884	promoter
chr11	119167725	119168724	NLRX1	29890	promoter
chr11	119184475	119185474	NHERF4	19891	promoter
chr11	119195842	119196841	DRC12	27446	promoter
chr11	119205339	119206338	CBL	1541	promoter
chr11	119317131	119318130	MCAM	6934	promoter
chr11	119333527	119334526	RNF26	14646	promoter
chr11	119340884	119341883	C1QTNF5	14344	promoter
chr11	119346706	119347705	MFRP	18121	promoter
chr11	119381691	119382690	USP2	12618	promoter
chr11	119423173	119424172	THY1	11801	promoter
chr11	119729201	119730200	NECTIN1	9706	promoter
chr11	120138114	120139113	TRIM29	17274	promoter
chr11	120210032	120211031	OAF	28752	promoter
chr11	120239140	120240139	POU2F3	19864	promoter
chr11	120324299	120325298	TLCD5	28280	promoter
chr11	120335413	120336412	ARHGEF12	14193	promoter
chr11	120510748	120511747	GRIK4	4582	promoter
chr11	121023102	121024101	TBCEL	28115	promoter
chr11	121100243	121101242	TECTA	11720	promoter
chr11	121291771	121292770	SC5D	10547	promoter
chr11	121451314	121452313	SORL1	11185	promoter
chr11	122116216	122117215	BLID	33495	promoter
chr11	122654722	122655721	UBASH3B	29884	promoter
chr11	122837500	122838499	CRTAM	24313	promoter
chr11	122881759	122882758	JHY	26288	promoter
chr11	122981835	122982834	BSX	20450	promoter
chr11	123062137	123063136	HSPA8	5241	promoter
chr11	123195249	123196248	CLMP	24039	promoter
chr11	123429269	123430268	GRAMD1B	29214	promoter
chr11	123654625	123655624	SCN3B	20665	promoter
chr11	123741661	123742660	ZNF202	12994	promoter
chr11	123754519	123755518	OR6X1	14737	promoter
chr11	123806350	123807349	OR6M1	14711	promoter
chr11	123885671	123886670	TMEM225	32390	promoter
chr11	123901167	123902166	OR8D4	14840	promoter
chr11	123938617	123939616	OR4D5	14852	promoter
chr11	123943839	123944838	OR6T1	14848	promoter
chr11	123977782	123978781	OR10S1	14807	promoter
chr11	123995162	123996161	OR10G6	14836	promoter
chr11	124011997	124012996	OR10G4	14809	promoter
chr11	124022013	124023012	OR10G9	15129	promoter
chr11	124025798	124026797	OR10G8	14845	promoter
chr11	124041326	124042325	OR10G7	14842	promoter
chr11	124114450	124115449	VWA5A	6658	promoter
chr11	124182345	124183344	OR10D3	8168	promoter
chr11	124210707	124211706	OR8G3P	14698	promoter
chr11	124223732	124224731	OR8G2P	8485	promoter
chr11	124240095	124241094	OR8G1	8484	promoter
chr11	124255376	124256375	OR8G5	19622	promoter
chr11	124313950	124314949	OR8D1	8481	promoter
chr11	124320198	124321197	OR8D2	8482	promoter
chr11	124384500	124385499	OR8B2	8471	promoter
chr11	124399025	124400024	OR8B3	8472	promoter
chr11	124424872	124425871	OR8B4	8473	promoter
chr11	124445697	124446696	OR8B8	8477	promoter
chr11	124543655	124544654	OR8B12	15307	promoter
chr11	124568997	124569996	OR8A1	8469	promoter
chr11	124610428	124611427	PANX3	20573	promoter
chr11	124621864	124622863	TBRG1	29551	promoter
chr11	124672904	124673903	SPA17	11210	promoter
chr11	124673740	124674739	SIAE	18187	promoter
chr11	124738942	124739941	NRGN	8000	promoter
chr11	124752256	124753255	VSIG2	17149	promoter
chr11	124762291	124763290	ESAM	17474	promoter
chr11	124800407	124801406	MSANTD2	26266	promoter
chr11	124864432	124865431	ROBO3	13433	promoter
chr11	124897866	124898865	ROBO4	17985	promoter
chr11	124918250	124919249	HEPN1	34400	promoter
chr11	124936048	124937047	HEPACAM	26361	promoter
chr11	124953202	124954201	CCDC15	25798	promoter
chr11	125062305	125063304	SLC37A2	20644	promoter
chr11	125111627	125112626	TMEM218	27344	promoter
chr11	125163751	125164750	PKNOX2	16714	promoter
chr11	125568477	125569476	EI24	13276	promoter
chr11	125591852	125592851	STT3A	6172	promoter
chr11	125496266	125497265	FEZ1	3659	promoter
chr11	125624163	125625162	CHEK1	1925	promoter
chr11	125680848	125681847	ACRV1	127	promoter
chr11	125745279	125746278	PATE1	24664	promoter
chr11	125778829	125779828	PATE2	32249	promoter
chr11	125787127	125788126	PATE3	35426	promoter
chr11	125832316	125833315	PATE4	35427	promoter
chr11	125886668	125887667	HYLS1	26558	promoter
chr11	125903207	125904206	PUS3	25461	promoter
chr11	125903508	125904507	DDX25	18698	promoter
chr11	125945044	125946043	VSIG10L2	27879	promoter
chr11	126062867	126063866	CDON	17104	promoter
chr11	126211651	126212650	RPUSD4	25898	promoter
chr11	126210782	126211781	FAM118B	26110	promoter
chr11	126268154	126269153	FOXRED1	26927	promoter
chr11	126268896	126269895	SRPRA	11307	promoter
chr11	126282093	126283092	TIRAP	17192	promoter
chr11	126303060	126304059	DCPS	29812	promoter
chr11	126354686	126355685	ST3GAL4	10864	promoter
chr11	127000771	127001770	KIRREL3	23204	promoter
chr11	128587559	128588558	ETS1	3488	promoter
chr11	128693072	128694071	FLI1	3749	promoter
chr11	128867297	128868296	KCNJ1	6255	promoter
chr11	128890356	128891355	KCNJ5	6266	promoter
chr11	128942872	128943871	TP53AIP1	29984	promoter
chr11	129192326	129193325	ARHGAP32	17399	promoter
chr11	129374848	129375847	BARX2	956	promoter
chr11	129814848	129815847	TMEM45B	25194	promoter
chr11	129895579	129896578	NFRKB	7802	promoter
chr11	130002836	130003835	PRDM10	13995	promoter
chr11	130068894	130069893	APLP2	598	promoter
chr11	130158782	130159781	ST14	11344	promoter
chr11	130314918	130315917	ZBTB44	25001	promoter
chr11	130428610	130429609	ADAMTS8	224	promoter
chr11	130447645	130448644	ADAMTS15	16305	promoter
chr11	130916480	130917479	SNX19	21532	promoter
chr11	131369615	131370614	NTM	17941	promoter
chr11	133532502	133533501	OPCML	8143	promoter
chr11	133845514	133846513	SPATA19	30614	promoter
chr11	133956969	133957968	IGSF9B	32326	promoter
chr11	134068072	134069071	JAM3	15532	promoter
chr11	134223671	134224670	VPS26B	28119	promoter
chr11	134223968	134224967	NCAPD3	28952	promoter
chr11	134253353	134254352	THYN1	29560	promoter
chr11	134252568	134253567	ACAD8	87	promoter
chr11	134275379	134276378	GLB1L3	25147	promoter
chr11	134330988	134331987	GLB1L2	25129	promoter
chr11	134412243	134413242	B3GAT1	921	promoter
chr12	65767	66766	IQSEC3	29193	promoter
chr12	214158	215157	SLC6A12	11045	promoter
chr12	262837	263836	SLC6A13	11046	promoter
chr12	400644	401643	CCDC77	28203	promoter
chr12	389321	390320	KDM5A	9886	promoter
chr12	458939	459938	B4GALNT3	24137	promoter
chr12	663446	664445	NINJ2	7825	promoter
chr12	751579	752578	WNK1	14540	promoter
chr12	949695	950694	RAD52	9824	promoter
chr12	990223	991222	ERC1	17072	promoter
chr12	1628231	1629230	WNT5B	16265	promoter
chr12	1594582	1595581	FBXL14	28624	promoter
chr12	1690070	1691069	ADIPOR2	24041	promoter
chr12	1819565	1820564	LRTM2	32443	promoter
chr12	1918653	1919652	CACNA2D4	20202	promoter
chr12	2051987	2052986	CACNA1C	1390	promoter
chr12	2004458	2005457	DCP1B	24451	promoter
chr12	2793970	2794969	FKBP4	3720	promoter
chr12	2811668	2812667	ITFG2	30879	promoter
chr12	2835036	2836035	NRIP2	23078	promoter
chr12	2857040	2858039	TEX52	53643	promoter
chr12	2876223	2877222	RHNO1	28206	promoter
chr12	2877175	2878174	FOXM1	3818	promoter
chr12	2889891	2890890	TULP3	12425	promoter
chr12	2958397	2959396	TEAD4	11717	promoter
chr12	3076379	3077378	TSPAN9	21640	promoter
chr12	3490203	3491202	PRMT8	5188	promoter
chr12	3753110	3754109	CRACR2A	28657	promoter
chr12	3873400	3874399	PARP11	1186	promoter
chr12	4272762	4273761	CCND2	1583	promoter
chr12	4320213	4321212	TIGAR	1185	promoter
chr12	4379713	4380712	FGF23	3680	promoter
chr12	4445816	4446815	FGF6	3684	promoter
chr12	4538470	4539469	FERRY3	1184	promoter
chr12	4537890	4538889	RAD51AP1	16956	promoter
chr12	4561208	4562207	DYRK4	3095	promoter
chr12	4649052	4650051	AKAP3	373	promoter
chr12	4648114	4649113	NDUFA9	7693	promoter
chr12	4719400	4720399	GALNT8	4130	promoter
chr12	4808334	4809333	KCNA6	6225	promoter
chr12	4908905	4909904	KCNA1	6218	promoter
chr12	5042879	5043878	KCNA5	6224	promoter
chr12	5431108	5432107	NTF3	8023	promoter
chr12	5945260	5946259	ANO2	1183	promoter
chr12	6124671	6125670	VWF	12726	promoter
chr12	6199400	6200399	CD9	1709	promoter
chr12	6309682	6310681	PLEKHG6	25562	promoter
chr12	6342077	6343076	TNFRSF1A	11916	promoter
chr12	6383162	6384161	LTBR	6718	promoter
chr12	6375564	6376563	SCNN1A	10599	promoter
chr12	6443955	6444954	CD27	11922	promoter
chr12	6451042	6452041	TAPBPL	30683	promoter
chr12	6470678	6471677	VAMP1	12642	promoter
chr12	6493102	6494101	NCAPD2	24305	promoter
chr12	6493263	6494262	MRPL51	14044	promoter
chr12	6533517	6534516	GAPDH	4141	promoter
chr12	6556043	6557042	IFFO1	24970	promoter
chr12	6568292	6569291	NOP2	7867	promoter
chr12	6607380	6608379	CHD4	1919	promoter
chr12	6635960	6636959	LPAR5	13307	promoter
chr12	6647433	6648432	ACRBP	17195	promoter
chr12	6663120	6664119	ING4	19423	promoter
chr12	6689376	6690375	ZNF384	11955	promoter
chr12	6700816	6701815	PIANP	25338	promoter
chr12	6723046	6724045	COPS7A	16758	promoter
chr12	6765363	6766362	PTMS	9629	promoter
chr12	6753142	6754141	MLF2	7126	promoter
chr12	6771520	6772519	LAG3	6476	promoter
chr12	6788528	6789527	CD4	1678	promoter
chr12	6820821	6821820	GPR162	16693	promoter
chr12	6827407	6828406	P3H3	19318	promoter
chr12	6839925	6840924	GNB3	4400	promoter
chr12	6851287	6852286	CDCA3	14624	promoter
chr12	6851150	6852149	USP5	12628	promoter
chr12	6866531	6867530	TPI1	12009	promoter
chr12	6903822	6904821	LRRC23	19138	promoter
chr12	6873304	6874303	SPSB2	29522	promoter
chr12	6913580	6914579	ENO2	3353	promoter
chr12	6926959	6927958	ATN1	3033	promoter
chr12	6943022	6944021	C12orf57	29521	promoter
chr12	6950356	6951355	PTPN6	9658	promoter
chr12	6970665	6971664	PHB2	30306	promoter
chr12	6969913	6970912	EMG1	16912	promoter
chr12	7059718	7060717	C1S	1247	promoter
chr12	7018477	7019476	LPCAT3	30244	promoter
chr12	7092446	7093445	C1R	1246	promoter
chr12	7109215	7110214	C1RL	21265	promoter
chr12	7128890	7129889	RBP5	15847	promoter
chr12	7129371	7130370	CLSTN3	18371	promoter
chr12	7188686	7189685	PEX5	9719	promoter
chr12	7303072	7304071	ACSM4	32016	promoter
chr12	7444154	7445153	CD163L1	30375	promoter
chr12	7503778	7504777	CD163	1631	promoter
chr12	7665909	7666908	APOBEC1	604	promoter
chr12	7695776	7696775	GDF3	4218	promoter
chr12	7710433	7711432	DPPA3	19199	promoter
chr12	7747376	7748375	CLEC4C	13258	promoter
chr12	7764216	7765215	NANOGNB	24958	promoter
chr12	7788402	7789401	NANOG	20857	promoter
chr12	7872916	7873915	SLC2A14	18301	promoter
chr12	7936188	7937187	SLC2A3	11007	promoter
chr12	8031716	8032715	FOXJ2	24818	promoter
chr12	8066360	8067359	C3AR1	1319	promoter
chr12	8081274	8082273	NECAP1	24539	promoter
chr12	8122617	8123616	CLEC4A	13257	promoter
chr12	8156015	8157014	ZNF705A	32281	promoter
chr12	8227619	8228618	FAM90A1	25526	promoter
chr12	8454962	8455961	CLEC6A	14556	promoter
chr12	8512503	8513502	CLEC4D	14554	promoter
chr12	8540906	8541905	CLEC4E	14555	promoter
chr12	8612860	8613859	AICDA	13203	promoter
chr12	8662827	8663826	MFAP5	29673	promoter
chr12	8696991	8697990	RIMKLB	29228	promoter
chr12	8821621	8822620	A2ML1	23336	promoter
chr12	8913509	8914508	PHC1	3182	promoter
chr12	8949646	8950645	M6PR	6752	promoter
chr12	8988546	8989545	KLRG1	6380	promoter
chr12	9115920	9116919	A2M	7	promoter
chr12	9208396	9209395	PZP	9750	promoter
chr12	9607917	9608916	KLRB1	6373	promoter
chr12	9668713	9669712	CLEC2D	14351	promoter
chr12	9760902	9761901	CD69	1694	promoter
chr12	9826481	9827480	KLRF1	13342	promoter
chr12	9869355	9870354	CLEC2B	2053	promoter
chr12	9880489	9881488	KLRF2	37646	promoter
chr12	9932371	9933370	CLEC2A	24191	promoter
chr12	9970409	9971408	CLEC12A	31713	promoter
chr12	10009627	10010626	CLEC12B	31966	promoter
chr12	9999122	10000121	CLEC1B	24356	promoter
chr12	10029682	10030681	CLEC9A	26705	promoter
chr12	10098986	10099985	CLEC1A	24355	promoter
chr12	10130200	10131199	CLEC7A	14558	promoter
chr12	10178032	10179031	TMEM52B	26438	promoter
chr12	10172133	10173132	OLR1	8133	promoter
chr12	10211877	10212876	GABARAPL1	4068	promoter
chr12	10306870	10307869	KLRD1	6378	promoter
chr12	10390042	10391041	KLRK1	18788	promoter
chr12	10409758	10410757	KLRC4	6377	promoter
chr12	10420596	10421595	KLRC3	6376	promoter
chr12	10436011	10437010	KLRC2	6375	promoter
chr12	10453378	10454377	KLRC1	6374	promoter
chr12	10504890	10505889	EIF2S3B	43863	promoter
chr12	10613610	10614609	MAGOHB	25504	promoter
chr12	10674053	10675052	STYK1	18889	promoter
chr12	10723324	10724323	YBX3	2428	promoter
chr12	10802628	10803627	TAS2R7	14913	promoter
chr12	10807287	10808286	TAS2R8	14915	promoter
chr12	10810169	10811168	TAS2R9	14917	promoter
chr12	10826359	10827358	TAS2R10	14918	promoter
chr12	10909563	10910562	TAS2R13	14919	promoter
chr12	10928236	10929235	PRH2	9367	promoter
chr12	10986913	10987912	TAS2R50	18882	promoter
chr12	10998305	10999304	TAS2R20	19109	promoter
chr12	11022621	11023620	TAS2R19	19108	promoter
chr12	11031408	11032407	TAS2R31	19113	promoter
chr12	11062295	11063294	TAS2R46	18877	promoter
chr12	11092314	11093313	TAS2R43	18875	promoter
chr12	11134645	11135644	TAS2R30	19112	promoter
chr12	11170194	11171193	SMIM10L1	49847	promoter
chr12	10939264	10940263	TAS2R14	14920	promoter
chr12	10849476	10850475	PRR4	18020	promoter
chr12	10884256	10885255	PRH1	9366	promoter
chr12	11186938	11187937	TAS2R42	18888	promoter
chr12	11269708	11270707	PRB3	9339	promoter
chr12	11310437	11311436	PRB4	9340	promoter
chr12	11355592	11356591	PRB1	9337	promoter
chr12	11395568	11396567	PRB2	9338	promoter
chr12	11648674	11649673	ETV6	3495	promoter
chr12	12069939	12070938	BCL2L14	16657	promoter
chr12	12267045	12268044	LRP6	6698	promoter
chr12	12350243	12351242	MANSC1	25505	promoter
chr12	12356078	12357077	BORCS5	17950	promoter
chr12	12562864	12563863	DUSP16	17909	promoter
chr12	12610876	12611875	CREBL2	2350	promoter
chr12	12716368	12717367	CDKN1B	1785	promoter
chr12	12696184	12697183	GPR19	4473	promoter
chr12	12784659	12785658	APOLD1	25268	promoter
chr12	12812346	12813345	DDX47	18682	promoter
chr12	12890562	12891561	GPRC5A	9836	promoter
chr12	12952171	12953170	GPRC5D	13310	promoter
chr12	13000266	13001265	HEBP1	17176	promoter
chr12	13043381	13044380	FAM234B	29288	promoter
chr12	13103668	13104667	GSG1	19716	promoter
chr12	13195726	13196725	EMP1	3333	promoter
chr12	13981603	13982602	GRIN2B	4586	promoter
chr12	14364682	14365681	ATF7IP	20092	promoter
chr12	14567884	14568883	PLBD1	26215	promoter
chr12	14696600	14697599	GUCY2C	4688	promoter
chr12	14771132	14772131	H4C16	20510	promoter
chr12	14773405	14774404	H2AJ	14456	promoter
chr12	14803479	14804478	WBP11	16461	promoter
chr12	14802670	14803669	C12orf60	28726	promoter
chr12	14814183	14815182	SMCO3	34401	promoter
chr12	14843527	14844526	ART4	726	promoter
chr12	14885855	14886854	MGP	7060	promoter
chr12	14938538	14939537	ERP27	26495	promoter
chr12	14961602	14962601	ARHGDIB	679	promoter
chr12	14972042	14973041	PDE6H	8790	promoter
chr12	15321508	15322507	PTPRO	9678	promoter
chr12	15221418	15222417	RERG	15980	promoter
chr12	15789389	15790388	EPS8	3420	promoter
chr12	15881387	15882386	STRAP	30796	promoter
chr12	15910332	15911331	DERA	24269	promoter
chr12	16277686	16278685	SLC15A5	33455	promoter
chr12	16346645	16347644	MGST1	7061	promoter
chr12	16606163	16607162	LMO3	6643	promoter
chr12	18260518	18261517	PIK3C2G	8973	promoter
chr12	18090194	18091193	RERGL	26213	promoter
chr12	18738013	18739012	PLCZ1	19218	promoter
chr12	18737119	18738118	CAPZA3	24205	promoter
chr12	19128733	19129732	PLEKHA5	30036	promoter
chr12	19438492	19439491	AEBP2	24051	promoter
chr12	20367537	20368536	PDE3A	8778	promoter
chr12	20694332	20695331	SLCO1C1	13819	promoter
chr12	20809705	20810704	SLCO1B3	10961	promoter
chr12	21130194	21131193	SLCO1B1	10959	promoter
chr12	21371902	21372901	IAPP	5329	promoter
chr12	21334918	21335917	SLCO1A2	10956	promoter
chr12	21436655	21437654	PYROXD1	26162	promoter
chr12	21501636	21502635	RECQL	9948	promoter
chr12	21500789	21501788	GOLT1B	20175	promoter
chr12	21525296	21526295	SPX	28139	promoter
chr12	21604848	21605847	GYS2	4707	promoter
chr12	21657843	21658842	LDHB	6541	promoter
chr12	21774707	21775706	KCNJ8	6269	promoter
chr12	21941427	21942426	ABCC9	60	promoter
chr12	22045218	22046217	CMAS	18290	promoter
chr12	22334708	22335707	ST8SIA1	10869	promoter
chr12	22544543	22545542	C2CD5	29062	promoter
chr12	22624171	22625170	ETNK1	24649	promoter
chr12	23949671	23950670	SOX5	11201	promoter
chr12	24949102	24950101	BCAT1	976	promoter
chr12	25051706	25052705	IRAG2	6690	promoter
chr12	25195161	25196160	DNAI7	29599	promoter
chr12	25194237	25195236	ETFRF1	27052	promoter
chr12	25250930	25251929	KRAS	6407	promoter
chr12	25553284	25554283	LMNTD1	26683	promoter
chr12	25957682	25958681	RASSF8	13232	promoter
chr12	26194573	26195572	SSPN	11322	promoter
chr12	26125038	26126037	BHLHE41	16617	promoter
chr12	26833195	26834194	ITPR2	6181	promoter
chr12	26937982	26938981	INTS13	20174	promoter
chr12	26937470	26938469	FGFR1OP2	23098	promoter
chr12	27014385	27015384	TM7SF3	23049	promoter
chr12	27021558	27022557	MED21	11473	promoter
chr12	27082579	27083578	C12orf71	34452	promoter
chr12	27243286	27244285	STK38L	17848	promoter
chr12	27331836	27332835	BMAL2	18984	promoter
chr12	27445736	27446735	SMCO2	34448	promoter
chr12	27523206	27524205	PPFIBP1	9249	promoter
chr12	27695447	27696446	REP15	33748	promoter
chr12	27709832	27710831	MRPS35	16635	promoter
chr12	27779233	27780232	KLHL42	29252	promoter
chr12	27780237	27781236	MANSC4	40023	promoter
chr12	27972734	27973733	PTHLH	9607	promoter
chr12	28189456	28190455	CCDC91	24855	promoter
chr12	29148278	29149277	FAR2	25531	promoter
chr12	29381173	29382172	ERGIC2	30208	promoter
chr12	29497687	29498686	OVCH1	23080	promoter
chr12	29783943	29784942	TMTC1	24099	promoter
chr12	30695870	30696869	IPO8	9853	promoter
chr12	30754952	30755951	CAPRIN2	21259	promoter
chr12	30925748	30926747	TSPAN11	30795	promoter
chr12	31072860	31073859	DDX11	2736	promoter
chr12	31326151	31327150	SINHCAF	30702	promoter
chr12	31591137	31592136	DENND5B	28338	promoter
chr12	31658688	31659687	ETFBKMT	28739	promoter
chr12	31652059	31653058	AK4P3	21596	promoter
chr12	31729022	31730021	AMN1	27281	promoter
chr12	31792299	31793298	H3-5	33164	promoter
chr12	31958415	31959414	RESF1	25559	promoter
chr12	32105847	32106846	BICD1	1049	promoter
chr12	32398558	32399557	FGD4	19125	promoter
chr12	32678301	32679300	DNM1L	2973	promoter
chr12	32755898	32756897	YARS2	24249	promoter
chr12	32896778	32897777	PKP2	9024	promoter
chr12	33439820	33440819	SYT10	19266	promoter
chr12	34021496	34022495	ALG10	23162	promoter
chr12	38315774	38316773	ALG10B	31088	promoter
chr12	38905592	38906591	CPNE8	23498	promoter
chr12	39443121	39444120	KIF21A	19349	promoter
chr12	39619804	39620803	ABCD2	66	promoter
chr12	39625183	39626182	REDIC1	26846	promoter
chr12	40106082	40107081	SLC2A13	15956	promoter
chr12	40223997	40224996	LRRK2	18618	promoter
chr12	40392448	40393447	MUC19	14362	promoter
chr12	40691439	40692438	CNTN1	2171	promoter
chr12	41187320	41188319	PDZRN4	30552	promoter
chr12	42144875	42145874	GXYLT1	27482	promoter
chr12	42238249	42239248	YAF2	17363	promoter
chr12	42325167	42326166	PPHLN1	19369	promoter
chr12	42326095	42327094	ZCRB1	29620	promoter
chr12	42589747	42590746	PRICKLE1	17019	promoter
chr12	43552204	43553203	ADAMTS20	17178	promoter
chr12	43758791	43759790	PUS7L	25276	promoter
chr12	43757951	43758950	IRAK4	17967	promoter
chr12	43806318	43807317	TWF1	9620	promoter
chr12	43835081	43836080	TMEM117	25308	promoter
chr12	44876316	44877315	NELL2	7751	promoter
chr12	45051100	45052099	DBX2	33186	promoter
chr12	45215095	45216094	ANO6	25240	promoter
chr12	45728706	45729705	ARID2	18037	promoter
chr12	45990575	45991574	SCAF11	10784	promoter
chr12	46269044	46270043	SLC38A1	13447	promoter
chr12	46372774	46373773	SLC38A2	13448	promoter
chr12	46825998	46826997	SLC38A4	14679	promoter
chr12	47078621	47079620	PCED1B	28255	promoter
chr12	47079960	47080959	AMIGO2	24073	promoter
chr12	47706031	47707030	RPAP3	26151	promoter
chr12	47725491	47726490	ENDOU	14369	promoter
chr12	47772238	47773237	SLC48A1	26035	promoter
chr12	47758881	47759880	RAPGEF3	16629	promoter
chr12	47819904	47820903	HDAC7	14067	promoter
chr12	47904995	47905994	VDR	12679	promoter
chr12	47962596	47963595	TMEM106C	28775	promoter
chr12	48004477	48005476	COL2A1	2200	promoter
chr12	48118364	48119363	PFKM	8877	promoter
chr12	48106080	48107079	SENP1	17927	promoter
chr12	48157516	48158515	ASB8	17183	promoter
chr12	48182644	48183643	CCDC184	33749	promoter
chr12	48203293	48204292	OR10AD1	14819	promoter
chr12	48327980	48328979	H1-7	24893	promoter
chr12	48350920	48351919	ZNF641	31834	promoter
chr12	48471559	48472558	ANP32D	16676	promoter
chr12	48481498	48482497	C12orf54	28553	promoter
chr12	48524632	48525631	OR8S1	19628	promoter
chr12	48558882	48559881	OR5BS1P	19627	promoter
chr12	48570047	48571046	LALBA	6480	promoter
chr12	48682239	48683238	KANSL2	26024	promoter
chr12	48716708	48717707	CCNT1	1599	promoter
chr12	48726435	48727434	SPMIP11	48628	promoter
chr12	48789090	48790089	ADCY6	237	promoter
chr12	48817496	48818495	CACNB3	1403	promoter
chr12	48852164	48853163	DDX23	17347	promoter
chr12	48865871	48866870	RND1	18314	promoter
chr12	48903133	48904132	CCDC65	29937	promoter
chr12	48925493	48926492	FKBP11	18624	promoter
chr12	48957488	48958487	ARF3	654	promoter
chr12	48971736	48972735	WNT10B	12775	promoter
chr12	48977322	48978321	WNT1	12774	promoter
chr12	48999376	49000375	DDN	24458	promoter
chr12	49018777	49019776	PRKAG1	9385	promoter
chr12	49060795	49061794	KMT2D	7133	promoter
chr12	49069980	49070979	RHEBL1	21166	promoter
chr12	49094802	49095801	DHH	2865	promoter
chr12	49110848	49111847	LMBR1L	18268	promoter
chr12	49131396	49132395	TUBA1B	18809	promoter
chr12	49264082	49265081	TUBA1C	20768	promoter
chr12	49189081	49190080	TUBA1A	20766	promoter
chr12	49294147	49295146	PRPH	9461	promoter
chr12	49322255	49323254	TROAP	12327	promoter
chr12	49337189	49338188	C1QL4	31416	promoter
chr12	49345888	49346887	DNAJC22	25802	promoter
chr12	49366462	49367461	SPATS2	18650	promoter
chr12	49538030	49539029	KCNH3	6252	promoter
chr12	49568143	49569142	MCRS1	6960	promoter
chr12	49622561	49623560	PRPF40B	25031	promoter
chr12	49605640	49606639	FAM186B	25296	promoter
chr12	49740557	49741556	TMBIM6	11723	promoter
chr12	49707406	49708405	FMNL3	23698	promoter
chr12	49828414	49829413	NCKAP5L	29321	promoter
chr12	49843107	49844106	BCDIN3D	27050	promoter
chr12	49903901	49904900	FAIM2	17067	promoter
chr12	49949737	49950736	AQP2	634	promoter
chr12	49960872	49961871	AQP5	638	promoter
chr12	49971947	49972946	AQP6	639	promoter
chr12	50025495	50026494	RACGAP1	9804	promoter
chr12	50056596	50057595	ASIC1	100	promoter
chr12	50084342	50085341	SMARCD1	11106	promoter
chr12	50103008	50104007	GPD1	4455	promoter
chr12	50111236	50112235	COX14	28216	promoter
chr12	50167370	50168369	CERS5	23749	promoter
chr12	50283521	50284520	LIMA1	24636	promoter
chr12	50399885	50400884	LARP4	24320	promoter
chr12	50396610	50397609	FAM186A	26980	promoter
chr12	50503985	50504984	DIP2B	29284	promoter
chr12	50763101	50764100	ATF1	783	promoter
chr12	50841926	50842925	TMPRSS12	28779	promoter
chr12	50924015	50925014	TMT1A	24550	promoter
chr12	50951544	50952543	HIGD1C	28044	promoter
chr12	51026385	51027384	SLC11A2	10908	promoter
chr12	51047327	51048326	LETMD1	24241	promoter
chr12	51083597	51084596	CSRNP2	16006	promoter
chr12	51173136	51174135	TFCP2	11748	promoter
chr12	51218063	51219062	POU6F1	9224	promoter
chr12	51237826	51238825	DAZAP2	2684	promoter
chr12	51270416	51271415	SMAGP	26918	promoter
chr12	51324175	51325174	BIN2	1053	promoter
chr12	51346680	51347679	CELA1	3308	promoter
chr12	51423831	51424830	SLC4A8	11034	promoter
chr12	51391407	51392406	GALNT6	4128	promoter
chr12	51590233	51591232	SCN8A	10596	promoter
chr12	51814926	51815925	TMDD1	53646	promoter
chr12	51848719	51849718	FIGNL2	13287	promoter
chr12	51887103	51888102	ANKRD33	13788	promoter
chr12	51906504	51907503	ACVRL1	175	promoter
chr12	51950699	51951698	ACVR1B	172	promoter
chr12	52005946	52006945	TAMALIN	18707	promoter
chr12	52050442	52051441	NR4A1	7980	promoter
chr12	52068978	52069977	ATG101	25679	promoter
chr12	52078704	52079703	SMIM41	54075	promoter
chr12	52192015	52193014	KRT80	27056	promoter
chr12	52232243	52233242	KRT7	6445	promoter
chr12	52273645	52274644	KRT86	6463	promoter
chr12	52291535	52292534	KRT81	6458	promoter
chr12	52321399	52322398	KRT83	6460	promoter
chr12	52367482	52368481	KRT85	6462	promoter
chr12	52385653	52386652	KRT84	6461	promoter
chr12	52406336	52407335	KRT82	6459	promoter
chr12	52434372	52435371	KRT75	24431	promoter
chr12	52452147	52453146	KRT6B	6444	promoter
chr12	52473806	52474805	KRT6C	20406	promoter
chr12	52493258	52494257	KRT6A	6443	promoter
chr12	52520395	52521394	KRT5	6442	promoter
chr12	52553146	52554145	KRT71	28927	promoter
chr12	52573844	52574843	KRT74	28929	promoter
chr12	52601464	52602463	KRT72	28932	promoter
chr12	52618560	52619559	KRT73	28928	promoter
chr12	52652212	52653211	KRT2	6439	promoter
chr12	52680408	52681407	KRT1	6412	promoter
chr12	52703525	52704524	KRT77	20411	promoter
chr12	52777346	52778345	KRT76	24430	promoter
chr12	52796118	52797117	KRT3	6440	promoter
chr12	52814117	52815116	KRT4	6441	promoter
chr12	52834312	52835311	KRT79	28930	promoter
chr12	52848995	52849994	KRT78	28926	promoter
chr12	52948118	52949117	KRT18	6430	promoter
chr12	52905077	52906076	KRT8	6446	promoter
chr12	53005456	53006455	EIF4B	3285	promoter
chr12	53049065	53050064	TNS2	19737	promoter
chr12	53079391	53080390	SPRYD3	25920	promoter
chr12	53096667	53097666	IGFBP6	5475	promoter
chr12	53102486	53103485	SOAT2	11178	promoter
chr12	53179722	53180721	ZNF740	27465	promoter
chr12	53180926	53181925	CSAD	18966	promoter
chr12	53207252	53208251	ITGB7	6162	promoter
chr12	53232210	53233209	RARG	9866	promoter
chr12	53251095	53252094	MFSD5	28156	promoter
chr12	53267299	53268298	ESPL1	16856	promoter
chr12	53294542	53295541	PFDN5	8869	promoter
chr12	53298695	53299694	MYG1	17590	promoter
chr12	53321611	53322610	AAAS	13666	promoter
chr12	53336355	53337354	SP7	17321	promoter
chr12	53379176	53380175	SP1	11205	promoter
chr12	53422855	53423854	AMHR2	465	promoter
chr12	53440734	53441733	PRR13	24528	promoter
chr12	53451102	53452101	PCBP2	8648	promoter
chr12	53499459	53500458	MAP3K12	6851	promoter
chr12	53500283	53501282	TARBP2	11569	promoter
chr12	53507485	53508484	NPFF	7901	promoter
chr12	53626383	53627382	ATF7	792	promoter
chr12	53676084	53677083	ATP5MC2	842	promoter
chr12	53727453	53728452	CALCOCO1	29306	promoter
chr12	53937831	53938830	HOXC13	5125	promoter
chr12	53953903	53954902	HOXC12	5124	promoter
chr12	53972126	53973125	HOXC11	5123	promoter
chr12	53984146	53985145	HOXC10	5122	promoter
chr12	54027440	54028439	HOXC6	5128	promoter
chr12	53999161	54000160	HOXC9	5130	promoter
chr12	54007985	54008984	HOXC8	5129	promoter
chr12	54052835	54053834	HOXC4	5126	promoter
chr12	54032050	54033049	HOXC5	5127	promoter
chr12	54188986	54189985	SMUG1	17148	promoter
chr12	54280123	54281122	CBX5	1555	promoter
chr12	54279726	54280725	HNRNPA1	5031	promoter
chr12	54301016	54302015	NFE2	7780	promoter
chr12	54324131	54325130	COPZ1	2243	promoter
chr12	54364487	54365486	GPR84	4535	promoter
chr12	54384734	54385733	ZNF385A	17521	promoter
chr12	54419267	54420266	ITGA5	6141	promoter
chr12	54473603	54474602	GTSF1	26565	promoter
chr12	54496752	54497751	NCKAP1L	4862	promoter
chr12	54548601	54549600	PDE1B	8775	promoter
chr12	54588660	54589659	PPP1R1A	9286	promoter
chr12	54634896	54635895	LACRT	16430	promoter
chr12	54648366	54649365	DCD	14669	promoter
chr12	54853516	54854515	MUCL1	30588	promoter
chr12	54984763	54985762	TESPA1	29109	promoter
chr12	55018974	55019973	NEUROD4	13802	promoter
chr12	55125406	55126405	OR9K2	15339	promoter
chr12	55220025	55221024	OR10A7	15329	promoter
chr12	55243609	55244608	OR6C74	31303	promoter
chr12	55296570	55297569	OR6C6	31293	promoter
chr12	55313343	55314342	OR6C1	8355	promoter
chr12	55329746	55330745	OR6C3	15437	promoter
chr12	55361975	55362974	OR6C75	31304	promoter
chr12	55399529	55400528	OR6C65	31295	promoter
chr12	55425254	55426253	OR6C76	31305	promoter
chr12	55443076	55444075	OR6C2	15436	promoter
chr12	55470139	55471138	OR6C70	31299	promoter
chr12	55491378	55492377	OR6C68	31297	promoter
chr12	55548602	55549601	OR6C4	19632	promoter
chr12	55571468	55572467	OR2AP1	15335	promoter
chr12	55635892	55636891	OR10P1	15378	promoter
chr12	55680736	55681735	TMT1B	28276	promoter
chr12	55715046	55716045	BLOC1S1	4200	promoter
chr12	55707905	55708904	ITGA7	6143	promoter
chr12	55719393	55720392	RDH5	9940	promoter
chr12	55729010	55730009	CD63	1692	promoter
chr12	55742122	55743121	GDF11	4216	promoter
chr12	55817725	55818724	SARNP	24432	promoter
chr12	55817041	55818040	ORMDL2	16037	promoter
chr12	55829588	55830587	DNAJC14	24581	promoter
chr12	55842937	55843936	MMP19	7165	promoter
chr12	55930162	55931161	DGKA	2849	promoter
chr12	55927895	55928894	PYM1	30258	promoter
chr12	55965830	55966829	CDK2	1771	promoter
chr12	55966043	55967042	PMEL	10880	promoter
chr12	55973078	55974077	RAB5B	9784	promoter
chr12	55996276	55997275	SUOX	11460	promoter
chr12	56020043	56021042	IKZF4	13179	promoter
chr12	56040918	56041917	RPS26	10414	promoter
chr12	56079165	56080164	ERBB3	3431	promoter
chr12	56103559	56104558	PA2G4	8550	promoter
chr12	56115633	56116632	RPL41	10354	promoter
chr12	56127267	56128266	ESYT1	29534	promoter
chr12	56117266	56118265	ZC3H10	25893	promoter
chr12	56151587	56152586	MYL6B	29823	promoter
chr12	56157359	56158358	MYL6	7587	promoter
chr12	56189484	56190483	SMARCC2	11105	promoter
chr12	56221923	56222922	RNF41	18401	promoter
chr12	56223342	56224341	NABP2	28412	promoter
chr12	56229051	56230050	SLC39A5	20502	promoter
chr12	56258385	56259384	ANKRD52	26614	promoter
chr12	56265942	56266941	COQ10A	26515	promoter
chr12	56300331	56301330	CS	2422	promoter
chr12	56315989	56316988	CNPY2	13529	promoter
chr12	56334001	56335000	PAN2	20074	promoter
chr12	56337884	56338883	IL23A	15488	promoter
chr12	56360108	56361107	STAT2	11363	promoter
chr12	56362858	56363857	APOF	615	promoter
chr12	56449427	56450426	TIMELESS	11813	promoter
chr12	56467578	56468577	SPRYD4	27468	promoter
chr12	56454658	56455657	MIP	7103	promoter
chr12	56488162	56489161	GLS2	29570	promoter
chr12	56520820	56521819	RBMS2	9909	promoter
chr12	56630327	56631326	BAZ2A	962	promoter
chr12	56645985	56646984	ATP5F1B	830	promoter
chr12	56688285	56689284	PTGES3	16049	promoter
chr12	56725300	56726299	NACA	7629	promoter
chr12	56762324	56763323	HSD17B6	23316	promoter
chr12	56752324	56753323	PRIM1	9369	promoter
chr12	56934409	56935408	SDR9C7	29958	promoter
chr12	56957609	56958608	RDH16	29674	promoter
chr12	56993492	56994491	GPR182	13708	promoter
chr12	57006547	57007546	ZBTB39	29014	promoter
chr12	57016530	57017529	TAC3	11521	promoter
chr12	57050130	57051129	MYO1A	7595	promoter
chr12	57078792	57079791	NEMP1	29001	promoter
chr12	57088114	57089113	NAB2	7627	promoter
chr12	57127483	57128482	LRP1	6692	promoter
chr12	57111363	57112362	STAT6	11368	promoter
chr12	57215794	57216793	NXPH4	8078	promoter
chr12	57228711	57229710	SHMT2	10852	promoter
chr12	57237105	57238104	NDUFA4L2	29836	promoter
chr12	57251188	57252187	STAC3	28423	promoter
chr12	57431044	57432043	R3HDM2	29167	promoter
chr12	57433784	57434783	INHBC	6068	promoter
chr12	57454307	57455306	INHBE	24029	promoter
chr12	57458785	57459784	GLI1	4317	promoter
chr12	57487068	57488067	MARS1	6898	promoter
chr12	57479867	57480866	ARHGAP9	14130	promoter
chr12	57521824	57522823	MBD6	20445	promoter
chr12	57520515	57521514	DDIT3	2726	promoter
chr12	57549044	57550043	KIF5A	6323	promoter
chr12	57547193	57548192	DCTN2	2712	promoter
chr12	57590192	57591191	PIP4K2C	23786	promoter
chr12	57603824	57604823	DTX3	24457	promoter
chr12	57610435	57611434	ARHGEF25	30275	promoter
chr12	57633202	57634201	B4GALNT1	4117	promoter
chr12	57693132	57694131	OS9	16994	promoter
chr12	57744039	57745038	TSPAN31	10539	promoter
chr12	57738743	57739742	AGAP2	16921	promoter
chr12	57754103	57755102	MARCHF9	25139	promoter
chr12	57752311	57753310	CDK4	1773	promoter
chr12	57767079	57768078	CYP27B1	2606	promoter
chr12	57771614	57772613	EEF1AKMT3	24936	promoter
chr12	57772106	57773105	METTL1	7030	promoter
chr12	57781787	57782786	TSFM	12367	promoter
chr12	57818735	57819734	AVIL	14188	promoter
chr12	57846730	57847729	CTDSP2	17077	promoter
chr12	57940567	57941566	ATP23	29452	promoter
chr12	58920505	58921504	LRIG3	30991	promoter
chr12	59595029	59596028	SLC16A7	10928	promoter
chr12	62259404	62260403	USP15	12613	promoter
chr12	62192774	62193773	TAFA2	21589	promoter
chr12	62465826	62466825	MON2	29177	promoter
chr12	62935151	62936150	PPM1H	18583	promoter
chr12	63151202	63152201	AVPR1A	895	promoter
chr12	63668494	63669493	DPY19L2	19414	promoter
chr12	63778909	63779908	RXYLT1	13530	promoter
chr12	63843700	63844699	SRGAP1	17382	promoter
chr12	64222297	64223296	KICS2	26517	promoter
chr12	64390759	64391758	C12orf56	26967	promoter
chr12	64403392	64404391	XPOT	12826	promoter
chr12	64451120	64452119	TBK1	11584	promoter
chr12	64609495	64610494	RASSF3	14271	promoter
chr12	64759407	64760406	GNS	4422	promoter
chr12	64823647	64824646	TBC1D30	29164	promoter
chr12	65121306	65122305	WIF1	18081	promoter
chr12	65168583	65169582	LEMD3	28887	promoter
chr12	65277683	65278682	MSRB3	27375	promoter
chr12	65823483	65824482	HMGA2	5009	promoter
chr12	66130751	66131750	LLPH	28229	promoter
chr12	66169997	66170996	TMBIM4	24257	promoter
chr12	66188214	66189213	IRAK3	17020	promoter
chr12	66301493	66302492	HELB	17196	promoter
chr12	66679077	66680076	GRIP1	18708	promoter
chr12	67268358	67269357	CAND1	30688	promoter
chr12	67647745	67648744	DYRK2	3093	promoter
chr12	68159741	68160740	IFNG	5438	promoter
chr12	68225811	68226810	IL26	17119	promoter
chr12	68253605	68254604	IL22	14900	promoter
chr12	68332363	68333362	MDM1	29917	promoter
chr12	68609899	68610898	RAP1B	9857	promoter
chr12	68685978	68686977	NUP107	29914	promoter
chr12	68745176	68746175	SLC35E3	20864	promoter
chr12	68807177	68808176	MDM2	6973	promoter
chr12	68933172	68934171	CPM	2311	promoter
chr12	69238569	69239568	CPSF6	13871	promoter
chr12	69347381	69348380	LYZ	6740	promoter
chr12	69358743	69359742	YEATS4	24859	promoter
chr12	69469388	69470387	FRS2	16971	promoter
chr12	69584459	69585458	CCT2	1615	promoter
chr12	69610908	69611907	LRRC10	20264	promoter
chr12	69699304	69700303	BEST3	17105	promoter
chr12	69737860	69738859	RAB3IP	16508	promoter
chr12	69824227	69825226	MYRFL	26316	promoter
chr12	70242433	70243432	CNOT2	7878	promoter
chr12	70365290	70366289	KCNMB4	6289	promoter
chr12	70637430	70638429	PTPRB	9665	promoter
chr12	70920739	70921738	PTPRR	9680	promoter
chr12	71438798	71439797	LGR5	4504	promoter
chr12	71158000	71158999	TSPAN8	11855	promoter
chr12	71663301	71664300	THAP2	20854	promoter
chr12	71663849	71664848	ZFC3H1	28328	promoter
chr12	71685082	71686081	TMEM19	25605	promoter
chr12	71753863	71754862	RAB21	18263	promoter
chr12	71838759	71839758	TBC1D15	25694	promoter
chr12	71937845	71938844	TPH2	20692	promoter
chr12	72271370	72272369	TRHDE	30748	promoter
chr12	74536835	74537834	ATXN7L3B	37931	promoter
chr12	75209840	75210839	KCNC2	6234	promoter
chr12	75333670	75334669	GLIPR1L1	28392	promoter
chr12	75330325	75331324	CAPS2	16471	promoter
chr12	75390089	75391088	GLIPR1L2	28592	promoter
chr12	75479755	75480754	GLIPR1	17001	promoter
chr12	75511610	75512609	KRR1	5176	promoter
chr12	76031777	76032776	PHLDA1	8933	promoter
chr12	76084686	76085685	NAP1L1	7637	promoter
chr12	76348416	76349415	BBS10	26291	promoter
chr12	76559772	76560771	OSBPL8	16396	promoter
chr12	76763115	76764114	ZDHHC17	18412	promoter
chr12	76879020	76880019	CSRP2	2470	promoter
chr12	77065570	77066569	E2F7	23820	promoter
chr12	77829894	77830893	NAV3	15998	promoter
chr12	78863774	78864773	SYT1	11509	promoter
chr12	79690965	79691964	PAWR	8614	promoter
chr12	79935098	79936097	PPP1R12A	7618	promoter
chr12	80098537	80099536	OTOGL	26901	promoter
chr12	80443235	80444234	PTPRQ	9679	promoter
chr12	80706634	80707633	MYF6	7566	promoter
chr12	80715912	80716911	MYF5	7565	promoter
chr12	81077079	81078078	ACSS3	24723	promoter
chr12	80937935	80938934	LIN7A	17787	promoter
chr12	81759351	81760350	PPFIA2	9246	promoter
chr12	82357529	82358528	METTL25	26228	promoter
chr12	82358388	82359387	CCDC59	25005	promoter
chr12	82685906	82686905	TMTC2	25440	promoter
chr12	84912800	84913799	SLC6A15	13621	promoter
chr12	85036278	85037277	TSPAN19	31886	promoter
chr12	85035351	85036350	LRRIQ1	25708	promoter
chr12	85279220	85280219	ALX1	1494	promoter
chr12	85836410	85837409	RASSF9	15739	promoter
chr12	85873295	85874294	NTS	8038	promoter
chr12	86256392	86257391	MGAT4C	30871	promoter
chr12	88034536	88035535	RLIG1	25322	promoter
chr12	88029402	88030401	C12orf50	26665	promoter
chr12	88142089	88143088	CEP290	29021	promoter
chr12	88141307	88142306	TMTC3	26899	promoter
chr12	88580472	88581471	KITLG	6343	promoter
chr12	89352502	89353501	DUSP6	3072	promoter
chr12	89524797	89525796	GALNT4	4126	promoter
chr12	89526048	89527047	POC1B	30836	promoter
chr12	89708839	89709838	ATP2B1	814	promoter
chr12	90955177	90956176	CCER1	28373	promoter
chr12	91004973	91005972	EPYC	3053	promoter
chr12	91058025	91059024	KERA	6309	promoter
chr12	91111495	91112494	LUM	6724	promoter
chr12	91182818	91183817	DCN	2705	promoter
chr12	92145847	92146846	BTG1	1130	promoter
chr12	92701989	92702988	PLEKHG7	33829	promoter
chr12	92929296	92930295	EEA1	3185	promoter
chr12	93376925	93377924	NUDT4	8051	promoter
chr12	93441948	93442947	UBE2N	12492	promoter
chr12	93466514	93467513	MRPL42	14493	promoter
chr12	93571675	93572674	SOCS2	19382	promoter
chr12	93676375	93677374	CRADD	2340	promoter
chr12	94147577	94148576	PLXNC1	9106	promoter
chr12	94459868	94460867	CEP83	17966	promoter
chr12	94650558	94651557	TMCC3	29199	promoter
chr12	95003698	95004697	NDUFA12	23987	promoter
chr12	95073619	95074618	NR2C1	7971	promoter
chr12	95217468	95218467	FGD6	21740	promoter
chr12	95216807	95217806	VEZT	18258	promoter
chr12	95473152	95474151	METAP2	16672	promoter
chr12	95551477	95552476	USP44	20064	promoter
chr12	95790765	95791764	NTN4	13658	promoter
chr12	95857952	95858951	SNRPF	11162	promoter
chr12	95942615	95943614	CCDC38	26843	promoter
chr12	95942331	95943330	AMDHD1	28577	promoter
chr12	95996345	95997344	HAL	4806	promoter
chr12	96035588	96036587	LTA4H	6710	promoter
chr12	96193375	96194374	ELK3	3325	promoter
chr12	96400440	96401439	CDK17	8750	promoter
chr12	96488577	96489576	CFAP54	26456	promoter
chr12	96906257	96907256	NEDD1	7723	promoter
chr12	98514590	98515589	TMPO	11875	promoter
chr12	98592686	98593685	SLC25A3	10989	promoter
chr12	98644789	98645788	IKBIP	26430	promoter
chr12	98644290	98645289	APAF1	576	promoter
chr12	99646753	99647752	GARIN6	28594	promoter
chr12	99984937	99985936	ANKS1B	24600	promoter
chr12	100142875	100143874	BLTP3B	29102	promoter
chr12	100199815	100200814	ACTR6	24025	promoter
chr12	100267080	100268079	DEPDC4	22952	promoter
chr12	100266177	100267176	SCYL2	19286	promoter
chr12	100356074	100357073	SLC17A8	20151	promoter
chr12	100472866	100473865	NR1H4	7967	promoter
chr12	100572684	100573683	GAS2L3	27475	promoter
chr12	100793776	100794775	ANO4	23837	promoter
chr12	101210239	101211238	SLC5A8	19119	promoter
chr12	101279105	101280104	UTP20	17897	promoter
chr12	101407773	101408772	ARL1	692	promoter
chr12	101474336	101475335	SPIC	29549	promoter
chr12	101593971	101594970	MYBPC1	7549	promoter
chr12	101696640	101697639	CHPT1	17852	promoter
chr12	101739463	101740462	SYCP3	18130	promoter
chr12	101830960	101831959	GNPTAB	29670	promoter
chr12	101876580	101877579	DRAM1	25645	promoter
chr12	102061992	102062991	WASHC3	24256	promoter
chr12	102120115	102121114	NUP37	29929	promoter
chr12	102119183	102120182	PARPBP	26074	promoter
chr12	102197834	102198833	PMCH	9109	promoter
chr12	102480564	102481563	IGF1	5464	promoter
chr12	102956674	102957673	ASCL1	738	promoter
chr12	102917245	102918244	PAH	8582	promoter
chr12	103495969	103496968	C12orf42	24729	promoter
chr12	103586273	103587272	STAB2	18629	promoter
chr12	103841235	103842234	NT5DC3	30826	promoter
chr12	103929410	103930409	HSP90B1	12028	promoter
chr12	103957216	103958215	UQCC6	34450	promoter
chr12	103964872	103965871	TDG	11700	promoter
chr12	104050188	104051187	GLT8D2	24890	promoter
chr12	104063531	104064530	HCFC2	24972	promoter
chr12	104138211	104139210	NFYB	7805	promoter
chr12	104214779	104215778	TXNRD1	12437	promoter
chr12	104302739	104303738	EID3	32961	promoter
chr12	104455948	104456947	CHST11	17422	promoter
chr12	104958291	104959290	SLC41A2	31045	promoter
chr12	104985316	104986315	NOPCHAP1	28628	promoter
chr12	105106731	105107730	WASHC4	29174	promoter
chr12	105084459	105085458	ALDH1L2	26777	promoter
chr12	105329691	105330690	C12orf75	35164	promoter
chr12	105236175	105237174	APPL2	18242	promoter
chr12	106138955	106139954	NUAK1	14311	promoter
chr12	106301733	106302732	TCP11L2	28627	promoter
chr12	106248021	106249020	CKAP4	16991	promoter
chr12	106356748	106357747	POLR3B	30348	promoter
chr12	106582004	106583003	RFX4	9985	promoter
chr12	106773682	106774681	RIC8B	25555	promoter
chr12	106954907	106955906	TMEM263	28281	promoter
chr12	106987147	106988146	MTERF2	30779	promoter
chr12	107093550	107094549	CRY1	2384	promoter
chr12	107317434	107318433	ABTB3	23844	promoter
chr12	107684799	107685798	PWP1	17015	promoter
chr12	107761138	107762137	PRDM4	9348	promoter
chr12	107773704	107774703	ASCL4	24311	promoter
chr12	108128288	108129287	WSCD2	29117	promoter
chr12	108339312	108340311	CMKLR1	2121	promoter
chr12	108514277	108515276	FICD	18416	promoter
chr12	108561174	108562173	SART3	16860	promoter
chr12	108561596	108562595	ISCU	29882	promoter
chr12	108598085	108599084	TMEM119	27884	promoter
chr12	108633895	108634894	SELPLG	10722	promoter
chr12	108731519	108732518	CORO1C	2254	promoter
chr12	108857584	108858583	SSH1	30579	promoter
chr12	108879092	108880091	DAO	2671	promoter
chr12	109021069	109022068	SVOP	25417	promoter
chr12	109051576	109052575	USP30	20065	promoter
chr12	109093473	109094472	ALKBH2	32487	promoter
chr12	109096597	109097596	UNG	12572	promoter
chr12	109115587	109116586	ACACB	85	promoter
chr12	109309285	109310284	FOXN4	21399	promoter
chr12	109346900	109347899	MYO1H	13879	promoter
chr12	109477301	109478300	KCTD10	23236	promoter
chr12	109476634	109477633	UBE3B	13478	promoter
chr12	109572794	109573793	MVK	7530	promoter
chr12	109573505	109574504	MMAB	19331	promoter
chr12	109712825	109713824	FAM222A	25915	promoter
chr12	109833399	109834398	TRPV4	18083	promoter
chr12	109880542	109881541	GLTP	24867	promoter
chr12	109899274	109900273	TCHP	28135	promoter
chr12	109996369	109997368	GIT2	4273	promoter
chr12	109998430	109999429	ANKRD13A	21268	promoter
chr12	110048523	110049522	C12orf76	33790	promoter
chr12	110123357	110124356	IFT81	14313	promoter
chr12	110280247	110281246	ATP2A2	812	promoter
chr12	110403709	110404708	ANAPC7	17380	promoter
chr12	110450338	110451337	ARPC3	706	promoter
chr12	110467845	110468844	FAM216A	30180	promoter
chr12	110468258	110469257	GPN3	30186	promoter
chr12	110501331	110502330	RAD9B	21700	promoter
chr12	110502112	110503111	VPS29	14340	promoter
chr12	110583319	110584318	PPTC7	30695	promoter
chr12	110613129	110614128	TCTN1	26113	promoter
chr12	110689116	110690115	HVCN1	28240	promoter
chr12	110742892	110743891	PPP1CC	9283	promoter
chr12	110845987	110846986	CCDC63	26669	promoter
chr12	111033165	111034164	CUX2	19347	promoter
chr12	110920580	110921579	MYL2	7583	promoter
chr12	111369096	111370095	PHETA1	26509	promoter
chr12	111404923	111405922	SH2B3	29605	promoter
chr12	111599316	111600315	ATXN2	10555	promoter
chr12	111685957	111686956	BRAP	1099	promoter
chr12	111685053	111686052	ACAD10	21597	promoter
chr12	111765933	111766932	ALDH2	404	promoter
chr12	111841228	111842227	MAPKAPK5	6889	promoter
chr12	112012426	112013425	ERP29	13799	promoter
chr12	112013166	112014165	TMEM116	25084	promoter
chr12	112108784	112109783	NAA25	25783	promoter
chr12	112124560	112125559	TRAFD1	24808	promoter
chr12	112382432	112383431	HECTD4	26611	promoter
chr12	112417947	112418946	PTPN11	9644	promoter
chr12	112409606	112410605	RPL6	10362	promoter
chr12	112790748	112791747	RPH3A	17056	promoter
chr12	112905962	112906961	OAS1	8086	promoter
chr12	112937474	112938473	OAS3	8088	promoter
chr12	112977519	112978518	OAS2	8087	promoter
chr12	113055730	113056729	DTX1	3060	promoter
chr12	113135762	113136761	RASAL1	9873	promoter
chr12	113148724	113149723	CFAP73	37100	promoter
chr12	113185479	113186478	DDX54	20084	promoter
chr12	113184721	113185720	RITA1	25925	promoter
chr12	113220464	113221463	TPCN1	18182	promoter
chr12	113357587	113358586	PLBD2	27283	promoter
chr12	113335110	113336109	SLC8B1	26175	promoter
chr12	113421380	113422379	SDSL	30404	promoter
chr12	113403888	113404887	SDS	10691	promoter
chr12	113471872	113472871	LHX5	14216	promoter
chr12	113966326	113967325	RBM19	29098	promoter
chr12	114406145	114407144	TBX5	11604	promoter
chr12	114684176	114685175	TBX3	11602	promoter
chr12	116277694	116278693	MED13L	22962	promoter
chr12	116558381	116559380	MAP1LC3B2	34390	promoter
chr12	116738070	116739069	SPRING1	26128	promoter
chr12	116737315	116738314	RNFT2	25905	promoter
chr12	116881442	116882441	HRK	5185	promoter
chr12	116909950	116910949	FBXW8	13597	promoter
chr12	117099417	117100416	TESC	26065	promoter
chr12	117190471	117191470	FBXO21	13592	promoter
chr12	117361627	117362626	NOS1	7872	promoter
chr12	117968991	117969990	KSR2	18610	promoter
chr12	118015703	118016702	RFC5	9973	promoter
chr12	118061180	118062179	WSB2	19222	promoter
chr12	118104012	118105011	VSIG10	26078	promoter
chr12	118135124	118136123	PEBP1	8630	promoter
chr12	118372908	118373907	TAOK3	18133	promoter
chr12	118375555	118376554	SUDS3	29545	promoter
chr12	118980541	118981540	SRRM4	29389	promoter
chr12	119177931	119178930	HSPB8	30171	promoter
chr12	119333729	119334728	CCDC60	28610	promoter
chr12	119592774	119593773	TMEM233	37219	promoter
chr12	119667133	119668132	PRKAB1	9378	promoter
chr12	119877321	119878320	CIT	1985	promoter
chr12	119988236	119989235	BICDL1	28095	promoter
chr12	120116754	120117753	RAB35	9774	promoter
chr12	120194716	120195715	GCN1	4199	promoter
chr12	120201112	120202111	RPLP0	10371	promoter
chr12	120265731	120266730	PXN	9718	promoter
chr12	120301321	120302320	SIRT4	14932	promoter
chr12	120327780	120328779	PLA2G1B	9030	promoter
chr12	120369165	120370164	MSI1	7330	promoter
chr12	120437113	120438112	COX6A1	2277	promoter
chr12	120446385	120447384	TRIAP1	26937	promoter
chr12	120445444	120446443	GATC	25068	promoter
chr12	120495113	120496112	DYNLL1	15476	promoter
chr12	120469749	120470748	SRSF9	10791	promoter
chr12	120533356	120534355	RNF10	10055	promoter
chr12	120529159	120530158	COQ5	28722	promoter
chr12	120581403	120582402	POP5	17689	promoter
chr12	120639626	120640625	CABP1	1384	promoter
chr12	120686149	120687148	MLEC	28973	promoter
chr12	120709458	120710457	UNC119B	16488	promoter
chr12	120724826	120725825	ACADS	90	promoter
chr12	120904359	120905358	SPPL3	30424	promoter
chr12	120977543	120978542	HNF1A	11621	promoter
chr12	121016488	121017487	C12orf43	25719	promoter
chr12	121039247	121040246	OASL	8090	promoter
chr12	121131876	121132875	P2RX7	8537	promoter
chr12	121209129	121210128	P2RX4	8535	promoter
chr12	121296710	121297709	CAMKK2	1470	promoter
chr12	121352412	121353411	ANAPC5	15713	promoter
chr12	121399118	121400117	RNF34	17297	promoter
chr12	121581024	121582023	KDM2B	13610	promoter
chr12	121625550	121626549	ORAI1	25896	promoter
chr12	121669655	121670654	MORN3	29807	promoter
chr12	121711752	121712751	TMEM120B	32008	promoter
chr12	121793689	121794688	RHOF	15703	promoter
chr12	121803009	121804008	SETD1B	29187	promoter
chr12	121858860	121859859	HPD	5147	promoter
chr12	121887790	121888789	PSMD9	9567	promoter
chr12	121917592	121918591	CFAP251	28506	promoter
chr12	122020884	122021883	BCL7A	1004	promoter
chr12	122077756	122078755	MLXIP	17055	promoter
chr12	122182123	122183122	LRRC43	28562	promoter
chr12	122174222	122175221	IL31	19372	promoter
chr12	122202709	122203708	B3GNT4	15683	promoter
chr12	122226053	122227052	DIABLO	21528	promoter
chr12	122266495	122267494	VPS33A	18179	promoter
chr12	122422670	122423669	CLIP1	10461	promoter
chr12	122500933	122501932	ZCCHC8	25265	promoter
chr12	122526937	122527936	RSRC2	30559	promoter
chr12	122526249	122527248	KNTC1	17255	promoter
chr12	122703358	122704357	HCAR2	24827	promoter
chr12	122716812	122717811	HCAR3	16824	promoter
chr12	122730845	122731844	HCAR1	4532	promoter
chr12	122751824	122752823	DENR	2769	promoter
chr12	122773572	122774571	CCDC62	30723	promoter
chr12	122834457	122835456	HIP1R	18415	promoter
chr12	122896125	122897124	VPS37B	25754	promoter
chr12	122974244	122975243	OGFOD2	25823	promoter
chr12	122979681	122980680	ARL6IP4	18076	promoter
chr12	122966464	122967463	ABCB9	50	promoter
chr12	123151091	123152090	PITPNM2	21044	promoter
chr12	123232436	123233435	MTRFR	26784	promoter
chr12	123233142	123234141	MPHOSPH9	7215	promoter
chr12	123271857	123272856	CDK2AP1	14002	promoter
chr12	123364848	123365847	SBNO1	22973	promoter
chr12	123383132	123384131	KMT5A	29489	promoter
chr12	123436685	123437684	RILPL2	28787	promoter
chr12	123457139	123458138	SNRNP35	30852	promoter
chr12	123533720	123534719	RILPL1	26814	promoter
chr12	123583552	123584551	TMED2	16996	promoter
chr12	123601099	123602098	DDX55	20085	promoter
chr12	123632829	123633828	GTF2H3	4657	promoter
chr12	123633687	123634686	EIF2B1	3257	promoter
chr12	123670113	123671112	TCTN2	25774	promoter
chr12	123711353	123712352	ATP6V0A2	18481	promoter
chr12	123761301	123762300	DNAH10	2941	promoter
chr12	123972215	123973214	ZNF664	25406	promoter
chr12	123972832	123973831	CCDC92	29563	promoter
chr12	124294093	124295092	RFLNA	27051	promoter
chr12	124567613	124568612	NCOR2	7673	promoter
chr12	124863865	124864864	SCARB1	1664	promoter
chr12	124914651	124915650	UBC	12468	promoter
chr12	124989132	124990131	DHX37	17210	promoter
chr12	124992645	124993644	BRI3BP	14251	promoter
chr12	125064435	125065434	AACS	21298	promoter
chr12	125185386	125186385	TMEM132B	29397	promoter
chr12	128266170	128267169	TMEM132C	25436	promoter
chr12	128823959	128824958	SLC15A4	23090	promoter
chr12	128852478	128853477	GLT1D1	26483	promoter
chr12	129904026	129905025	TMEM132D	29411	promoter
chr12	130161464	130162463	FZD10	4039	promoter
chr12	130336887	130337886	PIWIL1	9007	promoter
chr12	130716300	130717299	RIMBP2	30339	promoter
chr12	130839251	130840250	STX2	3403	promoter
chr12	130871066	130872065	RAN	9846	promoter
chr12	130952907	130953906	ADGRD1	19893	promoter
chr12	131710090	131711089	SFSWAP	10790	promoter
chr12	131827393	131828392	MMP17	7163	promoter
chr12	131893622	131894621	ULK1	12558	promoter
chr12	131928276	131929275	PUS1	15508	promoter
chr12	131948942	131949941	EP400	11958	promoter
chr12	132144320	132145319	DDX51	20082	promoter
chr12	132143457	132144456	NOC4L	28461	promoter
chr12	132329590	132330589	GALNT9	4131	promoter
chr12	132489151	132490150	FBRSL1	29308	promoter
chr12	132610583	132611582	LRCOL1	44160	promoter
chr12	132617776	132618775	P2RX2	15459	promoter
chr12	132687343	132688342	POLE	9177	promoter
chr12	132686587	132687586	PXMP2	9716	promoter
chr12	132709842	132710841	PGAM5	28763	promoter
chr12	132761833	132762832	ANKLE2	29101	promoter
chr12	132828870	132829869	GOLGA3	4426	promoter
chr12	132887606	132888605	CHFR	20455	promoter
chr12	132956307	132957306	ZNF605	28068	promoter
chr12	132985367	132986366	ZNF26	13053	promoter
chr12	133036509	133037508	ZNF84	13159	promoter
chr12	133079923	133080922	ZNF140	12925	promoter
chr12	133130275	133131274	ZNF891	38709	promoter
chr12	133129627	133130626	ZNF10	12879	promoter
chr12	133180495	133181494	ZNF268	13061	promoter
chr12	133235878	133236877	ANHX	40024	promoter
chr13	19181825	19182824	TUBA3C	12408	promoter
chr13	19561533	19562532	TPTE2	17299	promoter
chr13	19632659	19633658	MPHOSPH8	29810	promoter
chr13	19782946	19783945	PSPC1	20320	promoter
chr13	19863650	19864649	ZMYM5	13029	promoter
chr13	19957727	19958726	ZMYM2	12989	promoter
chr13	20161053	20162052	GJA3	4277	promoter
chr13	20192939	20193938	GJB2	4284	promoter
chr13	20232320	20233319	GJB6	4288	promoter
chr13	20525858	20526857	CRYL1	18246	promoter
chr13	20566157	20567156	IFT88	20606	promoter
chr13	20702699	20703698	IL17D	5984	promoter
chr13	20773962	20774961	EEF1AKMT1	27351	promoter
chr13	20902747	20903746	XPO4	17796	promoter
chr13	21061587	21062586	LATS2	6515	promoter
chr13	21139119	21140118	SAP18	10530	promoter
chr13	21176553	21177552	SKA3	20262	promoter
chr13	21175658	21176657	MRPL57	14514	promoter
chr13	21459304	21460303	ZDHHC20	20749	promoter
chr13	21604171	21605170	MICU2	31830	promoter
chr13	21670073	21671072	FGF9	3687	promoter
chr13	23179979	23180978	SGCG	10809	promoter
chr13	23433703	23434702	SACS	10519	promoter
chr13	23569412	23570411	TNFRSF19	11915	promoter
chr13	23889401	23890400	MIPEP	7104	promoter
chr13	23897503	23898502	C1QTNF9B	34072	promoter
chr13	24159720	24160719	SPATA13	23222	promoter
chr13	24308580	24309579	C1QTNF9	28732	promoter
chr13	24512779	24513778	PARP4	271	promoter
chr13	24679408	24680407	ATP12A	13816	promoter
chr13	24763169	24764168	RNF17	10060	promoter
chr13	24922862	24923861	CENPJ	17272	promoter
chr13	25095136	25096135	PABPC3	8556	promoter
chr13	25172289	25173288	AMER2	26360	promoter
chr13	25287489	25288488	MTMR6	7453	promoter
chr13	25300625	25301624	NUP58	20261	promoter
chr13	25370974	25371973	ATP8A2	13533	promoter
chr13	26052017	26053016	SHISA2	20366	promoter
chr13	26222315	26223314	RNF6	10069	promoter
chr13	26253129	26254128	CDK8	1779	promoter
chr13	26556683	26557682	WASF3	12734	promoter
chr13	26760787	26761786	GPR12	4466	promoter
chr13	27171812	27172811	USP12	20485	promoter
chr13	27250558	27251557	RPL21	10313	promoter
chr13	27269830	27270829	RASL11A	23802	promoter
chr13	27423619	27424618	GTF3A	4662	promoter
chr13	27450565	27451564	MTIF3	29788	promoter
chr13	27620530	27621529	LNX2	20421	promoter
chr13	27620892	27621891	POLR1D	20422	promoter
chr13	27791483	27792482	GSX1	20374	promoter
chr13	27919000	27919999	PDX1	6107	promoter
chr13	27969316	27970315	CDX2	1806	promoter
chr13	27988694	27989693	URAD	17785	promoter
chr13	28100577	28101576	FLT3	3765	promoter
chr13	28137545	28138544	PAN3	29991	promoter
chr13	28495129	28496128	FLT1	3763	promoter
chr13	28658130	28659129	POMP	20330	promoter
chr13	28718971	28719970	SLC46A3	27501	promoter
chr13	28819339	28820338	MTUS2	20595	promoter
chr13	29595689	29596688	SLC7A1	11057	promoter
chr13	29850618	29851617	UBL3	12504	promoter
chr13	30307552	30308551	KATNAL1	28361	promoter
chr13	30421493	30422492	UBE2L5	13477	promoter
chr13	30465937	30466936	HMGB1	4983	promoter
chr13	30616920	30617919	USPL1	20294	promoter
chr13	30734543	30735542	ALOX5AP	436	promoter
chr13	30905271	30906270	MEDAG	25926	promoter
chr13	30931656	30932655	TEX26	28622	promoter
chr13	31161905	31162904	HSPH1	16969	promoter
chr13	31198975	31199974	B3GLCT	20207	promoter
chr13	31738526	31739525	RXFP2	17318	promoter
chr13	32030774	32031773	FRY	20367	promoter
chr13	32314508	32315507	BRCA2	1101	promoter
chr13	32315364	32316363	ZAR1L	37116	promoter
chr13	32428131	32429130	N4BP2L1	25037	promoter
chr13	32538796	32539795	N4BP2L2	26916	promoter
chr13	32585452	32586451	PDS5B	20418	promoter
chr13	33015423	33016422	KL	6344	promoter
chr13	33285756	33286755	STARD13	19164	promoter
chr13	33817149	33818148	RFC3	9971	promoter
chr13	34941270	34942269	NBEA	7648	promoter
chr13	35476690	35477689	MAB21L1	6757	promoter
chr13	36131383	36132382	DCLK1	2700	promoter
chr13	36214557	36215556	SOHLH2	26026	promoter
chr13	36297815	36298814	CCDC169	34361	promoter
chr13	36346395	36347394	SPART	18514	promoter
chr13	36431495	36432494	CCNA1	1577	promoter
chr13	36673020	36674019	SERTM1	33792	promoter
chr13	36818222	36819221	RFXAP	9988	promoter
chr13	36920239	36921238	SMAD9	6774	promoter
chr13	36999786	37000785	EXOSC8	17035	promoter
chr13	36999341	37000340	ALG5	20266	promoter
chr13	37059689	37060688	SUPT20H	20596	promoter
chr13	37105665	37106664	CSNK1A1L	20289	promoter
chr13	37598769	37599768	POSTN	16953	promoter
chr13	37869773	37870772	TRPC4	12336	promoter
chr13	38348851	38349850	UFM1	20597	promoter
chr13	38686077	38687076	FREM2	25396	promoter
chr13	38990832	38991831	STOML3	19420	promoter
chr13	39038090	39039089	PROSER1	20291	promoter
chr13	39037456	39038455	NHLRC3	33751	promoter
chr13	39603194	39604193	LHFPL6	6586	promoter
chr13	39654662	39655661	COG6	18621	promoter
chr13	40666642	40667641	FOXO1	3819	promoter
chr13	40771191	40772190	MRPS31	16632	promoter
chr13	40788611	40789610	SLC25A15	10985	promoter
chr13	41019317	41020316	ELF1	3316	promoter
chr13	41060509	41061508	WBP4	12739	promoter
chr13	41132803	41133802	KBTBD6	25340	promoter
chr13	41194570	41195569	KBTBD7	25266	promoter
chr13	41263577	41264576	MTRF1	7469	promoter
chr13	41310267	41311266	NAA16	26164	promoter
chr13	41456550	41457549	RGCC	20369	promoter
chr13	41961110	41962109	VWA8	29071	promoter
chr13	42047648	42048647	DGKH	2854	promoter
chr13	42271152	42272151	AKAP11	369	promoter
chr13	42573152	42574151	TNFSF11	11926	promoter
chr13	42780584	42781583	FAM216B	26883	promoter
chr13	42992242	42993241	EPSTI1	16465	promoter
chr13	43022586	43023585	DNAJC15	20325	promoter
chr13	43786973	43787972	ENOX1	25474	promoter
chr13	43878904	43879903	LACC1	26789	promoter
chr13	43879741	43880740	CCDC122	26478	promoter
chr13	44372824	44373823	SERP2	20607	promoter
chr13	44576331	44577330	TSC22D1	16826	promoter
chr13	44989472	44990471	NUFIP1	8057	promoter
chr13	44988538	44989537	GPALPP1	20298	promoter
chr13	45119510	45120509	GTF2F2	4653	promoter
chr13	45201046	45202045	KCTD4	23227	promoter
chr13	45341184	45342183	TPT1	12022	promoter
chr13	45418374	45419373	SLC25A30	27371	promoter
chr13	45463939	45464938	COG3	18619	promoter
chr13	45615740	45616739	ERICH6B	26523	promoter
chr13	45701320	45702319	CBY2	30720	promoter
chr13	45851754	45852753	SIAH3	30553	promoter
chr13	46052747	46053746	ZC3H13	20368	promoter
chr13	46105034	46106033	CPB2	2300	promoter
chr13	46182178	46183177	LCP1	6528	promoter
chr13	46210928	46211927	LRRC63	34296	promoter
chr13	46387253	46388252	RUBCNL	20420	promoter
chr13	46552170	46553169	LRCH1	20309	promoter
chr13	46797162	46798161	ESD	3465	promoter
chr13	46897054	46898053	HTR2A	5293	promoter
chr13	48036726	48037725	NUDT15	23063	promoter
chr13	48001274	48002273	SUCLA2	11448	promoter
chr13	48095105	48096104	MED4	17903	promoter
chr13	48232206	48233205	ITM2B	6174	promoter
chr13	48302751	48303750	RB1	9884	promoter
chr13	48413114	48414113	LPAR6	15520	promoter
chr13	48533081	48534080	RCBTB2	1914	promoter
chr13	48652929	48653928	CYSLTR2	18274	promoter
chr13	48974912	48975911	FNDC3A	20296	promoter
chr13	49219338	49220337	MLNR	4495	promoter
chr13	49246925	49247924	CDADC1	20299	promoter
chr13	49444065	49445064	CAB39L	20290	promoter
chr13	49443274	49444273	SETDB2	20263	promoter
chr13	49494953	49495952	PHF11	17024	promoter
chr13	49585559	49586558	RCBTB1	18243	promoter
chr13	49627507	49628506	ARL11	24046	promoter
chr13	49691487	49692486	EBPL	18061	promoter
chr13	49792683	49793682	KPNA3	6396	promoter
chr13	49936341	49937340	SPRYD7	14297	promoter
chr13	49996042	49997041	TRIM13	9976	promoter
chr13	50014444	50015443	KCNRG	18893	promoter
chr13	50843693	50844692	DLEU7	17567	promoter
chr13	50908791	50909790	RNASEH2B	25671	promoter
chr13	51111275	51112274	C13orf42	42693	promoter
chr13	51221398	51222397	FAM124A	26413	promoter
chr13	51338691	51339690	SERPINE3	24774	promoter
chr13	51453037	51454036	INTS6	14879	promoter
chr13	51583462	51584461	WDFY2	20482	promoter
chr13	51804164	51805163	DHRS12	25832	promoter
chr13	51845178	51846177	TMEM272	26737	promoter
chr13	51860969	51861968	CCDC70	25303	promoter
chr13	52011451	52012450	ATP7B	870	promoter
chr13	52011398	52012397	ALG11	32456	promoter
chr13	52023691	52024690	UTP14C	20321	promoter
chr13	52129074	52130073	NEK5	7748	promoter
chr13	52159598	52160597	NEK3	7746	promoter
chr13	52406173	52407172	THSD1	17754	promoter
chr13	52450635	52451634	VPS36	20312	promoter
chr13	52454478	52455477	CKAP2	1990	promoter
chr13	52641431	52642430	HNRNPA1L2	27067	promoter
chr13	52651836	52652835	SUGT1	16987	promoter
chr13	52739821	52740820	CNMD	17005	promoter
chr13	52848641	52849640	PCDH8	8660	promoter
chr13	53027813	53028812	OLFM4	17190	promoter
chr13	57139918	57140917	PRR20A	24754	promoter
chr13	57153061	57154060	PRR20C	37221	promoter
chr13	57146488	57147487	PRR20B	37220	promoter
chr13	57159632	57160631	PRR20D	37222	promoter
chr13	57166197	57167196	PRR20E	37223	promoter
chr13	57630744	57631743	PCDH17	14267	promoter
chr13	60163929	60164928	DIAPH3	15480	promoter
chr13	60396220	60397219	TDRD3	20612	promoter
chr13	61415850	61416849	PCDH20	14257	promoter
chr13	67230337	67231336	PCDH9	8661	promoter
chr13	70108453	70109452	KLHL1	6352	promoter
chr13	71867205	71868204	DACH1	2663	promoter
chr13	72727630	72728629	MZT1	33830	promoter
chr13	72726923	72727922	BORA	24724	promoter
chr13	72781901	72782900	DIS3	20604	promoter
chr13	72781133	72782132	PIBF1	23352	promoter
chr13	73058005	73059004	KLF5	6349	promoter
chr13	74134405	74135404	KLF12	6346	promoter
chr13	75482170	75483169	TBC1D4	19165	promoter
chr13	75537842	75538841	COMMD6	24015	promoter
chr13	75548791	75549790	UCHL3	12515	promoter
chr13	75635330	75636329	LMO7	6646	promoter
chr13	76886406	76887405	KCTD12	14678	promoter
chr13	76947511	76948510	ACOD1	33904	promoter
chr13	76991081	76992080	CLN5	2076	promoter
chr13	77027160	77028159	FBXL3	13599	promoter
chr13	77327095	77328094	MYCBP2	23386	promoter
chr13	77534706	77535705	SCEL	10573	promoter
chr13	77696687	77697686	SLAIN1	26387	promoter
chr13	77918832	77919831	EDNRB	3180	promoter
chr13	78603553	78604552	POU4F1	9218	promoter
chr13	78659156	78660155	OBI1	20308	promoter
chr13	79406256	79407255	RBM26	20327	promoter
chr13	79480155	79481154	NDFIP2	18537	promoter
chr13	80341127	80342126	SPRY2	11270	promoter
chr13	83882475	83883474	SLITRK1	20297	promoter
chr13	85799420	85800419	SLITRK6	23503	promoter
chr13	87670371	87671370	SLITRK5	20295	promoter
chr13	91397621	91398620	GPC5	4453	promoter
chr13	93225807	93226806	GPC6	4454	promoter
chr13	94479683	94480682	DCT	2709	promoter
chr13	94596153	94597152	TGDS	20324	promoter
chr13	94600857	94601856	GPR180	28899	promoter
chr13	94712546	94713545	SOX21	11197	promoter
chr13	95301452	95302451	ABCC4	55	promoter
chr13	95551720	95552719	CLDN10	2033	promoter
chr13	95644707	95645706	DZIP1	20908	promoter
chr13	95676139	95677138	DNAJC3	9439	promoter
chr13	96053402	96054401	UGGT2	15664	promoter
chr13	96089107	96090106	HS6ST3	19134	promoter
chr13	96994477	96995476	OXGR1	4531	promoter
chr13	97221333	97222332	MBNL2	16746	promoter
chr13	97433169	97434168	RAP2A	9861	promoter
chr13	97952675	97953674	IPO5	6402	promoter
chr13	98142094	98143093	FARP1	3591	promoter
chr13	98177270	98178269	RNF113B	17267	promoter
chr13	98577108	98578107	STK24	11403	promoter
chr13	98752673	98753672	SLC15A1	10920	promoter
chr13	98978065	98979064	DOCK9	14132	promoter
chr13	99199854	99200853	UBAC2	20486	promoter
chr13	99258380	99259379	GPR18	4472	promoter
chr13	99307400	99308399	GPR183	3128	promoter
chr13	99500472	99501471	TM9SF2	11865	promoter
chr13	99605690	99606689	CLYBL	18355	promoter
chr13	99971768	99972767	ZIC5	20322	promoter
chr13	99980784	99981783	ZIC2	12873	promoter
chr13	100088093	100089092	PCCA	8653	promoter
chr13	100588790	100589789	GGACT	25100	promoter
chr13	100674796	100675795	TMTC4	25904	promoter
chr13	101416509	101417508	NALCN	19082	promoter
chr13	101451675	101452674	ITGBL1	6164	promoter
chr13	101916946	101917945	FGF14	3671	promoter
chr13	102595986	102596985	TPP2	12016	promoter
chr13	102695045	102696044	METTL21C	33717	promoter
chr13	102759073	102760072	CCDC168	26851	promoter
chr13	102773787	102774786	TEX30	25188	promoter
chr13	102798977	102799976	POGLUT2	19350	promoter
chr13	102798119	102799118	BIVM	16034	promoter
chr13	102845032	102846031	ERCC5	3437	promoter
chr13	102879040	102880039	METTL21EP	41948	promoter
chr13	103066418	103067417	SLC10A2	10906	promoter
chr13	105465045	105466044	DAOA	21191	promoter
chr13	106535663	106536662	EFNB2	3227	promoter
chr13	106568138	106569137	ARGLU1	25482	promoter
chr13	107867497	107868496	NALF1	33877	promoter
chr13	108215537	108216536	LIG4	6601	promoter
chr13	108217392	108218391	ABHD13	20293	promoter
chr13	108268718	108269717	TNFSF13B	11929	promoter
chr13	108628611	108629610	MYO16	29822	promoter
chr13	109786584	109787583	IRS2	6126	promoter
chr13	110306284	110307283	COL4A2	2203	promoter
chr13	110307158	110308157	COL4A1	2202	promoter
chr13	110561723	110562722	RAB20	18260	promoter
chr13	110614545	110615544	NAXD	25576	promoter
chr13	110712700	110713699	ING1	6062	promoter
chr13	110706117	110707116	CARS2	25695	promoter
chr13	110915070	110916069	ANKRD10	20265	promoter
chr13	111114310	111115309	ARHGEF7	15607	promoter
chr13	111319642	111320641	TEX29	20370	promoter
chr13	112066149	112067148	SOX1	11189	promoter
chr13	112375355	112376354	SPACA7	29575	promoter
chr13	112588154	112589153	TUBGCP3	18598	promoter
chr13	112689038	112690037	ATP11A	13552	promoter
chr13	112968214	112969213	MCF2L	14576	promoter
chr13	113104791	113105790	F7	3544	promoter
chr13	113121799	113122798	F10	3528	promoter
chr13	113157648	113158647	PROZ	9460	promoter
chr13	113208613	113209612	CUL4A	2554	promoter
chr13	113208670	113209669	PCID2	25653	promoter
chr13	113296239	113297238	LAMP1	6499	promoter
chr13	113364131	113365130	GRTP1	20310	promoter
chr13	113453489	113454488	ADPRHL1	21303	promoter
chr13	113490712	113491711	DCUN1D2	20328	promoter
chr13	113490021	113491020	TMCO3	20329	promoter
chr13	113583753	113584752	TFDP1	11749	promoter
chr13	113658199	113659198	ATP4B	820	promoter
chr13	113666219	113667218	GRK1	10013	promoter
chr13	113758226	113759225	TMEM255B	28297	promoter
chr13	113864077	113865076	GAS6	4168	promoter
chr13	113974077	113975076	C13orf46	53786	promoter
chr13	114132624	114133623	RASA3	20331	promoter
chr13	114178257	114179256	CFAP97D2	53789	promoter
chr13	114233897	114234896	CDC16	1720	promoter
chr13	114280601	114281600	UPF3A	20332	promoter
chr13	114313503	114314502	CHAMP1	20311	promoter
chr14	18600117	18601116	OR11H12	30738	promoter
chr14	18966434	18967433	POTEM	37096	promoter
chr14	19434342	19435341	POTEG	33896	promoter
chr14	19713884	19714883	OR11H2	14716	promoter
chr14	19802770	19803769	OR4N2	14742	promoter
chr14	19742571	19743570	OR4Q3	15426	promoter
chr14	19772504	19773503	OR4M1	14735	promoter
chr14	19869144	19870143	OR4K3	14731	promoter
chr14	19874142	19875141	OR4K2	14728	promoter
chr14	19919607	19920606	OR4K5	14745	promoter
chr14	19929917	19930916	OR4K1	14726	promoter
chr14	19974591	19975590	OR4K15	15353	promoter
chr14	19998913	19999912	OR4Q2	15359	promoter
chr14	20019308	20020307	OR4K14	15352	promoter
chr14	20036039	20037038	OR4K13	15351	promoter
chr14	20059045	20060044	OR4L1	15356	promoter
chr14	20109739	20110738	OR4K17	15355	promoter
chr14	20137820	20138819	OR4N5	15358	promoter
chr14	20189896	20190895	OR11G2	15346	promoter
chr14	20222710	20223709	OR11H6	15349	promoter
chr14	20228402	20229401	OR11H7	15350	promoter
chr14	20238286	20239285	OR11H4	15347	promoter
chr14	20305952	20306951	TTC5	19274	promoter
chr14	20333280	20334279	CCNB1IP1	19437	promoter
chr14	20342635	20343634	PARP2	272	promoter
chr14	20413502	20414501	TEP1	11726	promoter
chr14	20436167	20437166	KLHL33	31952	promoter
chr14	20454813	20455812	OSGEP	18028	promoter
chr14	20454226	20455225	APEX1	587	promoter
chr14	20461435	20462434	PIP4P1	19299	promoter
chr14	20468406	20469405	PNP	7892	promoter
chr14	20504537	20505536	RNASE10	19275	promoter
chr14	20561048	20562047	RNASE9	20673	promoter
chr14	20591377	20592376	RNASE12	24211	promoter
chr14	20588002	20589001	RNASE11	19269	promoter
chr14	20641692	20642691	OR6S1	15363	promoter
chr14	20687764	20688763	ANG	483	promoter
chr14	20683560	20684559	RNASE4	10047	promoter
chr14	20744887	20745886	EDDM3A	16978	promoter
chr14	20767404	20768403	EDDM3B	19223	promoter
chr14	20780268	20781267	RNASE6	10048	promoter
chr14	20802845	20803844	RNASE1	10044	promoter
chr14	20890385	20891384	RNASE3	10046	promoter
chr14	20954487	20955486	RNASE2	10045	promoter
chr14	20988980	20989979	METTL17	19280	promoter
chr14	20998293	20999292	SLC39A2	17127	promoter
chr14	21029217	21030216	TPPP2	19293	promoter
chr14	21034808	21035807	RNASE13	25285	promoter
chr14	21041362	21042361	RNASE7	19278	promoter
chr14	21056822	21057821	RNASE8	19277	promoter
chr14	21069304	21070303	ARHGEF40	25516	promoter
chr14	21025062	21026061	NDRG2	14460	promoter
chr14	21100066	21101065	TMEM253	32545	promoter
chr14	21098656	21099655	ZNF219	13011	promoter
chr14	21156064	21157063	OR5AU1	15362	promoter
chr14	21269443	21270442	HNRNPC	5035	promoter
chr14	21279083	21280082	RPGRIP1	13436	promoter
chr14	21384020	21385019	SUPT16H	11465	promoter
chr14	21456124	21457123	CHD8	20153	promoter
chr14	21476195	21477194	TOX4	20161	promoter
chr14	21476960	21477959	RAB2B	20246	promoter
chr14	21511341	21512340	METTL3	17563	promoter
chr14	21526347	21527346	SALL2	10526	promoter
chr14	21580077	21581076	OR10G3	8171	promoter
chr14	21634941	21635940	OR10G2	8170	promoter
chr14	21652835	21653834	OR4E2	8297	promoter
chr14	21673819	21674818	OR4E1	8296	promoter
chr14	22589225	22590224	DAD1	2664	promoter
chr14	22597300	22598299	ABHD4	20154	promoter
chr14	22644353	22645352	OR6J1	14707	promoter
chr14	22765688	22766687	OXA1L	8526	promoter
chr14	22815436	22816435	SLC7A7	11065	promoter
chr14	22828887	22829886	MRPL52	16655	promoter
chr14	22835585	22836584	MMP14	7160	promoter
chr14	22870740	22871739	LRP10	14553	promoter
chr14	22882222	22883221	REM2	20248	promoter
chr14	22919150	22920149	RBM23	20155	promoter
chr14	22929377	22930376	PRMT5	10894	promoter
chr14	22957091	22958090	HAUS4	20163	promoter
chr14	22982552	22983551	AJUBA	20250	promoter
chr14	23010144	23011143	C14orf93	20162	promoter
chr14	23034901	23035900	PSMB5	9542	promoter
chr14	23041212	23042211	PSMB11	31963	promoter
chr14	23057521	23058520	CDH24	14265	promoter
chr14	23094505	23095504	C14orf119	20270	promoter
chr14	23095137	23096136	ACIN1	17066	promoter
chr14	23104990	23105989	CIROP	53647	promoter
chr14	23119256	23120255	CEBPE	1836	promoter
chr14	23183661	23184660	SLC7A8	11066	promoter
chr14	23236936	23237935	RNF212B	20438	promoter
chr14	23305833	23306832	BCL2L2	995	promoter
chr14	23286133	23287132	HOMEZ	20164	promoter
chr14	23302860	23303859	PPP1R3E	14943	promoter
chr14	23320457	23321456	PABPN1	8565	promoter
chr14	23352888	23353887	SLC22A17	23095	promoter
chr14	23365173	23366172	EFS	16898	promoter
chr14	23371809	23372808	IL25	13765	promoter
chr14	23376046	23377045	CMTM5	19176	promoter
chr14	23408274	23409273	MYH6	7576	promoter
chr14	23435661	23436660	MYH7	7577	promoter
chr14	23468703	23469702	NGDN	20271	promoter
chr14	23555271	23556270	THTPA	18987	promoter
chr14	23551766	23552765	ZFHX2	20152	promoter
chr14	23567792	23568791	AP1G2	556	promoter
chr14	23578791	23579790	JPH4	20156	promoter
chr14	23635364	23636363	DHRS2	18349	promoter
chr14	23952770	23953769	DHRS4	16985	promoter
chr14	23987929	23988928	DHRS4L2	19731	promoter
chr14	24051009	24052008	CARMIL3	20272	promoter
chr14	24070562	24071561	CPNE6	2319	promoter
chr14	24093311	24094310	PCK2	8725	promoter
chr14	24113777	24114776	DCAF11	20258	promoter
chr14	24114950	24115949	NRL	8002	promoter
chr14	24129659	24130658	FITM1	33714	promoter
chr14	24135194	24136193	PSME1	9568	promoter
chr14	24141592	24142591	EMC9	20273	promoter
chr14	24146498	24147497	RNF31	16031	promoter
chr14	24146611	24147610	PSME2	9569	promoter
chr14	24160265	24161264	IRF9	6131	promoter
chr14	24171080	24172079	REC8	16879	promoter
chr14	24188817	24189816	IPO4	19426	promoter
chr14	24195442	24196441	TM9SF1	11864	promoter
chr14	24204696	24205695	TSSK4	19825	promoter
chr14	24213489	24214488	CHMP4A	20274	promoter
chr14	24216067	24217066	MDP1	28781	promoter
chr14	24232368	24233367	NEDD8	7732	promoter
chr14	24231929	24232928	GMPR2	4377	promoter
chr14	24242624	24243623	TINF2	11824	promoter
chr14	24263178	24264177	TGM1	11777	promoter
chr14	24271598	24272597	RABGGTA	9795	promoter
chr14	24299781	24300780	DHRS1	16445	promoter
chr14	24298850	24299849	NOP9	19826	promoter
chr14	24309140	24310139	LTB4R2	19260	promoter
chr14	24307978	24308977	CIDEB	1977	promoter
chr14	24310502	24311501	LTB4R	6713	promoter
chr14	24335072	24336071	ADCY4	235	promoter
chr14	24339992	24340991	RIPK3	10021	promoter
chr14	24367184	24368183	NFATC4	7778	promoter
chr14	24398003	24399002	NYNRIN	20165	promoter
chr14	24428954	24429953	KHNYN	20166	promoter
chr14	24429669	24430668	CBLN3	20146	promoter
chr14	24442777	24443776	SDR39U1	20275	promoter
chr14	24508266	24509265	CMA1	2097	promoter
chr14	24576251	24577250	CTSG	2532	promoter
chr14	24609686	24610685	GZMH	4710	promoter
chr14	24634191	24635190	GZMB	4709	promoter
chr14	25050148	25051147	STXBP6	19666	promoter
chr14	26598034	26599033	NOVA1	7886	promoter
chr14	28765787	28766786	FOXG1	3811	promoter
chr14	29927848	29928847	PRKD1	9407	promoter
chr14	30558158	30559157	G2E3	20338	promoter
chr14	30621319	30622318	SCFD1	20726	promoter
chr14	30873559	30874558	COCH	2180	promoter
chr14	31024649	31025648	AP4S1	575	promoter
chr14	31026380	31027379	STRN3	15720	promoter
chr14	31207794	31208793	HECTD1	20157	promoter
chr14	31420551	31421550	HEATR5A	20276	promoter
chr14	31457507	31458506	DTD2	20277	promoter
chr14	31488040	31489039	GPR33	4489	promoter
chr14	31560404	31561403	NUBPL	20278	promoter
chr14	32076304	32077303	ARHGAP5	675	promoter
chr14	32328298	32329297	AKAP6	376	promoter
chr14	32937879	32938878	NPAS3	19311	promoter
chr14	34462241	34463240	SPTSSA	20361	promoter
chr14	33951075	33952074	EGLN3	14661	promoter
chr14	34539702	34540701	EAPP	19312	promoter
chr14	34630149	34631148	SNX6	14970	promoter
chr14	34714594	34715593	CFL2	1875	promoter
chr14	34875361	34876360	BAZ1A	960	promoter
chr14	34981992	34982991	SRP54	11301	promoter
chr14	35045272	35046271	FAM177A1	19829	promoter
chr14	35121552	35122551	PRORP	19958	promoter
chr14	35121991	35122990	PPP2R3C	17485	promoter
chr14	35291382	35292381	PSMA6	9535	promoter
chr14	35404750	35405749	NFKBIA	7797	promoter
chr14	35533164	35534163	INSM2	17539	promoter
chr14	35809296	35810295	RALGAPA1	17770	promoter
chr14	35825338	35826337	BRMS1L	20512	promoter
chr14	36320638	36321637	MBIP	20427	promoter
chr14	36520233	36521232	NKX2-1	11825	promoter
chr14	36582615	36583614	NKX2-8	16364	promoter
chr14	36660860	36661859	PAX9	8623	promoter
chr14	37172607	37173606	SLC25A21	14411	promoter
chr14	37196937	37197936	MIPOL1	21460	promoter
chr14	37594629	37595628	TTC6	19739	promoter
chr14	37595250	37596249	FOXA1	5021	promoter
chr14	38206904	38207903	SSTR1	11330	promoter
chr14	38256094	38257093	CLEC14A	19832	promoter
chr14	39103236	39104235	SEC23A	10701	promoter
chr14	39113323	39114322	GEMIN2	10884	promoter
chr14	39170334	39171333	TRAPPC6B	23066	promoter
chr14	39174254	39175253	PNN	9162	promoter
chr14	39232915	39233914	MIA2	18432	promoter
chr14	39432434	39433433	FBXO33	19833	promoter
chr14	41605876	41606875	LRFN5	20360	promoter
chr14	44507284	44508283	FSCB	20494	promoter
chr14	44896275	44897274	C14orf28	19834	promoter
chr14	44961190	44962189	TOGARAM1	19959	promoter
chr14	44961948	44962947	KLHL28	19741	promoter
chr14	45083116	45084115	PRPF39	20314	promoter
chr14	45134482	45135481	FKBP3	3719	promoter
chr14	45134930	45135929	FANCM	23168	promoter
chr14	45253203	45254202	MIS18BP1	20190	promoter
chr14	46651782	46652781	RPL10L	17976	promoter
chr14	47675606	47676605	MDGA2	19835	promoter
chr14	49597940	49598939	LRR1	19742	promoter
chr14	49586381	49587380	RPS29	10419	promoter
chr14	49620627	49621626	RPL36AL	10346	promoter
chr14	49619799	49620798	MGAT2	7045	promoter
chr14	49635245	49636244	DNAAF2	20188	promoter
chr14	49688215	49689214	POLE2	9178	promoter
chr14	49692120	49693119	KLHDC1	19836	promoter
chr14	49767153	49768152	KLHDC2	20231	promoter
chr14	49852789	49853788	NEMF	10663	promoter
chr14	49892082	49893081	ARF6	659	promoter
chr14	50116573	50117572	VCPKMT	20352	promoter
chr14	50231579	50232578	SOS2	11188	promoter
chr14	50312230	50313229	L2HGDH	20499	promoter
chr14	50311324	50312323	DMAC2L	18799	promoter
chr14	50396882	50397881	CDKL1	1781	promoter
chr14	50559145	50560144	ATL1	11231	promoter
chr14	50532570	50533569	MAP4K5	6867	promoter
chr14	50668307	50669306	SAV1	17795	promoter
chr14	50831163	50832162	NIN	14906	promoter
chr14	50871053	50872052	ABHD12B	19837	promoter
chr14	50944484	50945483	PYGL	9725	promoter
chr14	51095106	51096105	TRIM9	16288	promoter
chr14	51239247	51240246	TMX1	15487	promoter
chr14	51650910	51651909	FRMD6	19839	promoter
chr14	51859612	51860611	GNG2	4404	promoter
chr14	51988546	51989545	RTRAF	23169	promoter
chr14	52069060	52070059	NID2	13389	promoter
chr14	52266698	52267697	PTGDR	9591	promoter
chr14	52313312	52314311	PTGER2	9594	promoter
chr14	52552506	52553505	TXNDC16	19965	promoter
chr14	52551836	52552835	GPR137C	25445	promoter
chr14	52695559	52696558	ERO1A	13280	promoter
chr14	52706200	52707199	PSMC6	9553	promoter
chr14	52729166	52730165	STYX	11447	promoter
chr14	52791608	52792607	GNPNAT1	19980	promoter
chr14	52951051	52952050	FERMT2	15767	promoter
chr14	53153324	53154323	DDHD1	19714	promoter
chr14	53956826	53957825	BMP4	1071	promoter
chr14	54396007	54397006	CDKN3	1791	promoter
chr14	54441375	54442374	CNIH1	19431	promoter
chr14	54488981	54489980	GMFB	4373	promoter
chr14	54508906	54509905	CGRRF1	15528	promoter
chr14	54566128	54567127	SAMD4A	23023	promoter
chr14	54902827	54903826	GCH1	4193	promoter
chr14	55027100	55028099	WDHD1	23170	promoter
chr14	55026236	55027235	SOCS4	19392	promoter
chr14	55050647	55051646	MAPK1IP1L	19840	promoter
chr14	55128252	55129251	LGALS3	6563	promoter
chr14	55191586	55192585	DLGAP5	16864	promoter
chr14	55270421	55271420	FBXO34	20201	promoter
chr14	55270686	55271685	CHMP4BP1	43616	promoter
chr14	55411831	55412830	ATG14	19962	promoter
chr14	55440617	55441616	TBPL2	19841	promoter
chr14	55579207	55580206	KTN1	6467	promoter
chr14	56117411	56118410	PELI2	8828	promoter
chr14	56578798	56579797	TMEM260	20185	promoter
chr14	56810480	56811479	OTX2	8522	promoter
chr14	57268906	57269905	EXOC5	10696	promoter
chr14	57267971	57268970	AP5M1	20192	promoter
chr14	57389586	57390585	NAA30	19844	promoter
chr14	57493858	57494857	CCDC198	20189	promoter
chr14	57866093	57867092	SLC35F4	19845	promoter
chr14	58199149	58200148	ACTR10	17372	promoter
chr14	58243843	58244842	PSMA3	9532	promoter
chr14	58152214	58153213	ARMH4	19846	promoter
chr14	58297555	58298554	ARID4A	9885	promoter
chr14	58394930	58395929	TOMM20L	33752	promoter
chr14	58426719	58427718	KIAA0586	19960	promoter
chr14	58427532	58428531	TIMM9	11819	promoter
chr14	58636962	58637961	DACT1	17748	promoter
chr14	59187667	59188666	DAAM1	18142	promoter
chr14	59465381	59466380	GPR135	19991	promoter
chr14	59484409	59485408	L3HYPDH	20488	promoter
chr14	59483517	59484516	JKAMP	20184	promoter
chr14	59576813	59577812	CCDC175	19847	promoter
chr14	59870777	59871776	RTN1	10467	promoter
chr14	59919144	59920143	LRRC9	19848	promoter
chr14	60090923	60091922	PCNX4	20349	promoter
chr14	60165399	60166398	DHRS7	21524	promoter
chr14	60248221	60249220	PPM1A	9275	promoter
chr14	60508146	60509145	SIX6	10892	promoter
chr14	60486064	60487063	C14orf39	19849	promoter
chr14	60649478	60650477	SIX1	10887	promoter
chr14	60724352	60725351	SIX4	10890	promoter
chr14	60733761	60734760	MNAT1	7181	promoter
chr14	60980245	60981244	SLC38A6	19863	promoter
chr14	60981080	60982079	TRMT5	23141	promoter
chr14	61320579	61321578	PRKCH	9403	promoter
chr14	61281339	61282338	TMEM30B	27254	promoter
chr14	61694513	61695512	HIF1A	4910	promoter
chr14	61761420	61762419	SNAPC1	11134	promoter
chr14	61811703	61812702	SYT16	23142	promoter
chr14	63045459	63046458	KCNH5	6254	promoter
chr14	63203443	63204442	RHOJ	688	promoter
chr14	63318936	63319935	GPHB5	18055	promoter
chr14	63543378	63544377	PPP2R5E	9313	promoter
chr14	63641872	63642871	WDR89	20489	promoter
chr14	63728066	63729065	SGPP1	17720	promoter
chr14	63852004	63853003	SYNE2	17084	promoter
chr14	64294372	64295371	ESR2	3468	promoter
chr14	64387353	64388352	MTHFD1	7432	promoter
chr14	64464499	64465498	AKAP5	375	promoter
chr14	64503770	64504769	ZBTB1	20259	promoter
chr14	64503839	64504838	ZBTB25	13112	promoter
chr14	64539741	64540740	HSPA2	5235	promoter
chr14	64548961	64549960	PPP1R36	20097	promoter
chr14	64703424	64704423	PLEKHG3	20364	promoter
chr14	64879908	64880907	SPTB	11274	promoter
chr14	64913455	64914454	CHURC1	20099	promoter
chr14	64942746	64943745	GPX2	4554	promoter
chr14	64972337	64973336	RAB15	20150	promoter
chr14	64985895	64986894	FNTB	3785	promoter
chr14	65102518	65103517	MAX	6913	promoter
chr14	65411730	65412729	FUT8	4019	promoter
chr14	66485371	66486370	CCDC196	20100	promoter
chr14	66507147	66508146	GPHN	15465	promoter
chr14	67188440	67189439	GARIN2	20101	promoter
chr14	67240435	67241434	PALS1	18669	promoter
chr14	67359805	67360804	ATP6V1D	13527	promoter
chr14	67359328	67360327	EIF2S1	3265	promoter
chr14	67412166	67413165	PLEK2	19238	promoter
chr14	67532290	67533289	PLEKHH1	17733	promoter
chr14	67488722	67489721	TMEM229B	20130	promoter
chr14	67600269	67601268	PIGH	8964	promoter
chr14	67618920	67619919	ARG2	664	promoter
chr14	67674633	67675632	VTI1B	17793	promoter
chr14	67695765	67696764	RDH11	17964	promoter
chr14	67700886	67701885	RDH12	19977	promoter
chr14	67816591	67817590	ZFYVE26	20761	promoter
chr14	67818779	67819778	RAD51B	9822	promoter
chr14	68793068	68794067	ZFP36L1	1107	promoter
chr14	68979303	68980302	ACTN1	163	promoter
chr14	69153120	69154119	DCAF5	20224	promoter
chr14	69190498	69191497	EXD2	20217	promoter
chr14	69259158	69260157	GALNT16	23233	promoter
chr14	69397692	69398691	SLC39A9	20182	promoter
chr14	69398300	69399299	ERH	3447	promoter
chr14	69483728	69484727	PLEKHD1	20148	promoter
chr14	69574872	69575871	CCDC177	23243	promoter
chr14	69610596	69611595	SUSD6	19956	promoter
chr14	69766142	69767141	SRSF5	10787	promoter
chr14	69797242	69798241	SLC10A1	10905	promoter
chr14	69878416	69879415	SMOC1	20318	promoter
chr14	70188952	70189951	SLC8A3	11070	promoter
chr14	70359684	70360683	COX16	20213	promoter
chr14	70417091	70418090	SYNJ2BP	18955	promoter
chr14	70451174	70452173	ADAM21	200	promoter
chr14	70535005	70536004	ADAM20	199	promoter
chr14	70600656	70601655	MED6	19970	promoter
chr14	70640916	70641915	TTC9	20267	promoter
chr14	70809514	70810513	MAP3K9	6861	promoter
chr14	70906459	70907458	PCNX1	19740	promoter
chr14	71319476	71320475	SIPA1L1	20284	promoter
chr14	71931429	71932428	RGS6	10002	promoter
chr14	72894102	72895101	DPF3	17427	promoter
chr14	72925464	72926463	DCAF4	20229	promoter
chr14	73027107	73028106	ZFYVE1	13180	promoter
chr14	73057534	73058533	RBM25	23244	promoter
chr14	73135507	73136506	PSEN1	9508	promoter
chr14	73236506	73237505	PAPLN	19262	promoter
chr14	73458547	73459546	NUMB	8060	promoter
chr14	73489933	73490932	RIOX1	20968	promoter
chr14	73536143	73537142	ACOT1	33128	promoter
chr14	73558948	73559947	HEATR4	16761	promoter
chr14	73568213	73569212	ACOT2	18431	promoter
chr14	73590873	73591872	ACOT4	19748	promoter
chr14	73611517	73612516	ACOT6	33159	promoter
chr14	73643986	73644985	DNAL1	23247	promoter
chr14	73714385	73715384	PNMA1	9158	promoter
chr14	73760304	73761303	MIDEAS	19853	promoter
chr14	73850831	73851830	PTGR2	20149	promoter
chr14	73885859	73886858	ZNF410	20144	promoter
chr14	73949302	73950301	COQ6	20233	promoter
chr14	73950095	73951094	FAM161B	19854	promoter
chr14	74018349	74019348	BBOF1	19855	promoter
chr14	74019289	74020288	ENTPD5	3367	promoter
chr14	74084454	74085453	ALDH6A1	7179	promoter
chr14	74083956	74084955	LIN52	19856	promoter
chr14	74238449	74239448	VSX2	1975	promoter
chr14	74302935	74303934	ABCD4	68	promoter
chr14	74347471	74348470	VRTN	20223	promoter
chr14	74426211	74427210	SYNDIG1L	32388	promoter
chr14	74492765	74493764	ISCA2	19857	promoter
chr14	74493306	74494305	NPC2	14537	promoter
chr14	74612238	74613237	LTBP2	6715	promoter
chr14	74713081	74714080	AREL1	20363	promoter
chr14	74712144	74713143	FCF1	20220	promoter
chr14	74762316	74763315	YLPM1	17798	promoter
chr14	74876146	74877145	PROX2	26715	promoter
chr14	74880916	74881915	DLST	2911	promoter
chr14	74923261	74924260	RPS6KL1	20222	promoter
chr14	74955598	74956597	PGF	8893	promoter
chr14	75001921	75002920	EIF2B2	3258	promoter
chr14	75051468	75052467	MLH3	7128	promoter
chr14	75068641	75069640	ZC2HC1C	20354	promoter
chr14	75064025	75065024	ACYP1	179	promoter
chr14	75127049	75128048	NEK9	18591	promoter
chr14	75176613	75177612	TMED10	16998	promoter
chr14	75277828	75278827	FOS	3796	promoter
chr14	75427022	75428021	JDP2	17546	promoter
chr14	75521469	75522468	BATF	958	promoter
chr14	75577620	75578619	FLVCR2	20105	promoter
chr14	75660246	75661245	TTLL5	19963	promoter
chr14	75660877	75661876	ERG28	1187	promoter
chr14	75984763	75985762	IFT43	29669	promoter
chr14	75981996	75982995	TGFB3	11769	promoter
chr14	76150922	76151921	GPATCH2L	20210	promoter
chr14	76375137	76376136	ESRRB	3473	promoter
chr14	76760468	76761467	VASH1	19964	promoter
chr14	76812883	76813882	ANGEL1	19961	promoter
chr14	76825408	76826407	LRRC74A	23346	promoter
chr14	77028709	77029708	IRF2BPL	14282	promoter
chr14	77097258	77098257	CIPC	20365	promoter
chr14	77180798	77181797	TMEM63C	23787	promoter
chr14	77141792	77142791	ZDHHC22	20106	promoter
chr14	77271207	77272206	NGB	14077	promoter
chr14	77320884	77321883	POMT2	19743	promoter
chr14	77320036	77321035	GSTZ1	4643	promoter
chr14	77376379	77377378	SAMD15	18631	promoter
chr14	77377095	77378094	TMED8	18633	promoter
chr14	77423524	77424523	NOXRED1	20487	promoter
chr14	77457093	77458092	AHSA1	1189	promoter
chr14	77457602	77458601	VIPAS39	20347	promoter
chr14	77498817	77499816	ISM2	23176	promoter
chr14	77616638	77617637	SPTLC2	11278	promoter
chr14	77708024	77709023	ALKBH1	17911	promoter
chr14	77707103	77708102	SLIRP	20495	promoter
chr14	77761157	77762156	SNW1	16696	promoter
chr14	77799109	77800108	ADCK1	19038	promoter
chr14	78169373	78170372	NRXN3	8010	promoter
chr14	80211505	80212504	DIO2	2884	promoter
chr14	80954621	80955620	TSHR	12373	promoter
chr14	80941739	80942738	CEP128	20359	promoter
chr14	81220960	81221959	GTF2A1	4646	promoter
chr14	81400325	81401324	STON2	30652	promoter
chr14	81533854	81534853	SEL1L	10717	promoter
chr14	85529144	85530143	FLRT2	3761	promoter
chr14	87993183	87994182	GALC	4115	promoter
chr14	88004135	88005134	GPR65	4517	promoter
chr14	88323270	88324269	KCNK10	6273	promoter
chr14	88384657	88385656	SPATA7	20423	promoter
chr14	88555008	88556007	PTPN21	9651	promoter
chr14	88562037	88563036	ZC3H14	20509	promoter
chr14	88792954	88793953	EML5	18197	promoter
chr14	88823651	88824650	TTC8	20087	promoter
chr14	89417234	89418233	FOXN3	1928	promoter
chr14	89954731	89955730	EFCAB11	20357	promoter
chr14	89954927	89955926	TDP1	18884	promoter
chr14	90060994	90061993	KCNK13	6275	promoter
chr14	90255553	90256552	PSMC1	9547	promoter
chr14	90331942	90332941	NRDE2	20186	promoter
chr14	90396029	90397028	CALM1	1442	promoter
chr14	90816431	90817430	TTC7B	19858	promoter
chr14	91113073	91114072	DGLUCY	20498	promoter
chr14	91060642	91061641	RPS6KA5	10434	promoter
chr14	91244705	91245704	GPR68	4519	promoter
chr14	91417821	91418820	CCDC88C	19967	promoter
chr14	91510311	91511310	PPP4R3A	20219	promoter
chr14	91732087	91733086	CATSPERB	20500	promoter
chr14	91867537	91868536	TC2N	19859	promoter
chr14	91947695	91948694	FBLN5	3602	promoter
chr14	92040060	92041059	TRIP11	12305	promoter
chr14	92106583	92107582	ATXN3	7106	promoter
chr14	92121707	92122706	NDUFB1	7695	promoter
chr14	92120969	92121968	CPSF2	2325	promoter
chr14	92322165	92323164	SLC24A4	10978	promoter
chr14	92512781	92513780	RIN3	18751	promoter
chr14	92748628	92749627	LGMN	9472	promoter
chr14	92793305	92794304	GOLGA5	4428	promoter
chr14	92922150	92923149	CHGA	1929	promoter
chr14	93115926	93116925	ITPK1	6177	promoter
chr14	93184898	93185897	MOAP1	16658	promoter
chr14	93184317	93185316	LYSET	20218	promoter
chr14	93207066	93208065	GON7	20356	promoter
chr14	93206256	93207255	UBR7	20344	promoter
chr14	93333037	93334036	BTBD7	18269	promoter
chr14	93429939	93430938	UNC79	19966	promoter
chr14	93346182	93347181	COX8C	24382	promoter
chr14	93788486	93789485	PRIMA1	18319	promoter
chr14	93926344	93927343	FAM181A	20491	promoter
chr14	93976571	93977570	ASB2	16012	promoter
chr14	93996301	93997300	CCDC197	19860	promoter
chr14	94025340	94026339	OTUB2	20351	promoter
chr14	94081203	94082202	DDX24	13266	promoter
chr14	94080310	94081309	IFI27L1	19754	promoter
chr14	94109736	94110735	IFI27	5397	promoter
chr14	94129605	94130604	IFI27L2	19753	promoter
chr14	94173322	94174321	PPP4R4	23788	promoter
chr14	94293269	94294268	SERPINA10	15996	promoter
chr14	94323337	94324336	SERPINA6	1540	promoter
chr14	94366699	94367698	SERPINA2	8985	promoter
chr14	94388603	94389602	SERPINA1	8941	promoter
chr14	94452801	94453800	SERPINA11	19193	promoter
chr14	94476198	94477197	SERPINA9	15995	promoter
chr14	94509470	94510469	SERPINA12	18359	promoter
chr14	94560442	94561441	SERPINA4	8948	promoter
chr14	94580426	94581425	SERPINA5	8723	promoter
chr14	94611391	94612390	SERPINA3	16	promoter
chr14	94770114	94771113	GSC	4612	promoter
chr14	95157530	95158529	DICER1	17098	promoter
chr14	95319909	95320908	CLMN	19972	promoter
chr14	95516651	95517650	SYNE3	19861	promoter
chr14	95534050	95535049	GLRX5	20134	promoter
chr14	95685426	95686425	TCL1B	11649	promoter
chr14	95714126	95715125	TCL1A	11648	promoter
chr14	95875832	95876831	TUNAR	44088	promoter
chr14	96038362	96039361	C14orf132	20346	promoter
chr14	96203839	96204838	BDKRB2	1030	promoter
chr14	96255210	96256209	BDKRB1	1029	promoter
chr14	96363342	96364341	ATG2B	20187	promoter
chr14	96362526	96363525	GSKIP	20343	promoter
chr14	96391128	96392127	AK7	20091	promoter
chr14	96501382	96502381	PAPOLA	14981	promoter
chr14	96796382	96797381	VRK1	12718	promoter
chr14	99272198	99273197	BCL11B	13222	promoter
chr14	99480860	99481859	SETD3	20493	promoter
chr14	99480409	99481408	CCNK	1596	promoter
chr14	99604208	99605207	CCDC85C	35459	promoter
chr14	99644129	99645128	HHIPL1	19710	promoter
chr14	99683298	99684297	CYP46A1	2641	promoter
chr14	99792413	99793412	EML1	3330	promoter
chr14	100064422	100065421	EVL	20234	promoter
chr14	100159646	100160645	DEGS2	20113	promoter
chr14	100238144	100239143	YY1	12856	promoter
chr14	100306445	100307444	SLC25A29	20116	promoter
chr14	100322339	100323338	SLC25A47	20115	promoter
chr14	100375485	100376484	WDR25	21064	promoter
chr14	100375348	100376347	WARS1	12729	promoter
chr14	100587418	100588417	BEGAIN	24163	promoter
chr14	100725892	100726891	DLK1	2907	promoter
chr14	100903723	100904722	RTL1	14665	promoter
chr14	101560495	101561494	DIO3	2885	promoter
chr14	101760709	101761708	PPP2R5C	9311	promoter
chr14	101963573	101964572	DYNC1H1	2961	promoter
chr14	102138897	102139896	WDR20	19667	promoter
chr14	102087045	102088044	HSP90AA1	5253	promoter
chr14	102305165	102306164	MOK	9833	promoter
chr14	102318746	102319745	ZNF839	20345	promoter
chr14	102362891	102363890	CINP	23789	promoter
chr14	102361941	102362940	TECPR2	19957	promoter
chr14	102509777	102510776	ANKRD9	20096	promoter
chr14	102591649	102592648	RCOR1	17441	promoter
chr14	102776449	102777448	TRAF3	12033	promoter
chr14	102921663	102922662	AMN	14604	promoter
chr14	103057550	103058549	CDC42BPB	1738	promoter
chr14	103083210	103084209	LBHD2	52384	promoter
chr14	103093725	103094724	EXOC3L4	20120	promoter
chr14	103122461	103123460	TNFAIP2	11895	promoter
chr14	103333237	103334236	EIF5	3299	promoter
chr14	103384415	103385414	MARK3	6897	promoter
chr14	103522831	103523830	CKB	1991	promoter
chr14	103528196	103529195	TRMT61A	23790	promoter
chr14	103628211	103629210	KLC1	6387	promoter
chr14	103562658	103563657	BAG5	941	promoter
chr14	103561960	103562959	COA8	20492	promoter
chr14	103715452	103716451	XRCC3	12830	promoter
chr14	103714810	103715809	ZFYVE21	20760	promoter
chr14	103847576	103848575	PPP1R13B	14950	promoter
chr14	103921530	103922529	ATP5MJ	1188	promoter
chr14	103927456	103928455	TDRD9	20122	promoter
chr14	103942530	103943529	RD3L	40912	promoter
chr14	104084700	104085699	ASPG	20123	promoter
chr14	104137587	104138586	KIF26A	20226	promoter
chr14	104578764	104579763	C14orf180	33795	promoter
chr14	104604773	104605772	TMEM179	20137	promoter
chr14	104688618	104689617	INF2	23791	promoter
chr14	104723229	104724228	ADSS1	20093	promoter
chr14	104752147	104753146	SIVA1	17712	promoter
chr14	104795749	104796748	AKT1	391	promoter
chr14	104800101	104801100	ZBTB42	32550	promoter
chr14	104864268	104865267	CEP170B	20362	promoter
chr14	104923879	104924878	PLD4	23792	promoter
chr14	104978375	104979374	AHNAK2	20125	promoter
chr14	104984788	104985787	CLBA1	20126	promoter
chr14	105021084	105022083	CDCA4	14625	promoter
chr14	105065431	105066430	GPR132	17482	promoter
chr14	105168777	105169776	JAG2	6189	promoter
chr14	105181313	105182312	NUDT14	20141	promoter
chr14	105247533	105248532	BTBD6	19897	promoter
chr14	105313748	105314747	PACS2	23794	promoter
chr14	105301002	105302001	BRF1	11551	promoter
chr14	105397538	105398537	TEX22	40026	promoter
chr14	105418827	105419826	MTA1	7410	promoter
chr14	105473821	105474820	CRIP2	2361	promoter
chr14	105485886	105486885	CRIP1	2360	promoter
chr14	105490246	105491245	TEDC1	20127	promoter
chr14	105525583	105526582	TMEM121	20511	promoter
chr15	20541801	20542800	GOLGA6L6	37225	promoter
chr15	20866315	20867314	POTEB2	48327	promoter
chr15	21440500	21441499	POTEB3	51240	promoter
chr15	21636909	21637908	OR4M2B	55109	promoter
chr15	21650844	21651843	OR4N4C	55110	promoter
chr15	21877736	21878735	POTEB	33734	promoter
chr15	22079527	22080526	OR4M2	15373	promoter
chr15	22093522	22094521	OR4N4	15375	promoter
chr15	22457903	22458902	GOLGA6L22	50289	promoter
chr15	22785644	22786643	NIPA1	17043	promoter
chr15	22837666	22838665	NIPA2	17044	promoter
chr15	22980369	22981368	CYFIP1	13759	promoter
chr15	23039570	23040569	TUBGCP5	18600	promoter
chr15	23136823	23137822	GOLGA6L1	37444	promoter
chr15	23334197	23335196	GOLGA6L26	56306	promoter
chr15	23353748	23354747	GOLGA8S	44409	promoter
chr15	23447244	23448243	GOLGA6L2	26695	promoter
chr15	23564674	23565673	MKRN3	7114	promoter
chr15	23687306	23688305	NDN	7675	promoter
chr15	24674775	24675774	NPAP1	1190	promoter
chr15	24953987	24954986	SNURF	11171	promoter
chr15	25439025	25440024	UBE3A	12496	promoter
chr15	25863328	25864327	ATP10A	13542	promoter
chr15	26866062	26867061	GABRA5	4079	promoter
chr15	26773067	26774066	GABRB3	4083	promoter
chr15	26970181	26971180	GABRG3	4088	promoter
chr15	28099316	28100315	OCA2	8101	promoter
chr15	28322180	28323179	HERC2	4868	promoter
chr15	28358085	28359084	GOLGA6L24	55710	promoter
chr15	28377664	28378663	GOLGA8F	32378	promoter
chr15	28532972	28533971	GOLGA8G	25328	promoter
chr15	28552568	28553567	GOLGA6L25	55711	promoter
chr15	28712422	28713421	GOLGA8M	44404	promoter
chr15	28848645	28849644	GOLGA6L7	37442	promoter
chr15	28884974	28885973	APBA2	579	promoter
chr15	29269823	29270822	NSMCE3	7677	promoter
chr15	29570980	29571979	ENTREP2	29075	promoter
chr15	29822469	29823468	TJP1	11827	promoter
chr15	30081955	30082954	GOLGA8J	38650	promoter
chr15	30134051	30135050	GOLGA8T	44410	promoter
chr15	30393541	30394540	CHRFAM7A	15781	promoter
chr15	30414261	30415260	GOLGA8R	44407	promoter
chr15	30551050	30552049	GOLGA8Q	44408	promoter
chr15	30603028	30604027	GOLGA8H	37443	promoter
chr15	30625128	30626127	ARHGAP11B	15782	promoter
chr15	30902915	30903914	FAN1	29170	promoter
chr15	30991629	30992628	MTMR10	25999	promoter
chr15	31101726	31102725	TRPM1	7146	promoter
chr15	31325835	31326834	KLF13	13672	promoter
chr15	31870674	31871673	OTUD7A	20718	promoter
chr15	32029515	32030514	CHRNA7	1960	promoter
chr15	32403293	32404292	GOLGA8K	38652	promoter
chr15	32455635	32456634	GOLGA8O	44406	promoter
chr15	32592456	32593455	GOLGA8N	44405	promoter
chr15	32614504	32615503	ARHGAP11A	15783	promoter
chr15	32640710	32641709	SCG5	10816	promoter
chr15	32717004	32718003	GREM1	2001	promoter
chr15	33194715	33195714	FMN1	3768	promoter
chr15	33309967	33310966	RYR3	10485	promoter
chr15	33967497	33968496	CHRM5	1954	promoter
chr15	34039205	34040204	AVEN	13509	promoter
chr15	34101863	34102862	EMC7	24301	promoter
chr15	34101083	34102082	PGBD4	19401	promoter
chr15	34210097	34211096	KATNBL1	26199	promoter
chr15	34224016	34225015	EMC4	28032	promoter
chr15	34337782	34338781	SLC12A6	10914	promoter
chr15	34343137	34344136	NOP10	14378	promoter
chr15	34342315	34343314	NUTM1	29919	promoter
chr15	34367197	34368196	LPCAT4	30059	promoter
chr15	34437809	34438808	GOLGA8A	31972	promoter
chr15	34583652	34584651	GOLGA8B	31973	promoter
chr15	34754999	34755998	GJD2	19154	promoter
chr15	34795550	34796549	ACTC1	143	promoter
chr15	34969743	34970742	AQR	29513	promoter
chr15	34988288	34989287	ZNF770	26061	promoter
chr15	35085296	35086295	NANOGP8	23106	promoter
chr15	35546166	35547165	DPH6	30543	promoter
chr15	36578626	36579625	CDIN1	26929	promoter
chr15	37100550	37101549	MEIS2	7001	promoter
chr15	37933640	37934639	TMCO5A	28558	promoter
chr15	38251836	38252835	SPRED1	20249	promoter
chr15	38453127	38454126	FAM98B	26773	promoter
chr15	38564815	38565814	RASGRP1	9878	promoter
chr15	39580079	39581078	THBS1	11785	promoter
chr15	39782842	39783841	FSIP1	21674	promoter
chr15	39920267	39921266	GPR176	32370	promoter
chr15	39933115	39934114	EIF2AK4	19687	promoter
chr15	40039182	40040181	SRP14	11299	promoter
chr15	40108880	40109879	BMF	24132	promoter
chr15	40160069	40161068	BUB1B	1149	promoter
chr15	40238063	40239062	PAK6	16061	promoter
chr15	40283065	40284064	ANKRD63	40027	promoter
chr15	40307936	40308935	PLCB2	9055	promoter
chr15	40322692	40323691	INAFM2	35165	promoter
chr15	40340940	40341939	CCDC9B	33488	promoter
chr15	40350033	40351032	PHGR1	37226	promoter
chr15	40357219	40358218	DISP2	19712	promoter
chr15	40381721	40382720	KNSTRN	30767	promoter
chr15	40404795	40405794	IVD	6186	promoter
chr15	40439953	40440952	BAHD1	29153	promoter
chr15	40469984	40470983	CHST14	24464	promoter
chr15	40565043	40566042	CCDC32	28295	promoter
chr15	40568299	40569298	RPUSD2	24180	promoter
chr15	40593249	40594248	KNL1	24054	promoter
chr15	40694174	40695173	RAD51	9817	promoter
chr15	40755255	40756254	RMDN3	25550	promoter
chr15	40763068	40764067	GCHFR	4194	promoter
chr15	40768980	40769979	C15orf62	34489	promoter
chr15	40806089	40807088	ZFYVE19	20758	promoter
chr15	40807474	40808473	DNAJC17	25556	promoter
chr15	40828709	40829708	PPP1R14D	14953	promoter
chr15	40843048	40844047	SPINT1	11246	promoter
chr15	40874235	40875234	RHOV	18313	promoter
chr15	40893450	40894449	VPS18	15972	promoter
chr15	40928340	40929339	DLL4	2910	promoter
chr15	40952471	40953470	CHAC1	28680	promoter
chr15	41116281	41117280	INO80	26956	promoter
chr15	41230758	41231757	EXD1	28507	promoter
chr15	41230268	41231267	CHP1	17433	promoter
chr15	41331881	41332880	NUSAP1	18538	promoter
chr15	41332592	41333591	OIP5	20300	promoter
chr15	41416095	41417094	RTF1	28996	promoter
chr15	41402497	41403496	NDUFAF1	18828	promoter
chr15	41492874	41493873	ITPKA	6178	promoter
chr15	41513828	41514827	LTK	6721	promoter
chr15	41544258	41545257	RPAP1	24567	promoter
chr15	41558212	41559211	TYRO3	12446	promoter
chr15	41659405	41660404	MGA	14010	promoter
chr15	41773484	41774483	MAPKBP1	29536	promoter
chr15	41827092	41828091	JMJD7	34397	promoter
chr15	41837847	41838846	PLA2G4B	9036	promoter
chr15	41894054	41895053	SPTBN5	15680	promoter
chr15	41972558	41973557	EHD4	3245	promoter
chr15	42021043	42022042	PLA2G4E	24791	promoter
chr15	42094563	42095562	PLA2G4D	30038	promoter
chr15	42156637	42157636	PLA2G4F	27396	promoter
chr15	42208305	42209304	VPS39	20593	promoter
chr15	42272201	42273200	GANC	4139	promoter
chr15	42273434	42274433	TMEM87A	24522	promoter
chr15	42358501	42359500	CAPN3	1480	promoter
chr15	42491142	42492141	ZNF106	12886	promoter
chr15	42494634	42495633	SNAP23	11131	promoter
chr15	42548794	42549793	LRRC57	26719	promoter
chr15	42547838	42548837	HAUS2	25530	promoter
chr15	42574606	42575605	STARD9	19162	promoter
chr15	42737129	42738128	CDAN1	1713	promoter
chr15	42920779	42921778	TTBK2	19141	promoter
chr15	43106039	43107038	UBR1	16808	promoter
chr15	43132586	43133585	TMEM62	26269	promoter
chr15	43184403	43185402	CCNDBP1	1587	promoter
chr15	43221019	43222018	EPB42	3381	promoter
chr15	43266929	43267928	TGM5	11781	promoter
chr15	43302256	43303255	TGM7	30790	promoter
chr15	43330574	43331573	LCMT2	17558	promoter
chr15	43329672	43330671	MAPDA	31853	promoter
chr15	43370101	43371100	TUBGCP4	16691	promoter
chr15	43371044	43372043	ZSCAN29	26673	promoter
chr15	43493157	43494156	TP53BP1	11999	promoter
chr15	43516608	43517607	MAP1A	6835	promoter
chr15	43590209	43591208	PPIP5K1	29023	promoter
chr15	43593027	43594026	CKMT1B	1995	promoter
chr15	43618801	43619800	STRC	16035	promoter
chr15	43648845	43649844	CATSPER2	18810	promoter
chr15	43692859	43693858	CKMT1A	31736	promoter
chr15	43745438	43746437	PDIA3	4606	promoter
chr15	43791320	43792319	SERF2	10757	promoter
chr15	43776967	43777966	ELL3	23113	promoter
chr15	43799599	43800598	HYPK	18418	promoter
chr15	43800221	43801220	SERINC4	32237	promoter
chr15	43824691	43825690	MFAP1	7032	promoter
chr15	43826002	43827001	WDR76	25773	promoter
chr15	44195272	44196271	FRMD5	28214	promoter
chr15	44287719	44288718	GOLM2	24892	promoter
chr15	44426629	44427628	CTDSPL2	26936	promoter
chr15	44536147	44537146	EIF3J	3270	promoter
chr15	44663663	44664662	SPG11	11226	promoter
chr15	44711324	44712323	PATL2	33630	promoter
chr15	44710517	44711516	B2M	914	promoter
chr15	44735528	44736527	TRIM69	17857	promoter
chr15	44955687	44956686	TERB2	28520	promoter
chr15	45022195	45023194	SORD	11184	promoter
chr15	45114173	45115172	DUOX2	13273	promoter
chr15	45113326	45114325	DUOXA2	32698	promoter
chr15	45128994	45129993	DUOX1	3062	promoter
chr15	45129880	45130879	DUOXA1	26507	promoter
chr15	45187967	45188966	SHF	25116	promoter
chr15	45251234	45252233	SLC28A2	11002	promoter
chr15	45378545	45379544	GATM	4175	promoter
chr15	45401336	45402335	AFG2B	28762	promoter
chr15	45429610	45430609	C15orf48	29898	promoter
chr15	45522756	45523755	SLC30A4	11015	promoter
chr15	45586379	45587378	BLOC1S6	8549	promoter
chr15	45634029	45635028	SQOR	20390	promoter
chr15	47716505	47717504	SEMA6D	16770	promoter
chr15	48119990	48120989	SLC24A5	20611	promoter
chr15	48190665	48191664	CTXN2	31109	promoter
chr15	48178296	48179295	MYEF2	17940	promoter
chr15	48205302	48206301	SLC12A1	10910	promoter
chr15	48330429	48331428	DUT	3078	promoter
chr15	48645710	48646709	FBN1	3603	promoter
chr15	48811070	48812069	CEP152	29298	promoter
chr15	48877134	48878133	EID1	1191	promoter
chr15	48963920	48964919	SHC4	16743	promoter
chr15	49046447	49047446	SECISBP2L	28997	promoter
chr15	49169247	49170246	GALK2	4119	promoter
chr15	49155600	49156599	COPS2	30747	promoter
chr15	49422242	49423241	FGF7	3685	promoter
chr15	49620819	49621818	FAM227B	26543	promoter
chr15	49620048	49621047	DTWD1	30926	promoter
chr15	50181196	50182195	SLC27A2	10996	promoter
chr15	50119234	50120233	ATP8B4	13536	promoter
chr15	50265727	50266726	HDC	4855	promoter
chr15	50355199	50356198	GABPB1	4074	promoter
chr15	50423405	50424404	USP8	12631	promoter
chr15	50546667	50547666	USP50	20079	promoter
chr15	50686798	50687797	TRPM7	17994	promoter
chr15	50765707	50766706	SPPL2A	30227	promoter
chr15	50907683	50908682	AP4E1	573	promoter
chr15	51094907	51095906	TNFAIP8L3	20620	promoter
chr15	51338597	51339596	CYP19A1	2594	promoter
chr15	51340655	51341654	GLDN	29514	promoter
chr15	51622772	51623771	DMXL2	2938	promoter
chr15	51680503	51681502	SCG3	13707	promoter
chr15	51737656	51738655	LYSMD2	28571	promoter
chr15	51750597	51751596	TMOD2	11872	promoter
chr15	51828653	51829652	TMOD3	11873	promoter
chr15	52018219	52019218	MAPK6	6879	promoter
chr15	51971779	51972778	LEO1	30401	promoter
chr15	52112776	52113775	BCL2L10	993	promoter
chr15	52191393	52192392	GNB5	4401	promoter
chr15	52295805	52296804	MYO5C	7604	promoter
chr15	52528881	52529880	MYO5A	7602	promoter
chr15	52569031	52570030	ARPP19	16967	promoter
chr15	52679389	52680388	ATOSA	25609	promoter
chr15	52790337	52791336	ONECUT1	8138	promoter
chr15	53759664	53760663	WDR72	26790	promoter
chr15	53977441	53978440	UNC13C	23149	promoter
chr15	55196942	55197941	RSL24D1	18479	promoter
chr15	55318222	55319221	PIGB	8959	promoter
chr15	55289814	55290813	RAB27A	9766	promoter
chr15	55319124	55320123	PIGBOS1	50696	promoter
chr15	55407495	55408494	PIERCE2	44654	promoter
chr15	55408360	55409359	CCPG1	24227	promoter
chr15	55508235	55509234	DNAAF4	21493	promoter
chr15	55588346	55589345	PYGO1	30256	promoter
chr15	55743153	55744152	PRTG	26373	promoter
chr15	55993613	55994612	NEDD4	7727	promoter
chr15	56364426	56365425	TEX9	29585	promoter
chr15	56243880	56244879	RFX7	25777	promoter
chr15	56465138	56466137	MNS1	29636	promoter
chr15	56733510	56734509	ZNF280D	25953	promoter
chr15	56917644	56918643	TCF12	11623	promoter
chr15	57375505	57376504	CGNL1	25931	promoter
chr15	57590904	57591903	MYZAP	43444	promoter
chr15	57705714	57706713	POLR2M	14862	promoter
chr15	58137381	58138380	AQP9	643	promoter
chr15	58430991	58431990	LIPC	6619	promoter
chr15	58065712	58066711	ALDH1A2	15472	promoter
chr15	58749708	58750707	ADAM10	188	promoter
chr15	58770302	58771301	MINDY2	26954	promoter
chr15	58986663	58987662	RNF111	17384	promoter
chr15	58933680	58934679	SLTM	20709	promoter
chr15	59104146	59105145	CCNB2	1580	promoter
chr15	59205843	59206842	LDHAL6B	21481	promoter
chr15	59437186	59438185	FAM81A	28379	promoter
chr15	59372872	59373871	MYO1E	7599	promoter
chr15	59610783	59611782	GCNT3	4205	promoter
chr15	59657516	59658515	GTF2A2	4647	promoter
chr15	59689321	59690320	BNIP2	1083	promoter
chr15	60003311	60004310	FOXB1	3799	promoter
chr15	60397987	60398986	ANXA2	537	promoter
chr15	60479143	60480142	ICE2	29885	promoter
chr15	61229303	61230302	RORA	10258	promoter
chr15	62060448	62061447	VPS13C	23594	promoter
chr15	62065977	62066976	C2CD4A	33627	promoter
chr15	62165286	62166285	C2CD4B	33628	promoter
chr15	62389550	62390549	TLN2	15447	promoter
chr15	63041747	63042746	TPM1	12010	promoter
chr15	63120861	63121860	LACTB	16468	promoter
chr15	63157478	63158477	RPS27L	18476	promoter
chr15	63188606	63189605	RAB8B	30273	promoter
chr15	63276605	63277604	APH1B	24080	promoter
chr15	63381847	63382846	CA12	1371	promoter
chr15	63503593	63504592	USP3	12626	promoter
chr15	63596387	63597386	FBXL22	27537	promoter
chr15	63833949	63834948	HERC1	4867	promoter
chr15	64046486	64047485	DAPK2	2675	promoter
chr15	64094982	64095981	SNX1	11172	promoter
chr15	64093839	64094838	CIAO2A	26235	promoter
chr15	64150731	64151730	SNX22	16315	promoter
chr15	64163023	64164022	PPIB	9255	promoter
chr15	64356174	64357173	CSNK1G1	2454	promoter
chr15	64381442	64382441	PCLAF	28961	promoter
chr15	64386836	64387835	TRIP4	12310	promoter
chr15	64459578	64460577	ZNF609	29003	promoter
chr15	64703282	64704281	OAZ2	8096	promoter
chr15	64775590	64776589	RBPMS2	19098	promoter
chr15	64825648	64826647	PIF1	26220	promoter
chr15	64840915	64841914	PLEKHO2	30026	promoter
chr15	64910902	64911901	ANKDD1A	28002	promoter
chr15	64989915	64990914	SPG21	20373	promoter
chr15	65029640	65030639	MTFMT	29666	promoter
chr15	65044387	65045386	SLC51B	29956	promoter
chr15	65067992	65068991	RASL12	30289	promoter
chr15	65075746	65076745	KBTBD13	37227	promoter
chr15	65115201	65116200	UBAP1L	40028	promoter
chr15	65133809	65134808	PDCD7	8767	promoter
chr15	65185343	65186342	CLPX	2088	promoter
chr15	65211474	65212473	CILP	1980	promoter
chr15	65286884	65287883	PARP16	26040	promoter
chr15	65378003	65379002	IGDCC3	9700	promoter
chr15	65422948	65423947	IGDCC4	13770	promoter
chr15	65517690	65518689	DPP8	16490	promoter
chr15	65529463	65530462	HACD3	24175	promoter
chr15	65611132	65612131	INTS14	25372	promoter
chr15	65620938	65621937	SLC24A1	10975	promoter
chr15	65868491	65869490	RAB11A	9760	promoter
chr15	65792294	65793293	DENND4A	24321	promoter
chr15	66253751	66254750	MEGF11	29635	promoter
chr15	66292568	66293567	DIS3L	28698	promoter
chr15	66356686	66357685	TIPIN	30750	promoter
chr15	66385912	66386911	MAP2K1	6840	promoter
chr15	66497763	66498762	SNAPC5	15484	promoter
chr15	66504326	66505325	ZWILCH	25468	promoter
chr15	66504856	66505855	RPL4	10353	promoter
chr15	66565999	66566998	LCTL	15583	promoter
chr15	66701236	66702235	SMAD6	6772	promoter
chr15	67064602	67065601	SMAD3	6769	promoter
chr15	67253786	67254785	IQCH	25721	promoter
chr15	67254662	67255661	AAGAB	25662	promoter
chr15	67520131	67521130	C15orf61	34453	promoter
chr15	67541703	67542702	MAP2K5	6845	promoter
chr15	67824509	67825508	SKOR1	21326	promoter
chr15	68053315	68054314	PIAS1	2752	promoter
chr15	68205333	68206332	CALML4	18445	promoter
chr15	68229729	68230728	CLN6	2077	promoter
chr15	68276745	68277744	FEM1B	3649	promoter
chr15	68432164	68433163	ITGA11	6136	promoter
chr15	68577993	68578992	CORO2B	2256	promoter
chr15	68929525	68930524	SPESP1	15570	promoter
chr15	68820896	68821895	ANP32A	13233	promoter
chr15	69013695	69014694	NOX5	14874	promoter
chr15	69159635	69160634	GLCE	17855	promoter
chr15	69297912	69298911	PAQR5	29645	promoter
chr15	69413349	69414348	KIF23	6392	promoter
chr15	69451818	69452817	RPLP1	10372	promoter
chr15	70097918	70098917	TLE3	11839	promoter
chr15	70763559	70764558	UACA	15947	promoter
chr15	70891826	70892825	LRRC49	25965	promoter
chr15	70854158	70855157	LARP6	24012	promoter
chr15	70892434	70893433	THAP10	23193	promoter
chr15	71114471	71115470	THSD4	25835	promoter
chr15	71809554	71810553	NR2E3	7974	promoter
chr15	72117403	72118402	SENP8	22992	promoter
chr15	72118151	72119150	MYO9A	7608	promoter
chr15	72197788	72198787	GRAMD2A	27287	promoter
chr15	72231191	72232190	PKM	9021	promoter
chr15	72272555	72273554	PARP6	26921	promoter
chr15	72320158	72321157	CELF6	14059	promoter
chr15	72376015	72377014	HEXA	4878	promoter
chr15	72397305	72398304	TMEM202	33733	promoter
chr15	72473330	72474329	ARIH1	689	promoter
chr15	72653697	72654696	GOLGA6B	32205	promoter
chr15	72686183	72687182	HIGD2B	26984	promoter
chr15	72685207	72686206	BBS4	969	promoter
chr15	72783759	72784758	ADPGK	25250	promoter
chr15	73051463	73052462	NEO1	7754	promoter
chr15	73368959	73369958	HCN4	16882	promoter
chr15	73442164	73443163	REC114	25065	promoter
chr15	73633390	73634389	NPTN	17867	promoter
chr15	73683383	73684382	CD276	19137	promoter
chr15	73753352	73754351	INSYN1	33753	promoter
chr15	73872564	73873563	TBC1D21	28536	promoter
chr15	73925462	73926461	LOXL1	6665	promoter
chr15	73992296	73993295	STOML1	14560	promoter
chr15	73993716	73994715	PML	9113	promoter
chr15	74082551	74083550	GOLGA6A	13567	promoter
chr15	74129586	74130585	ISLR2	29286	promoter
chr15	74172710	74173709	ISLR	6133	promoter
chr15	74235326	74236325	CCDC33	26552	promoter
chr15	74202788	74203787	STRA6	30650	promoter
chr15	74367647	74368646	CYP11A1	2590	promoter
chr15	74433959	74434958	SEMA7A	10741	promoter
chr15	74461161	74462160	UBL7	28221	promoter
chr15	74540220	74541219	ARID3B	14350	promoter
chr15	74614836	74615835	CLK3	2071	promoter
chr15	74696025	74697024	EDC3	26114	promoter
chr15	74725529	74726528	CYP1A1	2595	promoter
chr15	74747845	74748844	CYP1A2	2596	promoter
chr15	74781080	74782079	CSK	2444	promoter
chr15	74811835	74812834	LMAN1L	6632	promoter
chr15	74825627	74826626	CPLX3	27652	promoter
chr15	74843157	74844156	ULK3	19703	promoter
chr15	74873366	74874365	SCAMP2	10564	promoter
chr15	74889042	74890041	MPI	7216	promoter
chr15	74906852	74907851	FAM219B	24695	promoter
chr15	74938074	74939073	COX5A	2267	promoter
chr15	74956773	74957772	RPP25	30361	promoter
chr15	74994563	74995562	SCAMP5	30386	promoter
chr15	75022590	75023589	PPCDC	28107	promoter
chr15	75200882	75201881	C15orf39	24497	promoter
chr15	75257334	75258333	GOLGA6C	32206	promoter
chr15	75281835	75282834	GOLGA6D	32204	promoter
chr15	75335063	75336062	COMMD4	26027	promoter
chr15	75346039	75347038	NEIL1	18448	promoter
chr15	75368608	75369607	MAN2C1	6827	promoter
chr15	75451691	75452690	SIN3A	19353	promoter
chr15	75579316	75580315	PTPN9	9661	promoter
chr15	75625726	75626725	SNUPN	14245	promoter
chr15	75646912	75647911	SNX33	28468	promoter
chr15	75640225	75641224	IMP3	14497	promoter
chr15	75712849	75713848	CSPG4	2466	promoter
chr15	75723041	75724040	CIMAP1C	28735	promoter
chr15	75842447	75843446	UBE2Q2	19248	promoter
chr15	75902878	75903877	FBXO22	13593	promoter
chr15	76012425	76013424	NRG4	29862	promoter
chr15	76058985	76059984	TMEM266	26763	promoter
chr15	76311470	76312469	ETFA	3481	promoter
chr15	76335773	76336772	ISL2	18524	promoter
chr15	76905341	76906340	SCAPER	13081	promoter
chr15	76930749	76931748	RCN2	9935	promoter
chr15	76994126	76995125	PSTPIP1	9580	promoter
chr15	77071110	77072109	TSPAN3	17752	promoter
chr15	77420105	77421104	PEAK1	29431	promoter
chr15	77419888	77420887	HMG20A	5001	promoter
chr15	77632913	77633912	LINGO1	21205	promoter
chr15	78077712	78078711	TBC1D2B	29183	promoter
chr15	78091561	78092560	SH2D7	34549	promoter
chr15	78148362	78149361	IDH3A	5384	promoter
chr15	78131446	78132445	CIB2	24579	promoter
chr15	78234566	78235565	ACSBG1	29567	promoter
chr15	78263562	78264561	DNAJA4	14885	promoter
chr15	78299610	78300609	SKIC8	30300	promoter
chr15	78339353	78340352	CRABP1	2338	promoter
chr15	78437216	78438215	IREB2	6115	promoter
chr15	78506577	78507576	HYKK	34403	promoter
chr15	78539444	78540443	PSMA4	9533	promoter
chr15	78564520	78565519	CHRNA5	1959	promoter
chr15	78620997	78621996	CHRNA3	1957	promoter
chr15	78641211	78642210	CHRNB4	1964	promoter
chr15	78871890	78872889	MORF4L1	16989	promoter
chr15	78811465	78812464	ADAMTS7	223	promoter
chr15	78945047	78946046	CTSH	2535	promoter
chr15	79090781	79091780	RASGRF1	9875	promoter
chr15	79281722	79282721	ANKRD34C	33888	promoter
chr15	79310112	79311111	TMED3	28889	promoter
chr15	79431336	79432335	MINAR1	29172	promoter
chr15	79897015	79898014	MTHFS	7437	promoter
chr15	79971197	79972196	BCL2A1	991	promoter
chr15	80058676	80059675	ZFAND6	30164	promoter
chr15	80151999	80152998	FAH	3579	promoter
chr15	80252214	80253213	CTXND1	50507	promoter
chr15	80403382	80404381	ARNT2	16876	promoter
chr15	80694310	80695309	ABHD17C	26925	promoter
chr15	80778370	80779369	CEMIP	29213	promoter
chr15	80989820	80990819	MESD	13520	promoter
chr15	80999923	81000922	TLNRD1	13519	promoter
chr15	81133270	81134269	CFAP161	26782	promoter
chr15	81195879	81196878	IL16	5980	promoter
chr15	81324142	81325141	STARD5	18065	promoter
chr15	81374214	81375213	TMC3	22995	promoter
chr15	82046019	82047018	MEX3B	25297	promoter
chr15	82262735	82263734	EFL1	25789	promoter
chr15	82261818	82262817	SAXO2	33727	promoter
chr15	82349476	82350475	GOLGA6L10	37228	promoter
chr15	82428816	82429815	GOLGA6L9	37229	promoter
chr15	82540458	82541457	RPS17	10397	promoter
chr15	82647364	82648363	CPEB1	21744	promoter
chr15	82709876	82710875	AP3B2	567	promoter
chr15	82806070	82807069	FSD2	18024	promoter
chr15	82808628	82809627	WHAMM	30493	promoter
chr15	82952721	82953720	HOMER2	17513	promoter
chr15	82985210	82986209	RAMAC	31022	promoter
chr15	83011640	83012639	C15orf40	28443	promoter
chr15	83067253	83068252	BTBD1	1120	promoter
chr15	83106645	83107644	TM6SF1	11860	promoter
chr15	83207824	83208823	HDGFL3	24937	promoter
chr15	83284665	83285664	BNC1	1081	promoter
chr15	83446341	83447340	SH3GL3	10832	promoter
chr15	83653123	83654122	ADAMTSL3	14633	promoter
chr15	84234773	84235772	GOLGA6L4	27256	promoter
chr15	84600009	84601008	ZSCAN2	20994	promoter
chr15	84654284	84655283	WDR73	25928	promoter
chr15	84658200	84659199	NMB	7842	promoter
chr15	84716140	84717139	SEC11A	17718	promoter
chr15	84747592	84748591	ZNF592	28986	promoter
chr15	84816356	84817355	ALPK3	17574	promoter
chr15	84883662	84884661	SLC28A1	11001	promoter
chr15	84980856	84981855	PDE8A	8793	promoter
chr15	85379603	85380602	AKAP13	371	promoter
chr15	85794926	85795925	KLHL25	25732	promoter
chr15	86078871	86079870	AGBL1	26504	promoter
chr15	88256740	88257739	NTRK3	8033	promoter
chr15	88467389	88468388	MRPL46	1192	promoter
chr15	88466708	88467707	MRPS11	14050	promoter
chr15	88546682	88547681	DET1	25477	promoter
chr15	88620340	88621339	AEN	25722	promoter
chr15	88638016	88639015	ISG20	6130	promoter
chr15	88802436	88803435	ACAN	319	promoter
chr15	88895545	88896544	HAPLN3	21446	promoter
chr15	88913380	88914379	MFGE8	7036	promoter
chr15	89087456	89088455	ABHD2	18717	promoter
chr15	89221580	89222579	RLBP1	10024	promoter
chr15	89242979	89243978	FANCI	25568	promoter
chr15	89333810	89334809	POLGARF	56246	promoter
chr15	89334825	89335824	POLG	9179	promoter
chr15	89496584	89497583	RHCG	18140	promoter
chr15	89574469	89575468	TICRR	28704	promoter
chr15	89655468	89656467	KIF7	30497	promoter
chr15	89679368	89680367	PLIN1	9076	promoter
chr15	89690755	89691754	PEX11A	8852	promoter
chr15	89689811	89690810	WDR93	26924	promoter
chr15	89751250	89752249	MESP1	29658	promoter
chr15	89775332	89776331	MESP2	29659	promoter
chr15	89814853	89815852	ANPEP	500	promoter
chr15	89893995	89894994	AP3S2	571	promoter
chr15	89912953	89913952	ARPIN	28782	promoter
chr15	90000324	90001323	ZNF710	25352	promoter
chr15	90102469	90103468	IDH2	5383	promoter
chr15	90200330	90201329	SEMA4B	10730	promoter
chr15	90233209	90234208	GDPGP1	34360	promoter
chr15	90233942	90234941	CIB1	16920	promoter
chr15	90248556	90249555	TTLL13	32484	promoter
chr15	90264672	90265671	NGRN	18077	promoter
chr15	90351284	90352283	ZNF774	33108	promoter
chr15	90387242	90388241	IQGAP1	6110	promoter
chr15	90528923	90529922	CRTC3	26148	promoter
chr15	90716346	90717345	BLM	1058	promoter
chr15	90867588	90868587	FURIN	8568	promoter
chr15	90883504	90884503	FES	3657	promoter
chr15	90902302	90903301	MAN2A2	6825	promoter
chr15	90934285	90935284	UNC45A	30594	promoter
chr15	90932550	90933549	HDDC3	30522	promoter
chr15	90953884	90954883	RCCD1	30457	promoter
chr15	90994536	90995535	PRC1	9341	promoter
chr15	91022595	91023594	VPS33B	12712	promoter
chr15	91099257	91100256	SV2B	16874	promoter
chr15	91852708	91853707	SLCO3A1	10952	promoter
chr15	92392881	92393880	ST8SIA2	10870	promoter
chr15	92655776	92656775	FAM174B	34339	promoter
chr15	92899324	92900323	CHD2	1917	promoter
chr15	93089212	93090211	RGMA	30308	promoter
chr15	94230561	94231560	MCTP2	25636	promoter
chr15	96329700	96330699	NR2F2	7976	promoter
chr15	97959703	97960702	ARRDC4	28087	promoter
chr15	98647539	98648538	IGF1R	5465	promoter
chr15	99007793	99008792	PGPEP1L	27080	promoter
chr15	99104080	99105079	SYNM	24466	promoter
chr15	99249582	99250581	TTC23	25730	promoter
chr15	99250481	99251480	LRRC28	28355	promoter
chr15	99564984	99565983	MEF2A	6993	promoter
chr15	99733438	99734437	LYSMD4	26571	promoter
chr15	100341976	100342975	ADAMTS17	17109	promoter
chr15	100528951	100529950	CERS3	23752	promoter
chr15	100601589	100602588	ASB7	17182	promoter
chr15	100602185	100603184	LINS1	30922	promoter
chr15	100878831	100879830	ALDH1A3	409	promoter
chr15	100918357	100919356	LRRK1	18608	promoter
chr15	101252049	101253048	CHSY1	17198	promoter
chr15	101277486	101278485	SELENOS	30396	promoter
chr15	101295249	101296248	SNRPA1	11152	promoter
chr15	101489708	101490707	PCSK6	8569	promoter
chr15	101652382	101653381	TM2D3	24128	promoter
chr15	101724474	101725473	TARS3	24728	promoter
chr15	101802509	101803508	OR4F6	15372	promoter
chr15	101811202	101812201	OR4F15	15078	promoter
chr15	101923114	101924113	OR4F4	8301	promoter
chr16	53609	54608	POLR3K	14121	promoter
chr16	52828	53827	SNRNP25	14161	promoter
chr16	72632	73631	RHBDF1	20561	promoter
chr16	77225	78224	MPG	7211	promoter
chr16	138674	139673	NPRL3	14124	promoter
chr16	151644	152643	HBZ	4835	promoter
chr16	164978	165977	HBM	4826	promoter
chr16	171876	172875	HBA2	4824	promoter
chr16	175680	176679	HBA1	4823	promoter
chr16	179459	180458	HBQ1	4833	promoter
chr16	229450	230449	LUC7L	6723	promoter
chr16	233821	234820	FAM234A	14163	promoter
chr16	275945	276944	RGS11	9993	promoter
chr16	279591	280590	ARHGDIG	680	promoter
chr16	282164	283163	PDIA2	14180	promoter
chr16	352724	353723	AXIN1	903	promoter
chr16	370539	371538	MRPL28	14484	promoter
chr16	381979	382978	PGAP6	17205	promoter
chr16	396199	397198	NME4	7852	promoter
chr16	400885	401884	DECR2	2754	promoter
chr16	424649	425648	RAB11FIP3	17224	promoter
chr16	526712	527711	CAPN15	11182	promoter
chr16	559394	560393	PRR35	14139	promoter
chr16	568968	569967	PIGQ	14135	promoter
chr16	566005	567004	NHLRC4	26700	promoter
chr16	589066	590065	RAB40C	18285	promoter
chr16	629985	630984	WFIKKN1	30912	promoter
chr16	636306	637305	METTL26	14141	promoter
chr16	640828	641827	MCRIP2	14142	promoter
chr16	648365	649364	WDR90	26960	promoter
chr16	667132	668131	RHOT2	21169	promoter
chr16	674671	675670	RHBDL1	10007	promoter
chr16	679410	680409	STUB1	11427	promoter
chr16	684335	685334	JMJD8	14148	promoter
chr16	690399	691398	WDR24	20852	promoter
chr16	705802	706801	FBXL16	14150	promoter
chr16	714118	715117	METRN	14151	promoter
chr16	720146	721145	ANTKMT	14152	promoter
chr16	726106	727105	HAGHL	14177	promoter
chr16	726444	727443	CCDC78	14153	promoter
chr16	740998	741997	CIAO3	14179	promoter
chr16	759734	760733	MSLN	7371	promoter
chr16	782055	783054	MSLNL	14170	promoter
chr16	787620	788619	CHTF18	18435	promoter
chr16	788382	789381	RPUSD1	14173	promoter
chr16	800735	801734	GNG13	14131	promoter
chr16	970985	971984	LMF1	14154	promoter
chr16	980770	981769	SOX8	11203	promoter
chr16	1071747	1072746	SSTR5	11334	promoter
chr16	1096245	1097244	C1QTNF8	31374	promoter
chr16	1152106	1153105	CACNA1H	1395	promoter
chr16	1225269	1226268	TPSG1	14134	promoter
chr16	1230185	1231184	TPSB2	14120	promoter
chr16	1239705	1240704	TPSAB1	12019	promoter
chr16	1255069	1256068	TPSD1	14118	promoter
chr16	1308636	1309635	UBE2I	12485	promoter
chr16	1332645	1333644	BAIAP3	948	promoter
chr16	1351879	1352878	TSR3	14175	promoter
chr16	1350931	1351930	GNPTG	23026	promoter
chr16	1414705	1415704	UNKL	14184	promoter
chr16	1420748	1421747	UQCC4	27558	promoter
chr16	1430078	1431077	PERCC1	52293	promoter
chr16	1444557	1445556	CCDC154	34454	promoter
chr16	1475029	1476028	CLCN7	2025	promoter
chr16	1488945	1489944	PTX4	14171	promoter
chr16	1492360	1493359	TELO2	29099	promoter
chr16	1532666	1533665	TMEM204	14158	promoter
chr16	1612073	1613072	IFT140	29077	promoter
chr16	1611360	1612359	CRAMP1	14122	promoter
chr16	1677279	1678278	JPT2	14137	promoter
chr16	1705195	1706194	MAPK8IP3	6884	promoter
chr16	1771544	1772543	NME3	7851	promoter
chr16	1771810	1772809	EME2	27289	promoter
chr16	1773135	1774134	MRPS34	16618	promoter
chr16	1781960	1782959	NUBP2	8042	promoter
chr16	1782572	1783571	SPSB3	30629	promoter
chr16	1793706	1794705	IGFALS	5468	promoter
chr16	1826206	1827205	FAHD1	14169	promoter
chr16	1826826	1827825	HAGH	4805	promoter
chr16	1872165	1873164	MEIOB	28569	promoter
chr16	1918416	1919415	HS3ST6	14178	promoter
chr16	1943200	1944199	MSRB1	14133	promoter
chr16	1954690	1955689	RPL3L	10351	promoter
chr16	1958538	1959537	NDUFB10	7696	promoter
chr16	1964827	1965826	RPS2	10404	promoter
chr16	1965856	1966855	RNF151	23235	promoter
chr16	1971053	1972052	TBL3	11587	promoter
chr16	1981470	1982469	NOXO1	19404	promoter
chr16	1983193	1984192	GFER	4236	promoter
chr16	1988970	1989969	SYNGR3	11501	promoter
chr16	2009822	2010821	ZNF598	28079	promoter
chr16	2018785	2019784	NPW	30509	promoter
chr16	2025902	2026901	NHERF2	11076	promoter
chr16	2047835	2048834	NTHL1	8028	promoter
chr16	2046985	2047984	TSC2	12363	promoter
chr16	2135899	2136898	PKD1	9008	promoter
chr16	2147625	2148624	RAB26	14259	promoter
chr16	2154782	2155781	TRAF7	20456	promoter
chr16	2196606	2197605	CASKIN1	20879	promoter
chr16	2204454	2205453	MLST8	24825	promoter
chr16	2210864	2211863	BRICD5	28309	promoter
chr16	2214841	2215840	PGP	8909	promoter
chr16	2222591	2223590	E4F1	3121	promoter
chr16	2235444	2236443	DNASE1L2	2958	promoter
chr16	2251588	2252587	ECI1	2703	promoter
chr16	2268127	2269126	RNPS1	10080	promoter
chr16	2340729	2341728	ABCA3	33	promoter
chr16	2428447	2429446	CCNF	1591	promoter
chr16	2459109	2460108	TEDC2	25849	promoter
chr16	2470297	2471296	NTN3	8030	promoter
chr16	2474127	2475126	TBC1D24	29203	promoter
chr16	2512952	2513951	ATP6V0C	855	promoter
chr16	2519371	2520370	AMDHD2	24262	promoter
chr16	2531409	2532408	CEMP1	32553	promoter
chr16	2537021	2538020	PDPK1	8816	promoter
chr16	2681523	2682522	KCTD5	21423	promoter
chr16	2720225	2721224	PRSS27	15475	promoter
chr16	2751638	2752637	SRRM2	16639	promoter
chr16	2777281	2778280	ELOB	11619	promoter
chr16	2787561	2788560	PRSS33	30405	promoter
chr16	2797470	2798469	PRSS41	30715	promoter
chr16	2816237	2817236	PRSS21	9485	promoter
chr16	2829303	2830302	ZG16B	30456	promoter
chr16	2858171	2859170	PRSS22	14368	promoter
chr16	2882215	2883214	FLYWCH2	25178	promoter
chr16	2910931	2911930	FLYWCH1	25404	promoter
chr16	2963275	2964274	KREMEN2	18797	promoter
chr16	2968348	2969347	PAQR4	26386	promoter
chr16	2980447	2981446	PKMYT1	29650	promoter
chr16	2987262	2988261	GREP1	27549	promoter
chr16	3011923	3012922	CLDN9	2051	promoter
chr16	3019368	3020367	TNFRSF12A	18152	promoter
chr16	3018184	3019183	CLDN6	2048	promoter
chr16	3023035	3024034	THOC6	28369	promoter
chr16	3023943	3024942	HCFC1R1	21198	promoter
chr16	3036945	3037944	BICDL2	33584	promoter
chr16	3045561	3046560	MMP25	14246	promoter
chr16	3064640	3065639	IL32	16830	promoter
chr16	3099295	3100294	ZSCAN10	12997	promoter
chr16	3111586	3112585	ZNF205	12996	promoter
chr16	3134029	3135028	ZNF213	13005	promoter
chr16	3187204	3188203	OR1F1	8194	promoter
chr16	3235159	3236158	ZNF200	12993	promoter
chr16	3256634	3257633	MEFV	6998	promoter
chr16	3282491	3283490	ZNF263	13056	promoter
chr16	3304497	3305496	ZNF75A	13146	promoter
chr16	3305431	3306430	TIGD7	18331	promoter
chr16	3354889	3355888	OR2C1	8242	promoter
chr16	3401005	3402004	ZSCAN32	20812	promoter
chr16	3400215	3401214	ZNF174	12963	promoter
chr16	3443505	3444504	ZNF597	26573	promoter
chr16	3442680	3443679	NAA60	25875	promoter
chr16	3495490	3496489	C16orf90	34455	promoter
chr16	3500004	3501003	CLUAP1	19009	promoter
chr16	3577404	3578403	NLRC3	29889	promoter
chr16	3611607	3612606	SLX4	23845	promoter
chr16	3653691	3654690	DNASE1	2956	promoter
chr16	3717525	3718524	TRAP1	16264	promoter
chr16	3880714	3881713	CREBBP	2348	promoter
chr16	4116443	4117442	ADCY9	240	promoter
chr16	4242081	4243080	SRL	11295	promoter
chr16	4273024	4274023	TFAP4	11745	promoter
chr16	4315067	4316066	GLIS2	29450	promoter
chr16	4351322	4352321	PAM16	29679	promoter
chr16	4370848	4371847	VASN	18517	promoter
chr16	4416597	4417596	CORO7	26161	promoter
chr16	4424868	4425867	DNAJA3	11808	promoter
chr16	4475398	4476397	HMOX2	5014	promoter
chr16	4474626	4475625	NMRAL1	24987	promoter
chr16	4538774	4539773	CDIP1	13234	promoter
chr16	4555340	4556339	C16orf96	40031	promoter
chr16	4614889	4615888	UBALD1	29576	promoter
chr16	4623826	4624825	MGRN1	20254	promoter
chr16	4692562	4693561	NUDT16L1	28154	promoter
chr16	4733537	4734536	DNAAF8	25081	promoter
chr16	4734272	4735271	ANKS3	29422	promoter
chr16	4767163	4768162	ZNF500	23716	promoter
chr16	4794369	4795368	SMIM22	48329	promoter
chr16	4788346	4789345	SEPTIN12	26348	promoter
chr16	4802634	4803633	ROGDI	29478	promoter
chr16	4846481	4847480	UBN1	12506	promoter
chr16	4847289	4848288	GLYR1	24434	promoter
chr16	4957330	4958329	SEC14L5	29032	promoter
chr16	4937149	4938148	PPL	9273	promoter
chr16	5070843	5071842	ALG1	18294	promoter
chr16	5033936	5034935	NAGPA	17378	promoter
chr16	5065957	5066956	C16orf89	28687	promoter
chr16	5097796	5098795	EEF2KMT	32221	promoter
chr16	6018024	6019023	RBFOX1	18222	promoter
chr16	8590512	8591511	TMEM114	33227	promoter
chr16	8620698	8621697	METTL22	28368	promoter
chr16	8673617	8674616	ABAT	23	promoter
chr16	8796839	8797838	PMM2	9115	promoter
chr16	8797640	8798639	TMEM186	24530	promoter
chr16	8869007	8870006	CARHSP1	17150	promoter
chr16	8881351	8882350	LITAFD	53927	promoter
chr16	8963907	8964906	USP7	12630	promoter
chr16	9090644	9091643	HAPSTR1	30103	promoter
chr16	10182429	10183428	GRIN2A	4585	promoter
chr16	10385061	10386060	ATF7IP2	20397	promoter
chr16	10580599	10581598	EMP2	3334	promoter
chr16	10694931	10695930	TEKT5	26554	promoter
chr16	10742842	10743841	NUBP1	8041	promoter
chr16	10818795	10819794	TVP23A	20398	promoter
chr16	10876202	10877201	CIITA	7067	promoter
chr16	10942469	10943468	DEXI	13267	promoter
chr16	10943564	10944563	CLEC16A	29013	promoter
chr16	11344459	11345458	RMI2	28349	promoter
chr16	11256205	11257204	SOCS1	19383	promoter
chr16	11269326	11270325	TNP2	11952	promoter
chr16	11273630	11274629	PRM3	13732	promoter
chr16	11276481	11277480	PRM2	9448	promoter
chr16	11281331	11282330	PRM1	9447	promoter
chr16	11586920	11587919	LITAF	16841	promoter
chr16	11667455	11668454	SNN	11149	promoter
chr16	11742858	11743857	TXNDC11	28030	promoter
chr16	11797259	11798258	ZC3H7A	30959	promoter
chr16	11851543	11852542	RSL1D1	24534	promoter
chr16	11915957	11916956	GSPT1	4621	promoter
chr16	11964210	11965209	TNFRSF17	11913	promoter
chr16	11942046	11943045	NPIPB2	37451	promoter
chr16	11975734	11976733	SNX29	30542	promoter
chr16	12803888	12804887	CPPED1	25632	promoter
chr16	12900598	12901597	SHISA9	37231	promoter
chr16	13919154	13920153	ERCC4	3436	promoter
chr16	14070319	14071318	MRTFB	29819	promoter
chr16	14630261	14631260	PARN	8609	promoter
chr16	14631951	14632950	BFAR	17613	promoter
chr16	14694309	14695308	PLA2G10	9029	promoter
chr16	14702411	14703410	NPIPA3	41978	promoter
chr16	14741533	14742532	NPIPA2	41979	promoter
chr16	14832721	14833720	NOMO1	30060	promoter
chr16	14936443	14937442	NPIPA1	7909	promoter
chr16	14974026	14975025	PDXDC1	28995	promoter
chr16	15056075	15057074	NTAN1	29909	promoter
chr16	15094273	15095272	RRN3	30346	promoter
chr16	15378295	15379294	NPIPA5	41980	promoter
chr16	15394754	15395753	MPV17L	26827	promoter
chr16	15433588	15434587	BMERB1	19213	promoter
chr16	15643155	15644154	MARF1	29562	promoter
chr16	15649245	15650244	NDE1	17619	promoter
chr16	15857029	15858028	MYH11	7569	promoter
chr16	15888604	15889603	CEP20	26435	promoter
chr16	15948616	15949615	ABCC1	51	promoter
chr16	16223495	16224494	ABCC6	57	promoter
chr16	16231528	16232527	NOMO3	25242	promoter
chr16	16330877	16331876	NPIPA6	27893	promoter
chr16	16378140	16379139	NPIPA7	41982	promoter
chr16	17470961	17471960	XYLT1	15516	promoter
chr16	18336737	18337736	NPIPA8	41983	promoter
chr16	18376840	18377839	NPIPA9	41984	promoter
chr16	18562098	18563097	NOMO2	22652	promoter
chr16	18790335	18791334	RPS15A	10389	promoter
chr16	18801550	18802549	ARL6IP1	697	promoter
chr16	18926409	18927408	SMG1	30045	promoter
chr16	18982934	18983933	TMC7	23000	promoter
chr16	19066614	19067613	COQ7	2244	promoter
chr16	19112964	19113963	ITPRIPL2	27257	promoter
chr16	19167240	19168239	SYT17	24119	promoter
chr16	19284731	19285730	CLEC19A	34522	promoter
chr16	19416883	19417882	TMC5	22999	promoter
chr16	19522099	19523098	GDE1	29644	promoter
chr16	19522942	19523941	CCP110	24342	promoter
chr16	19554703	19555702	VPS35L	24641	promoter
chr16	19717271	19718270	IQCK	28556	promoter
chr16	19718228	19719227	KNOP1	34404	promoter
chr16	19884849	19885848	GPRC5B	13308	promoter
chr16	20073891	20074890	GPR139	19995	promoter
chr16	20327514	20328513	GP2	4441	promoter
chr16	20352716	20353715	UMOD	12559	promoter
chr16	20404738	20405737	PDILT	27338	promoter
chr16	20408534	20409533	ACSM5	26060	promoter
chr16	20450521	20451520	ACSM2A	32017	promoter
chr16	20576368	20577367	ACSM2B	30931	promoter
chr16	20763014	20764013	ACSM3	10522	promoter
chr16	20697681	20698680	ACSM1	18049	promoter
chr16	20741819	20742818	THUMPD1	23807	promoter
chr16	20805527	20806526	REXO5	24661	promoter
chr16	20899771	20900770	LYRM1	25074	promoter
chr16	20806473	20807472	ERI2	30541	promoter
chr16	20900359	20901358	DCUN1D3	28734	promoter
chr16	21157674	21158673	LDAF1	30136	promoter
chr16	21150847	21151846	DNAH3	2949	promoter
chr16	21211575	21212574	ZP2	13188	promoter
chr16	21232699	21233698	ANKS4B	26795	promoter
chr16	21278291	21279290	CRYM	2418	promoter
chr16	21405320	21406319	NPIPB3	28989	promoter
chr16	21598577	21599576	METTL9	24586	promoter
chr16	21652609	21653608	IGSF6	5953	promoter
chr16	21662968	21663967	OTOA	16378	promoter
chr16	21857757	21858756	NPIPB4	41985	promoter
chr16	21952361	21953360	UQCRC2	12586	promoter
chr16	22001117	22002116	PDZD9	28740	promoter
chr16	22007111	22008110	MOSMO	27087	promoter
chr16	22091541	22092540	VWA3A	27088	promoter
chr16	22161506	22162505	SDR42E2	35414	promoter
chr16	22205278	22206277	EEF2K	24615	promoter
chr16	22296409	22297408	POLR3E	30347	promoter
chr16	22374620	22375619	CDR2	1799	promoter
chr16	22509891	22510890	NPIPB5	37233	promoter
chr16	22813162	22814161	HS3ST2	5195	promoter
chr16	23149453	23150452	USP31	20060	promoter
chr16	23181745	23182744	SCNN1G	10602	promoter
chr16	23301302	23302301	SCNN1B	10600	promoter
chr16	23453190	23454189	COG7	18622	promoter
chr16	23510495	23511494	GGA2	16064	promoter
chr16	23556727	23557726	UBFD1	30565	promoter
chr16	23557351	23558350	EARS2	29419	promoter
chr16	23596317	23597316	NDUFAB1	7694	promoter
chr16	23641311	23642310	PALB2	26144	promoter
chr16	23640466	23641465	DCTN5	24594	promoter
chr16	23677889	23678888	PLK1	9077	promoter
chr16	23713223	23714222	ERN2	16942	promoter
chr16	23754026	23755025	CHP2	24927	promoter
chr16	23834983	23835982	PRKCB	9395	promoter
chr16	24255335	24256334	CACNG3	1407	promoter
chr16	24538566	24539565	RBBP6	9889	promoter
chr16	24728651	24729650	TNRC6A	11969	promoter
chr16	24844963	24845962	SLC5A11	23091	promoter
chr16	25015370	25016369	ARHGAP17	18239	promoter
chr16	25110742	25111741	LCMT1	17557	promoter
chr16	25215947	25216946	AQP8	642	promoter
chr16	25257846	25258845	ZKSCAN2	25677	promoter
chr16	25690959	25691958	HS3ST4	5200	promoter
chr16	27065927	27066926	C16orf82	30755	promoter
chr16	27202526	27203525	KDM8	25840	promoter
chr16	27268773	27269772	NSMCE1	29897	promoter
chr16	27312974	27313973	IL4R	6015	promoter
chr16	27401174	27402173	IL21R	6006	promoter
chr16	27549914	27550913	GTF3C1	4664	promoter
chr16	27549144	27550143	KATNIP	29068	promoter
chr16	28063715	28064714	GSG1L	28283	promoter
chr16	28211966	28212965	XPO6	19733	promoter
chr16	28291525	28292524	SBK1	17699	promoter
chr16	28363509	28364508	NPIPB6	37454	promoter
chr16	28403842	28404841	EIF3CL	26347	promoter
chr16	28472337	28473336	NPIPB7	33832	promoter
chr16	28493643	28494642	APOBR	24087	promoter
chr16	28492075	28493074	CLN3	2074	promoter
chr16	28506835	28507834	IL27	19157	promoter
chr16	28538975	28539974	NUPR1	29990	promoter
chr16	28552920	28553919	SGF29	25156	promoter
chr16	28597051	28598050	SULT1A2	11454	promoter
chr16	28610045	28611044	SULT1A1	11453	promoter
chr16	28637065	28638064	NPIPB8	37490	promoter
chr16	28710464	28711463	EIF3C	3279	promoter
chr16	28750787	28751786	NPIPB9	41987	promoter
chr16	28821999	28822998	ATXN2L	31326	promoter
chr16	28846349	28847348	TUFM	12420	promoter
chr16	28862843	28863842	SH2B1	30417	promoter
chr16	28877488	28878487	ATP2A1	811	promoter
chr16	28930971	28931970	CD19	1633	promoter
chr16	28925239	28926238	RABEP2	24817	promoter
chr16	28949937	28950936	NFATC2IP	25906	promoter
chr16	28973778	28974777	SPNS1	30621	promoter
chr16	28984052	28985051	LAT	18874	promoter
chr16	29406712	29407711	NPIPB11	37453	promoter
chr16	29454352	29455351	BOLA2	29488	promoter
chr16	29453533	29454532	SLX1B	28748	promoter
chr16	29458913	29459912	SULT1A4	30004	promoter
chr16	29506409	29507408	NPIPB12	37491	promoter
chr16	29662247	29663246	SPN	11249	promoter
chr16	29678180	29679179	QPRT	9755	promoter
chr16	29745991	29746990	C16orf54	26649	promoter
chr16	29777256	29778255	ZG16	30961	promoter
chr16	29789751	29790750	KIF22	6391	promoter
chr16	29805529	29806528	MAZ	6914	promoter
chr16	29811193	29812192	PRRT2	30500	promoter
chr16	29815152	29816151	PAGR1	28707	promoter
chr16	29819462	29820461	MVP	7531	promoter
chr16	29863227	29864226	CDIPT	1769	promoter
chr16	29899551	29900550	SEZ6L2	30844	promoter
chr16	29899488	29900487	ASPHD1	27380	promoter
chr16	29926227	29927226	KCTD13	22234	promoter
chr16	29961079	29962078	TMEM219	25201	promoter
chr16	29972868	29973867	TAOK2	16835	promoter
chr16	29995241	29996240	INO80E	26905	promoter
chr16	29995618	29996617	HIRIP3	4917	promoter
chr16	30022198	30023197	C16orf92	26346	promoter
chr16	30011028	30012027	DOC2A	2985	promoter
chr16	30031272	30032271	TLCD3B	25295	promoter
chr16	30064760	30065759	ALDOA	414	promoter
chr16	30074994	30075993	PPP4C	9319	promoter
chr16	30091925	30092924	TBX6	11605	promoter
chr16	30096214	30097213	YPEL3	18327	promoter
chr16	30113538	30114537	GDPD3	28638	promoter
chr16	30123221	30124220	MAPK3	6877	promoter
chr16	30182602	30183601	CORO1A	2252	promoter
chr16	30192875	30193874	SLX1A	20922	promoter
chr16	30193667	30194666	BOLA2B	32479	promoter
chr16	30198255	30199254	SULT1A3	11455	promoter
chr16	30248480	30249479	NPIPB13	41989	promoter
chr16	30355309	30356308	CD2BP2	1656	promoter
chr16	30370495	30371494	TBC1D10B	24510	promoter
chr16	30373802	30374801	MYL11	29824	promoter
chr16	30394420	30395419	ZNF48	13114	promoter
chr16	30382562	30383561	SEPTIN1	2879	promoter
chr16	30406606	30407605	ZNF771	29653	promoter
chr16	30430031	30431030	DCTPP1	28777	promoter
chr16	30445875	30446874	SEPHS2	19686	promoter
chr16	30471742	30472741	ITGAL	6148	promoter
chr16	30526567	30527566	ZNF768	26273	promoter
chr16	30534859	30535858	ZNF747	28350	promoter
chr16	30558375	30559374	ZNF764	28200	promoter
chr16	30571715	30572714	ZNF688	30489	promoter
chr16	30585698	30586697	ZNF785	26496	promoter
chr16	30610390	30611389	ZNF689	25173	promoter
chr16	30649960	30650959	PRR14	28458	promoter
chr16	30657431	30658430	FBRS	20442	promoter
chr16	30698171	30699170	SRCAP	16974	promoter
chr16	30739642	30740641	TMEM265	51241	promoter
chr16	30747425	30748424	PHKG2	8931	promoter
chr16	30761322	30762321	RNF40	16867	promoter
chr16	30762063	30763062	CFAP119	28078	promoter
chr16	30787206	30788205	ZNF629	29008	promoter
chr16	30894078	30895077	BCL7C	1006	promoter
chr16	30895614	30896613	CTF1	2499	promoter
chr16	30922572	30923571	FBXL19	25300	promoter
chr16	30948068	30949067	ORAI3	28185	promoter
chr16	30956754	30957753	SETD1A	29010	promoter
chr16	30984207	30985206	HSD3B7	18324	promoter
chr16	31010639	31011638	STX1B	18539	promoter
chr16	31032558	31033557	STX4	11439	promoter
chr16	31074241	31075240	ZNF668	25821	promoter
chr16	31073422	31074421	ZNF646	29004	promoter
chr16	31088944	31089943	PRSS53	34407	promoter
chr16	31094798	31095797	VKORC1	23663	promoter
chr16	31107386	31108385	BCKDK	16902	promoter
chr16	31116664	31117663	KAT8	17933	promoter
chr16	31135728	31136727	PRSS8	9491	promoter
chr16	31150067	31151066	PRSS36	26906	promoter
chr16	31179139	31180138	FUS	4010	promoter
chr16	31202761	31203760	PYCARD	16608	promoter
chr16	31213119	31214118	TRIM72	32671	promoter
chr16	31217136	31218135	PYDC1	30261	promoter
chr16	31258975	31259974	ITGAM	6149	promoter
chr16	31354176	31355175	ITGAX	6152	promoter
chr16	31392335	31393334	ITGAD	6146	promoter
chr16	31428361	31429360	COX6A2	2279	promoter
chr16	31442790	31443789	ZNF843	28710	promoter
chr16	31458501	31459500	ARMC5	25781	promoter
chr16	31471152	31472151	TGFB1I1	11767	promoter
chr16	31482123	31483122	SLC5A2	11037	promoter
chr16	31508392	31509391	RUSF1	25848	promoter
chr16	31526900	31527899	AHSP	18075	promoter
chr16	31712244	31713243	KRBOX5	26987	promoter
chr16	31872807	31873806	ZNF267	13060	promoter
chr16	32252286	32253285	TP53TG3D	44657	promoter
chr16	32676166	32677165	TP53TG3	30759	promoter
chr16	33193226	33194225	TP53TG3C	42962	promoter
chr16	33303306	33304305	TP53TG3E	51816	promoter
chr16	33359841	33360840	TP53TG3B	37202	promoter
chr16	33458612	33459611	TP53TG3F	51817	promoter
chr16	34381111	34382110	CCNYL1B	56313	promoter
chr16	46621380	46622379	SHCBP1	29547	promoter
chr16	46689179	46690178	VPS35	13487	promoter
chr16	46688659	46689658	ORC6	17151	promoter
chr16	46748345	46749344	MYLK3	29826	promoter
chr16	46831181	46832180	C16orf87	33754	promoter
chr16	46883362	46884361	GPT2	18062	promoter
chr16	46973675	46974674	DNAJA2	14884	promoter
chr16	47143946	47144945	NETO2	14644	promoter
chr16	47460331	47461330	PHKB	8927	promoter
chr16	47461064	47462063	ITFG1	30697	promoter
chr16	48155994	48156993	ABCC12	14640	promoter
chr16	48243300	48244299	LONP2	20598	promoter
chr16	48247540	48248539	ABCC11	14639	promoter
chr16	48385414	48386413	SIAH1	10857	promoter
chr16	48610181	48611180	N4BP1	29850	promoter
chr16	49281839	49282838	CBLN1	1543	promoter
chr16	49372804	49373803	C16orf78	28479	promoter
chr16	49856113	49857112	ZNF423	16762	promoter
chr16	50024225	50025224	CNEP1R1	26759	promoter
chr16	50064970	50065969	HEATR3	26087	promoter
chr16	50152306	50153305	TENT4B	30758	promoter
chr16	50265551	50266550	ADCY7	238	promoter
chr16	50368989	50369988	BRD7	14310	promoter
chr16	50547396	50548395	NKD1	17045	promoter
chr16	50681313	50682312	SNX20	30390	promoter
chr16	50692606	50693605	NOD2	5331	promoter
chr16	50741086	50742085	CYLD	2584	promoter
chr16	51151271	51152270	SALL1	10524	promoter
chr16	51644757	51645756	HNRNPA1L3	48778	promoter
chr16	52547144	52548143	TOX3	11972	promoter
chr16	53052898	53053897	CHD9NB	53436	promoter
chr16	53053991	53054990	CHD9	25701	promoter
chr16	53433471	53434470	RBL2	9894	promoter
chr16	53503210	53504209	AKTIP	16710	promoter
chr16	53703156	53704155	FTO	24678	promoter
chr16	53703860	53704859	RPGRIP1L	29168	promoter
chr16	54286788	54287787	IRX3	14360	promoter
chr16	54929865	54930864	IRX5	14361	promoter
chr16	55323203	55324202	IRX6	14675	promoter
chr16	55478198	55479197	MMP2	7166	promoter
chr16	55508072	55509071	LPCAT2	26032	promoter
chr16	55565684	55566683	CAPNS2	16371	promoter
chr16	55654988	55655987	SLC6A2	11048	promoter
chr16	55833097	55834096	CES1	1863	promoter
chr16	55875374	55876373	CES5A	26459	promoter
chr16	56190489	56191488	GNAO1	4389	promoter
chr16	56425546	56426545	AMFR	463	promoter
chr16	56450554	56451553	OGFOD1	25585	promoter
chr16	56451333	56452332	NUDT21	13870	promoter
chr16	56564073	56565072	MT4	18705	promoter
chr16	56520025	56521024	BBS2	967	promoter
chr16	56588528	56589527	MT3	7408	promoter
chr16	56607584	56608583	MT2A	7406	promoter
chr16	56624781	56625780	MT1E	7397	promoter
chr16	56631659	56632658	MT1M	14296	promoter
chr16	56637666	56638665	MT1A	7393	promoter
chr16	56650886	56651885	MT1B	7394	promoter
chr16	56656959	56657958	MT1F	7398	promoter
chr16	56668066	56669065	MT1G	7399	promoter
chr16	56668814	56669813	MT1H	7400	promoter
chr16	56681470	56682469	MT1X	7405	promoter
chr16	56729129	56730128	NUP93	28958	promoter
chr16	56864207	56865206	SLC12A3	10912	promoter
chr16	56931142	56932141	HERPUD1	13744	promoter
chr16	56960950	56961949	CETP	1869	promoter
chr16	56988557	56989556	NLRC5	29933	promoter
chr16	57091583	57092582	CPNE2	2315	promoter
chr16	57186040	57187039	PSME3IP1	29856	promoter
chr16	57185329	57186328	RSPRY1	29420	promoter
chr16	57244259	57245258	ARL2BP	17146	promoter
chr16	57284673	57285672	PLLP	18553	promoter
chr16	57357783	57358782	CCL22	10621	promoter
chr16	57371490	57372489	CX3CL1	10647	promoter
chr16	57403767	57404766	CCL17	10615	promoter
chr16	57447386	57448385	CIAPIN1	28050	promoter
chr16	57446479	57447478	COQ9	25302	promoter
chr16	57461679	57462678	POLR2C	9189	promoter
chr16	57486494	57487493	DOK4	19868	promoter
chr16	57536572	57537571	CCDC102A	28097	promoter
chr16	57541643	57542642	ADGRG5	19010	promoter
chr16	57627630	57628629	ADGRG1	4512	promoter
chr16	57667306	57668305	ADGRG3	13728	promoter
chr16	57693806	57694805	DRC7	25289	promoter
chr16	57734770	57735769	KATNB1	6217	promoter
chr16	57802492	57803491	KIFC3	6326	promoter
chr16	57971129	57972128	CNGB1	2151	promoter
chr16	57975544	57976543	SPMIP8	33745	promoter
chr16	58000407	58001406	USB1	25792	promoter
chr16	58000673	58001672	ZNF319	13644	promoter
chr16	58024754	58025753	MMP15	7161	promoter
chr16	58129382	58130381	CFAP20	29523	promoter
chr16	58198107	58199106	CSNK2A2	2459	promoter
chr16	58248936	58249935	CFAP263	25002	promoter
chr16	58295026	58296025	PRSS54	26336	promoter
chr16	58391471	58392470	GINS3	25851	promoter
chr16	58499143	58500142	NDRG4	14466	promoter
chr16	58514517	58515516	SETD6	26116	promoter
chr16	58629827	58630826	CNOT1	7877	promoter
chr16	58684771	58685770	SLC38A7	25582	promoter
chr16	58734317	58735316	GOT2	4433	promoter
chr16	62036439	62037438	CDH8	1767	promoter
chr16	65122064	65123063	CDH11	1750	promoter
chr16	66365691	66366690	CDH5	1764	promoter
chr16	66426295	66427294	BEAN1	24160	promoter
chr16	66550123	66551122	TK2	11831	promoter
chr16	66551576	66552575	CKLF	13253	promoter
chr16	66565439	66566438	CMTM1	19172	promoter
chr16	66578463	66579462	CMTM2	19173	promoter
chr16	66603704	66604703	CMTM3	19174	promoter
chr16	66696744	66697743	CMTM4	19175	promoter
chr16	66751610	66752609	DYNC1LI2	2966	promoter
chr16	66801585	66802584	TERB1	26675	promoter
chr16	66843414	66844413	CA7	1381	promoter
chr16	66830977	66831976	NAE1	621	promoter
chr16	66879515	66880514	PDP2	30263	promoter
chr16	66918886	66919885	CDH16	1755	promoter
chr16	66925536	66926535	RRAD	10446	promoter
chr16	66934403	66935402	CIAO2B	24261	promoter
chr16	66934516	66935515	CES2	1864	promoter
chr16	66960266	66961265	CES3	1865	promoter
chr16	66987589	66988588	CES4A	26741	promoter
chr16	67028149	67029148	CBFB	1539	promoter
chr16	67108941	67109940	PHAF1	29564	promoter
chr16	67150999	67151998	B3GNT9	28714	promoter
chr16	67159910	67160909	TRADD	12030	promoter
chr16	67158957	67159956	FBXL8	17875	promoter
chr16	67163745	67164744	HSF4	5227	promoter
chr16	67169538	67170537	NOL3	7869	promoter
chr16	67183964	67184963	MATCAP1	34408	promoter
chr16	67190137	67191136	EXOC3L1	27540	promoter
chr16	67191155	67192154	E2F4	3118	promoter
chr16	67198131	67199130	ELMO3	17289	promoter
chr16	67226130	67227129	TMEM208	25015	promoter
chr16	67247979	67248978	SLC9A5	11078	promoter
chr16	67247482	67248481	FHOD1	17905	promoter
chr16	67278532	67279531	PLEKHG4	24501	promoter
chr16	67326742	67327741	KCTD19	24753	promoter
chr16	67325815	67326814	LRRC36	25615	promoter
chr16	67393499	67394498	TPPP3	24162	promoter
chr16	67416478	67417477	ZDHHC1	17916	promoter
chr16	67430121	67431120	HSD11B2	5209	promoter
chr16	67481158	67482157	ATP6V0D1	13724	promoter
chr16	67483548	67484547	AGRP	330	promoter
chr16	67527829	67528828	RIPOR1	25836	promoter
chr16	67561526	67562525	CTCF	13723	promoter
chr16	67644144	67645143	CARMIL2	27089	promoter
chr16	67660261	67661260	ACD	25070	promoter
chr16	67659960	67660959	PARD6A	15943	promoter
chr16	67665814	67666813	C16orf86	33755	promoter
chr16	67666751	67667750	ENKD1	25246	promoter
chr16	67719317	67720316	GFOD2	28159	promoter
chr16	67806561	67807560	RANBP10	29285	promoter
chr16	67805889	67806888	TSNAXIP1	18586	promoter
chr16	67841320	67842319	THAP11	23194	promoter
chr16	67845933	67846932	NUTF2	13722	promoter
chr16	67847694	67848693	CENPT	25787	promoter
chr16	67872052	67873051	EDC4	17157	promoter
chr16	67883885	67884884	NRN1L	29811	promoter
chr16	67892254	67893253	PSKH1	9529	promoter
chr16	67931863	67932862	CTRL	2524	promoter
chr16	67936851	67937850	PSMB10	9538	promoter
chr16	67944121	67945120	LCAT	6522	promoter
chr16	67968638	67969637	SLC12A4	10913	promoter
chr16	67980500	67981499	DPEP3	23029	promoter
chr16	68022284	68023283	DUS2	26014	promoter
chr16	67999485	68000484	DPEP2	23028	promoter
chr16	68015912	68016911	DPEP2NB	52385	promoter
chr16	68023233	68024232	DDX28	17330	promoter
chr16	68084370	68085369	NFATC3	7777	promoter
chr16	68236128	68237127	ESRP2	26152	promoter
chr16	68244373	68245372	PLA2G15	17163	promoter
chr16	68263526	68264525	SLC7A6	11064	promoter
chr16	68310947	68311946	SLC7A6OS	25807	promoter
chr16	68310019	68311018	PRMT7	25557	promoter
chr16	68448509	68449508	SMPD3	14240	promoter
chr16	68538291	68539290	ZFP90	23329	promoter
chr16	68644310	68645309	CDH3	1762	promoter
chr16	68736292	68737291	CDH1	1748	promoter
chr16	68842531	68843530	TANGO6	25749	promoter
chr16	69104653	69105652	HAS3	4820	promoter
chr16	69131649	69132648	UTP4	1983	promoter
chr16	69132589	69133588	CHTF8	24353	promoter
chr16	69132589	69133588	DERPC	54084	promoter
chr16	69186164	69187163	SNTB2	11169	promoter
chr16	69310350	69311349	VPS4A	13488	promoter
chr16	69330589	69331588	PDF	30012	promoter
chr16	69338772	69339771	NIP7	24328	promoter
chr16	69339565	69340564	COG8	18623	promoter
chr16	69351787	69352786	TMED6	28331	promoter
chr16	69423619	69424618	CYB5B	24374	promoter
chr16	69386008	69387007	TERF2	11729	promoter
chr16	69564966	69565965	NFAT5	7774	promoter
chr16	69726561	69727560	NQO1	2874	promoter
chr16	69754927	69755926	NOB1	29540	promoter
chr16	69761332	69762331	WWP2	16804	promoter
chr16	69950334	69951333	CLEC18A	30388	promoter
chr16	70113332	70114331	PDPR	30264	promoter
chr16	70172787	70173786	CLEC18C	28538	promoter
chr16	70251941	70252940	EXOSC6	19055	promoter
chr16	70298186	70299185	DDX19B	2742	promoter
chr16	70289507	70290506	AARS1	20	promoter
chr16	70345903	70346902	DDX19A	25628	promoter
chr16	70439101	70440100	ST3GAL2	10863	promoter
chr16	70453595	70454594	FCSK	29500	promoter
chr16	70523555	70524554	COG4	18620	promoter
chr16	70522816	70523815	SF3B3	10770	promoter
chr16	70645559	70646558	IL34	28529	promoter
chr16	70686054	70687053	MTSS2	25094	promoter
chr16	70801159	70802158	VAC14	25507	promoter
chr16	71230723	71231722	HYDIN	19368	promoter
chr16	71289403	71290402	CMTR2	25635	promoter
chr16	71357723	71358722	CALB2	1435	promoter
chr16	71442055	71443054	TLE7	53648	promoter
chr16	71462248	71463247	ZNF23	13023	promoter
chr16	71525426	71526425	CHST4	1972	promoter
chr16	71489325	71490324	ZNF19	12981	promoter
chr16	71577093	71578092	TAT	11573	promoter
chr16	71625184	71626183	MARVELD3	30525	promoter
chr16	71724702	71725701	PHLPP2	29149	promoter
chr16	71844976	71845975	ATXN1L	33279	promoter
chr16	71808835	71809834	AP1G1	555	promoter
chr16	71894531	71895530	IST1	28977	promoter
chr16	71884183	71885182	ZNF821	28043	promoter
chr16	72000403	72001402	PKD1L3	21716	promoter
chr16	72007744	72008743	DHODH	2867	promoter
chr16	72053505	72054504	HP	5141	promoter
chr16	72062226	72063225	HPR	5156	promoter
chr16	72092847	72093846	DHX38	17211	promoter
chr16	72093621	72094620	TXNL4B	26041	promoter
chr16	72172156	72173155	PMFBP1	17728	promoter
chr16	73048129	73049128	ZFHX3	777	promoter
chr16	74295814	74296813	PSMD7	9565	promoter
chr16	74375306	74376305	NPIPB15	34409	promoter
chr16	74421479	74422478	CLEC18B	33849	promoter
chr16	74607115	74608114	GLG1	4316	promoter
chr16	74666878	74667877	RFWD3	25539	promoter
chr16	74700863	74701862	MLKL	26617	promoter
chr16	74774821	74775820	FA2H	21197	promoter
chr16	74998024	74999023	ZNRF1	18452	promoter
chr16	74985124	74986123	WDR59	25706	promoter
chr16	75116781	75117780	LDHD	19708	promoter
chr16	75147524	75148523	ZFP1	23328	promoter
chr16	75207162	75208161	CTRB2	2522	promoter
chr16	75217988	75218987	CTRB1	2521	promoter
chr16	75251625	75252624	BCAR1	971	promoter
chr16	75433504	75434503	CFDP1	1873	promoter
chr16	75464690	75465689	TMEM170A	29577	promoter
chr16	75495442	75496441	CHST6	6938	promoter
chr16	75536109	75537108	CHST5	1973	promoter
chr16	75556253	75557252	TMEM231	37234	promoter
chr16	75565379	75566378	GABARAPL2	13291	promoter
chr16	75623282	75624281	ADAT1	228	promoter
chr16	75646773	75647772	TERF2IP	19246	promoter
chr16	75647666	75648665	KARS1	6215	promoter
chr16	75677010	75678009	CPHXL2	55919	promoter
chr16	75701462	75702461	DUXB	33345	promoter
chr16	75726491	75727490	CPHXL	51815	promoter
chr16	76276401	76277400	CNTNAP4	18747	promoter
chr16	77190190	77191189	MON1B	25020	promoter
chr16	77198408	77199407	SYCE1L	37236	promoter
chr16	77435035	77436034	ADAMTS18	17110	promoter
chr16	77721514	77722513	NUDT7	8054	promoter
chr16	77787564	77788563	VAT1L	29315	promoter
chr16	78021548	78022547	CLEC3A	2052	promoter
chr16	78098654	78099653	WWOX	12799	promoter
chr16	79600738	79601737	MAF	6776	promoter
chr16	80539993	80540992	DYNLRB2	15467	promoter
chr16	80804599	80805598	CDYL2	23030	promoter
chr16	81006214	81007213	CENPN	30873	promoter
chr16	81006886	81007885	CMC2	24447	promoter
chr16	81034842	81035841	ATMIN	29034	promoter
chr16	81077239	81078238	C16orf46	26525	promoter
chr16	81096396	81097395	GCSH	4208	promoter
chr16	81220371	81221370	PKD1L2	21715	promoter
chr16	81237689	81238688	BCO1	13815	promoter
chr16	81313962	81314961	GAN	4137	promoter
chr16	81443808	81444807	CMIP	24319	promoter
chr16	81778291	81779290	PLCG2	9066	promoter
chr16	82011471	82012470	SDR42E1	29834	promoter
chr16	82034253	82035252	HSD17B2	5211	promoter
chr16	82170225	82171224	MPHOSPH6	7214	promoter
chr16	82625969	82626968	CDH13	1753	promoter
chr16	83806978	83807977	HSBP1	5203	promoter
chr16	83898115	83899114	MLYCD	7150	promoter
chr16	83952240	83953239	OSGIN1	30093	promoter
chr16	83967244	83968243	NECAB2	23746	promoter
chr16	84042796	84043795	SLC38A8	32434	promoter
chr16	84116943	84117942	MBTPS1	15456	promoter
chr16	84145178	84146177	HSDL1	16475	promoter
chr16	84144308	84145307	DNAAF1	30539	promoter
chr16	84187058	84188057	TAF1C	11534	promoter
chr16	84190157	84191156	ADAD2	30714	promoter
chr16	84240013	84241012	KCNG4	19697	promoter
chr16	84293878	84294877	WFDC1	15466	promoter
chr16	84367538	84368537	ATP2C2	29103	promoter
chr16	84504660	84505659	MEAK7	29325	promoter
chr16	84618079	84619078	COTL1	18304	promoter
chr16	84647511	84648510	KLHL36	17844	promoter
chr16	84699000	84699999	USP10	12608	promoter
chr16	84818985	84819984	CRISPLD2	25248	promoter
chr16	85011536	85012535	ZDHHC7	18459	promoter
chr16	85026795	85027794	KIAA0513	29058	promoter
chr16	85112473	85113472	CIBAR2	24781	promoter
chr16	85612322	85613321	GSE1	28979	promoter
chr16	85688955	85689954	GINS2	24575	promoter
chr16	85751097	85752096	C16orf74	23362	promoter
chr16	85798695	85799694	COX4I1	2265	promoter
chr16	85799545	85800544	EMC8	7864	promoter
chr16	85898162	85899161	IRF8	5358	promoter
chr16	86509527	86510526	FOXF1	3809	promoter
chr16	86555236	86556235	MTHFSD	25778	promoter
chr16	86565829	86566828	FOXC2	3801	promoter
chr16	86577549	86578548	FOXL1	3817	promoter
chr16	87317393	87318392	C16orf95	40033	promoter
chr16	87391336	87392335	MAP1LC3B	13352	promoter
chr16	87383777	87384776	FBXO31	16510	promoter
chr16	87493025	87494024	ZCCHC14	24134	promoter
chr16	87601508	87602507	JPH3	14203	promoter
chr16	87765987	87766986	KLHDC4	25272	promoter
chr16	87869508	87870507	SLC7A5	11063	promoter
chr16	87936530	87937529	CA5A	1377	promoter
chr16	87950434	87951433	BANP	13450	promoter
chr16	88381959	88382958	ZNF469	23216	promoter
chr16	88452280	88453279	ZFPM1	19762	promoter
chr16	88569403	88570402	ZC3H18	25091	promoter
chr16	88637572	88638571	IL17C	5983	promoter
chr16	88651054	88652053	CYBA	2577	promoter
chr16	88663092	88664091	MVD	7529	promoter
chr16	88686508	88687507	SNAI3	18411	promoter
chr16	88706409	88707408	RNF166	28856	promoter
chr16	88705503	88706502	CTU2	28005	promoter
chr16	88785221	88786220	PIEZO1	28993	promoter
chr16	88802789	88803788	CDT1	24576	promoter
chr16	88811929	88812928	APRT	626	promoter
chr16	88856127	88857126	TRAPPC2L	30887	promoter
chr16	88856948	88857947	GALNS	4122	promoter
chr16	88866661	88867660	PABPN1L	37237	promoter
chr16	88977208	88978207	CBFA2T3	1537	promoter
chr16	89092852	89093851	ACSF3	27288	promoter
chr16	89170748	89171747	CDH15	1754	promoter
chr16	89200538	89201537	SLC22A31	27091	promoter
chr16	89216703	89217702	ZNF778	26479	promoter
chr16	89490562	89491561	ANKRD11	21316	promoter
chr16	89507403	89508402	SPG7	11237	promoter
chr16	89559682	89560681	RPL13	10303	promoter
chr16	89574758	89575757	CPNE7	2320	promoter
chr16	89612642	89613641	DPEP1	3002	promoter
chr16	89657709	89658708	CHMP1A	8740	promoter
chr16	89656836	89657835	SPATA33	26463	promoter
chr16	89685689	89686688	CDK10	1770	promoter
chr16	89701706	89702705	SPATA2L	28393	promoter
chr16	89720537	89721536	ZNF276	23330	promoter
chr16	89720899	89721898	VPS9D1	13526	promoter
chr16	89816648	89817647	FANCA	3582	promoter
chr16	89827475	89828474	SPIRE2	30623	promoter
chr16	89872592	89873591	TCF25	29181	promoter
chr16	89917862	89918861	MC1R	6929	promoter
chr16	89922342	89923341	TUBB3	20772	promoter
chr16	89947755	89948754	DEF8	25969	promoter
chr16	90021680	90022679	GAS8	4166	promoter
chr16	90019457	90020456	DBNDD1	28455	promoter
chr16	90077332	90078331	PRDM7	9351	promoter
chr17	136569	137568	SCGB1C2	51242	promoter
chr17	181651	182650	DOC2B	2986	promoter
chr17	352808	353807	RPH3AL	10296	promoter
chr17	409325	410324	LIAT1	33800	promoter
chr17	445940	446939	RFLNB	28705	promoter
chr17	714840	715839	VPS53	25608	promoter
chr17	731596	732595	TLCD3A	29646	promoter
chr17	752265	753264	GEMIN4	15717	promoter
chr17	782281	783280	GLOD4	14111	promoter
chr17	781353	782352	MRM3	18485	promoter
chr17	979777	980776	NXN	18008	promoter
chr17	996129	997128	TIMM22	17317	promoter
chr17	1179982	1180981	ABR	81	promoter
chr17	1269444	1270443	BHLHA9	35126	promoter
chr17	1278662	1279661	TRARG1	29592	promoter
chr17	1400223	1401222	YWHAE	12851	promoter
chr17	1456233	1457232	CRK	2362	promoter
chr17	1492687	1493686	MYO1C	7597	promoter
chr17	1516613	1517612	INPP5K	33882	promoter
chr17	1562793	1563792	PITPNA	9001	promoter
chr17	1628835	1629834	SLC43A2	23087	promoter
chr17	1645733	1646732	SCARF1	16820	promoter
chr17	1649867	1650866	RILP	30266	promoter
chr17	1684868	1685867	PRPF8	17340	promoter
chr17	1710378	1711377	TLCD2	33522	promoter
chr17	1723704	1724703	WDR81	26600	promoter
chr17	1741871	1742870	SERPINF2	9075	promoter
chr17	1761060	1762059	SERPINF1	8824	promoter
chr17	1829005	1830004	RPA1	10289	promoter
chr17	1829903	1830902	SMYD4	21067	promoter
chr17	2025335	2026334	RTN4RL1	21329	promoter
chr17	2029153	2030152	DPH1	3003	promoter
chr17	2041022	2042021	OVCA2	24203	promoter
chr17	2054103	2055102	HIC1	4909	promoter
chr17	2302950	2303949	SRR	14398	promoter
chr17	2303786	2304785	SMG6	17809	promoter
chr17	2336458	2337457	TSR1	25542	promoter
chr17	2336501	2337500	SGSM2	29026	promoter
chr17	2401061	2402060	MNT	7188	promoter
chr17	2511889	2512888	METTL16	28484	promoter
chr17	2592654	2593653	PAFAH1B1	8574	promoter
chr17	2711765	2712764	CLUH	29094	promoter
chr17	2749653	2750652	CCDC92B	52279	promoter
chr17	2795438	2796437	RAP1GAP2	29176	promoter
chr17	3063608	3064607	OR1D5	8186	promoter
chr17	3104423	3105422	OR1D2	8183	promoter
chr17	3127552	3128551	OR1G1	8204	promoter
chr17	3154883	3155882	OR1P1	8222	promoter
chr17	3196519	3197518	OR1A2	8180	promoter
chr17	3206667	3207666	OR1A1	8179	promoter
chr17	3298361	3299360	OR3A1	8282	promoter
chr17	3384930	3385929	OR1R1P	8226	promoter
chr17	3386309	3387308	OR3A2	8283	promoter
chr17	3398411	3399410	OR1E1	8189	promoter
chr17	3410370	3411369	OR3A3	8284	promoter
chr17	3433842	3434841	OR1E2	8190	promoter
chr17	3474997	3475996	ASPA	756	promoter
chr17	3471820	3472819	SPATA22	30705	promoter
chr17	3557813	3558812	TRPV3	18084	promoter
chr17	3609412	3610411	TRPV1	12716	promoter
chr17	3636251	3637250	SHPK	1492	promoter
chr17	3635760	3636759	CTNS	2518	promoter
chr17	3668579	3669578	TAX1BP3	30684	promoter
chr17	3667812	3668811	EMC6	28430	promoter
chr17	3696156	3697155	P2RX5	8536	promoter
chr17	3722903	3723902	HASPIN	19682	promoter
chr17	3801189	3802188	ITGAE	6147	promoter
chr17	3846247	3847246	NCBP3	24612	promoter
chr17	3893054	3894053	CAMKK1	1469	promoter
chr17	3916466	3917465	P2RX1	8533	promoter
chr17	3964438	3965437	ATP2A3	813	promoter
chr17	4143031	4144030	ZZEF1	29027	promoter
chr17	4142197	4143196	CYB5D2	28471	promoter
chr17	4263980	4264979	ANKFY1	20763	promoter
chr17	4366676	4367675	UBE2G1	12482	promoter
chr17	4432940	4433939	SPNS3	28433	promoter
chr17	4497881	4498880	SPNS2	26992	promoter
chr17	4555385	4556384	MYBBP1A	7546	promoter
chr17	4560578	4561577	GGT6	26891	promoter
chr17	4583529	4584528	SMTNL2	24764	promoter
chr17	4641679	4642678	ALOX15	433	promoter
chr17	4704138	4705137	PELP1	30134	promoter
chr17	4709632	4710631	ARRB2	712	promoter
chr17	4730428	4731427	MED11	32687	promoter
chr17	4738833	4739832	ZMYND15	20997	promoter
chr17	4739929	4740928	CXCL16	16642	promoter
chr17	4770886	4771885	TM4SF5	11857	promoter
chr17	4786365	4787364	VMO1	30387	promoter
chr17	4787964	4788963	GLTPD2	33756	promoter
chr17	4795164	4796163	PSMB6	9543	promoter
chr17	4802329	4803328	C17orf114	55343	promoter
chr17	4806152	4807151	PLD2	9068	promoter
chr17	4832340	4833339	MINK1	17565	promoter
chr17	4898536	4899535	C17orf107	37238	promoter
chr17	4931277	4932276	GP1BA	4439	promoter
chr17	4903099	4904098	CHRNE	1966	promoter
chr17	4939268	4940267	RNF167	24544	promoter
chr17	4940047	4941046	SLC25A11	10981	promoter
chr17	4950119	4951118	ENO3	3354	promoter
chr17	4948531	4949530	PFN1	8881	promoter
chr17	4967818	4968817	SPAG7	11216	promoter
chr17	4987676	4988675	CAMTA2	18807	promoter
chr17	4997523	4998522	INCA1	32224	promoter
chr17	4996950	4997949	KIF1C	6317	promoter
chr17	5035427	5036426	SLC52A1	30225	promoter
chr17	5077467	5078466	ZFP3	12861	promoter
chr17	5115032	5116031	USP6	12629	promoter
chr17	5111879	5112878	ZNF232	13026	promoter
chr17	5191869	5192868	ZNF594	29392	promoter
chr17	5234861	5235860	SCIMP	33504	promoter
chr17	5281284	5282283	RABEP1	17677	promoter
chr17	5419182	5420181	RPAIN	28641	promoter
chr17	5419663	5420662	NUP88	8067	promoter
chr17	5439156	5440155	C1QBP	1243	promoter
chr17	5468983	5469982	DHX33	16718	promoter
chr17	5485566	5486565	MIS12	24967	promoter
chr17	5486179	5487178	DERL2	17943	promoter
chr17	5501007	5502006	ENSG00000286190	58752	promoter
chr17	5584510	5585509	NLRP1	14374	promoter
chr17	6069379	6070378	WSCD1	29060	promoter
chr17	6435122	6436121	AIPL1	359	promoter
chr17	6443455	6444454	PIMREG	25483	promoter
chr17	6556556	6557555	PITPNM3	21043	promoter
chr17	6640712	6641711	KIAA0753	29110	promoter
chr17	6640060	6641059	TXNDC17	28218	promoter
chr17	6651606	6652605	MED31	24260	promoter
chr17	6650762	6651761	C17orf100	34494	promoter
chr17	6713370	6714369	SLC13A5	23089	promoter
chr17	6755046	6756045	XAF1	30932	promoter
chr17	6775215	6776214	FBXO39	28565	promoter
chr17	6831730	6832729	TEKT1	15534	promoter
chr17	6995049	6996048	ALOX12	429	promoter
chr17	7011624	7012623	RNASEK	33911	promoter
chr17	7013782	7014781	C17orf49	28737	promoter
chr17	7022050	7023049	BCL6B	1002	promoter
chr17	7035015	7036014	SLC16A13	31037	promoter
chr17	7044093	7045092	SLC16A11	23093	promoter
chr17	7080252	7081251	CLEC10A	16916	promoter
chr17	7114823	7115822	ASGR2	743	promoter
chr17	7179371	7180370	ASGR1	742	promoter
chr17	7218938	7219937	ACADVL	92	promoter
chr17	7217628	7218627	DLG4	2903	promoter
chr17	7234518	7235517	DVL2	3086	promoter
chr17	7239458	7240457	PHF23	28428	promoter
chr17	7242450	7243449	GABARAP	4067	promoter
chr17	7251215	7252214	ELP5	30617	promoter
chr17	7251735	7252734	CTDNEP1	19085	promoter
chr17	7262479	7263478	CLDN7	2049	promoter
chr17	7280718	7281717	SLC2A4	11009	promoter
chr17	7294640	7295639	YBX2	17948	promoter
chr17	7306628	7307627	EIF5A	3300	promoter
chr17	7315361	7316360	GPS2	4550	promoter
chr17	7329336	7330335	NEURL4	34410	promoter
chr17	7335529	7336528	ACAP1	16467	promoter
chr17	7351162	7352161	KCTD11	21302	promoter
chr17	7354156	7355155	TMEM95	27898	promoter
chr17	7380089	7381088	TNK1	11940	promoter
chr17	7394526	7395525	PLSCR3	16495	promoter
chr17	7404098	7405097	TMEM256	28618	promoter
chr17	7406845	7407844	NLGN2	14290	promoter
chr17	7419324	7420323	SPEM1	32429	promoter
chr17	7424616	7425615	SPEM2	27315	promoter
chr17	7427857	7428856	SPEM3	53651	promoter
chr17	7434435	7435434	TMEM102	26722	promoter
chr17	7438512	7439511	FGF11	3667	promoter
chr17	7444061	7445060	CHRNB1	1961	promoter
chr17	7480446	7481445	SLC35G6	31351	promoter
chr17	7479632	7480631	ZBTB4	23847	promoter
chr17	7483366	7484365	POLR2A	9187	promoter
chr17	7548058	7549057	TNFSF12	11927	promoter
chr17	7557750	7558749	TNFSF13	11928	promoter
chr17	7560919	7561918	SENP3	17862	promoter
chr17	7571825	7572824	EIF4A1	3282	promoter
chr17	7578638	7579637	CD68	1693	promoter
chr17	7582852	7583851	MPDU1	7207	promoter
chr17	7590095	7591094	SOX15	11196	promoter
chr17	7629135	7630134	SHBG	10839	promoter
chr17	7614898	7615897	FXR2	4024	promoter
chr17	7627822	7628821	SAT2	23160	promoter
chr17	7649926	7650925	ATP1B2	805	promoter
chr17	7687477	7688476	WRAP53	25522	promoter
chr17	7687491	7688490	TP53	11998	promoter
chr17	7704202	7705201	EFNB3	3228	promoter
chr17	7716744	7717743	DNAH2	2948	promoter
chr17	7833217	7834216	KDM6B	29012	promoter
chr17	7854066	7855065	TMEM88	32371	promoter
chr17	7857003	7858002	CYB5D1	26516	promoter
chr17	7887789	7888788	CHD3	1918	promoter
chr17	7857560	7858559	NAA38	28212	promoter
chr17	7916290	7917289	RNF227	27571	promoter
chr17	7929857	7930856	KCNAB3	6230	promoter
chr17	7931206	7932205	CNTROB	29616	promoter
chr17	7931947	7932946	TRAPPC1	19894	promoter
chr17	8001615	8002614	GUCY2D	4689	promoter
chr17	8038059	8039058	ALOX15B	434	promoter
chr17	8087717	8088716	ALOX12B	430	promoter
chr17	8118515	8119514	ALOXE3	13743	promoter
chr17	8124107	8125106	HES7	15977	promoter
chr17	8152405	8153404	PER1	8845	promoter
chr17	8162949	8163948	VAMP2	12643	promoter
chr17	8176381	8177380	TMEM107	28128	promoter
chr17	8190181	8191180	BORCS6	25939	promoter
chr17	8210576	8211575	AURKB	11390	promoter
chr17	8248289	8249288	PFAS	8863	promoter
chr17	8248057	8249056	CTC1	26169	promoter
chr17	8287670	8288669	RANGRF	17679	promoter
chr17	8295401	8296400	SLC25A35	31921	promoter
chr17	8309241	8310240	ARHGEF15	15590	promoter
chr17	8338840	8339839	ODF4	19056	promoter
chr17	8376705	8377704	KRBA2	26989	promoter
chr17	8383194	8384193	RPL26	10327	promoter
chr17	8397828	8398827	RNF222	34517	promoter
chr17	8434884	8435883	NDEL1	17620	promoter
chr17	8630726	8631725	MYH10	7568	promoter
chr17	8744837	8745836	CCDC42	26528	promoter
chr17	8758547	8759546	SPDYE4	35463	promoter
chr17	8799366	8800365	MFSD6L	26656	promoter
chr17	8867675	8868674	PIK3R6	27101	promoter
chr17	8965708	8966707	PIK3R5	30035	promoter
chr17	9020510	9021509	NTN1	8029	promoter
chr17	9575821	9576820	STX8	11443	promoter
chr17	9575642	9576641	CFAP52	16053	promoter
chr17	9644517	9645516	USP43	20072	promoter
chr17	9791593	9792592	DHRS7C	32423	promoter
chr17	9822080	9823079	GSG1L2	51826	promoter
chr17	9824924	9825923	GLP2R	4325	promoter
chr17	9905272	9906271	RCVRN	9937	promoter
chr17	10198607	10199606	GAS7	4169	promoter
chr17	10373007	10374006	MYH13	7571	promoter
chr17	10421951	10422950	MYH8	7578	promoter
chr17	10469560	10470559	MYH4	7574	promoter
chr17	10518543	10519542	MYH1	7567	promoter
chr17	10549659	10550658	MYH2	7572	promoter
chr17	10657310	10658309	MYH3	7573	promoter
chr17	10696594	10697593	ADPRM	30925	promoter
chr17	10697534	10698533	SCO1	10603	promoter
chr17	10730024	10731023	TMEM220	33757	promoter
chr17	10804100	10805099	TMEM238L	44356	promoter
chr17	10838088	10839087	PIRT	37239	promoter
chr17	11240213	11241212	SHISA6	34491	promoter
chr17	11597470	11598469	DNAH9	2953	promoter
chr17	11997476	11998475	ZNF18	12969	promoter
chr17	12019877	12020876	MAP2K4	6844	promoter
chr17	12664890	12665889	MYOCD	16067	promoter
chr17	12788498	12789497	ARHGAP44	29096	promoter
chr17	13018028	13019027	ELAC2	14198	promoter
chr17	13601930	13602929	HS3ST3A1	5196	promoter
chr17	14068504	14069503	COX10	2260	promoter
chr17	14236863	14237862	CDRT15	14395	promoter
chr17	14300081	14301080	HS3ST3B1	5198	promoter
chr17	15265327	15266326	PMP22	9118	promoter
chr17	15341598	15342597	TEKT3	14293	promoter
chr17	15467622	15468621	CDRT4	14383	promoter
chr17	15563484	15564483	TVP23C	30453	promoter
chr17	15619705	15620704	FBXW10B	14379	promoter
chr17	15684312	15685311	TRIM16	17241	promoter
chr17	15698752	15699751	ZNF286A	13501	promoter
chr17	15731283	15732282	TBC1D26	28745	promoter
chr17	15944130	15945129	ADORA2B	264	promoter
chr17	15999705	16000704	ZSWIM7	26993	promoter
chr17	15998824	15999823	TTC19	26006	promoter
chr17	16216210	16217209	PIGL	8966	promoter
chr17	16215535	16216534	NCOR1	7672	promoter
chr17	16353470	16354469	CENPV	29920	promoter
chr17	16380091	16381090	UBB	12463	promoter
chr17	16414571	16415570	TRPV2	18082	promoter
chr17	16492194	16493193	LRRC75A	32403	promoter
chr17	16569205	16570204	ZNF287	13502	promoter
chr17	16653851	16654850	ZNF624	29254	promoter
chr17	16689241	16690240	CCDC144A	29072	promoter
chr17	16972119	16973118	TNFRSF13B	18153	promoter
chr17	17041457	17042456	MPRIP	30321	promoter
chr17	17206334	17207333	PLD6	30447	promoter
chr17	17237169	17238168	FLCN	27310	promoter
chr17	17281247	17282246	COPS3	2239	promoter
chr17	17302373	17303372	NT5M	15769	promoter
chr17	17476000	17476999	MED9	25487	promoter
chr17	17496396	17497395	RASD1	15828	promoter
chr17	17591709	17592708	PEMT	8830	promoter
chr17	17680458	17681457	RAI1	9834	promoter
chr17	17836987	17837986	SREBF1	11289	promoter
chr17	17972401	17973400	TOM1L2	11984	promoter
chr17	17971862	17972861	DRC3	25384	promoter
chr17	18039169	18040168	ATPAF2	18802	promoter
chr17	18038408	18039407	GID4	28453	promoter
chr17	18086948	18087947	DRG2	3030	promoter
chr17	18107756	18108755	MYO15A	7594	promoter
chr17	18182828	18183827	ALKBH5	25996	promoter
chr17	18224635	18225634	LLGL1	6628	promoter
chr17	18258739	18259738	FLII	3750	promoter
chr17	18259662	18260661	MIEF2	17920	promoter
chr17	18314995	18315994	TOP3A	11992	promoter
chr17	18314293	18315292	SMCR8	17921	promoter
chr17	18363551	18364550	SHMT1	10850	promoter
chr17	18376778	18377777	EVPLL	35236	promoter
chr17	18475789	18476788	LGALS9C	33874	promoter
chr17	18644392	18645391	TBC1D28	26858	promoter
chr17	18682315	18683314	FOXO3B	3822	promoter
chr17	18743054	18744053	FBXW10	1211	promoter
chr17	18780183	18781182	TVP23B	20399	promoter
chr17	18857131	18858130	PRPSAP2	9467	promoter
chr17	18951165	18952164	SLC5A10	23155	promoter
chr17	19004765	19005764	FAM83G	32554	promoter
chr17	19046958	19047957	GRAP	4562	promoter
chr17	19126589	19127588	GRAPL	37240	promoter
chr17	19236366	19237365	EPN2	18639	promoter
chr17	19377498	19378497	MAPK7	6880	promoter
chr17	19362724	19363723	B9D1	24123	promoter
chr17	19387191	19388190	MFAP4	7035	promoter
chr17	19410232	19411231	RNF112	12968	promoter
chr17	19532854	19533853	SLC47A1	25588	promoter
chr17	19647751	19648750	ALDH3A2	403	promoter
chr17	19716585	19717584	SLC47A2	26439	promoter
chr17	19748299	19749298	ALDH3A1	405	promoter
chr17	19867937	19868936	ULK2	13480	promoter
chr17	19977829	19978828	AKAP10	368	promoter
chr17	20008359	20009358	SPECC1	30615	promoter
chr17	20467540	20468539	LGALS9B	24842	promoter
chr17	20578724	20579723	CDRT15L2	34075	promoter
chr17	20588058	20589057	MEIS3P2	17638	promoter
chr17	21043012	21044011	USP22	12621	promoter
chr17	21125964	21126963	DHRS7B	24547	promoter
chr17	21214162	21215161	TMEM11	16823	promoter
chr17	21253411	21254410	NATD1	30770	promoter
chr17	21283711	21284710	MAP2K3	6843	promoter
chr17	21375357	21376356	KCNJ12	6258	promoter
chr17	21691523	21692522	KCNJ18	39080	promoter
chr17	27293114	27294113	WSB1	19221	promoter
chr17	27455448	27456447	KSR1	6465	promoter
chr17	27630188	27631187	LGALS9	6570	promoter
chr17	27800530	27801529	NOS2	7873	promoter
chr17	27893366	27894365	LYRM9	27314	promoter
chr17	28041677	28042676	NLK	29858	promoter
chr17	28318200	28319199	TMEM97	28106	promoter
chr17	28335473	28336472	IFT20	30989	promoter
chr17	28334761	28335760	TNFAIP1	11894	promoter
chr17	28357528	28358527	POLDIP2	23781	promoter
chr17	28356647	28357646	TMEM199	18085	promoter
chr17	28370694	28371693	SARM1	17074	promoter
chr17	28365200	28366199	SEBOX	32942	promoter
chr17	28370308	28371307	VTN	12724	promoter
chr17	28406213	28407212	SLC46A1	30521	promoter
chr17	28472644	28473643	SLC13A2	10917	promoter
chr17	28505348	28506347	FOXN1	12765	promoter
chr17	28552625	28553624	UNC119	12565	promoter
chr17	28571525	28572524	PIGS	14937	promoter
chr17	28576896	28577895	ALDOC	418	promoter
chr17	28599026	28600025	SPAG5	13452	promoter
chr17	28614186	28615185	RSKR	26314	promoter
chr17	28645159	28646158	BLTP2	28960	promoter
chr17	28661907	28662906	SDF2	10675	promoter
chr17	28661205	28662204	SUPT6H	11470	promoter
chr17	28711889	28712888	PROCA1	28600	promoter
chr17	28717869	28718868	RAB34	16519	promoter
chr17	28718985	28719984	RPL23A	10317	promoter
chr17	28727788	28728787	NEK8	13387	promoter
chr17	28726234	28727233	TLCD1	25177	promoter
chr17	28743011	28744010	TRAF4	12034	promoter
chr17	28854016	28855015	ERAL1	3424	promoter
chr17	28842791	28843790	FAM222B	25563	promoter
chr17	28897734	28898733	FLOT2	3758	promoter
chr17	28903080	28904079	DHRS13	28326	promoter
chr17	29042141	29043140	PIPOX	17804	promoter
chr17	28951519	28952518	PHF12	20816	promoter
chr17	29006034	29007033	SEZ6	15955	promoter
chr17	29180399	29181398	MYO18A	31104	promoter
chr17	29245859	29246858	CRYBA1	2394	promoter
chr17	29294149	29295148	NUFIP2	17634	promoter
chr17	29389363	29390362	TAOK1	29259	promoter
chr17	29567701	29568700	TP53I13	25102	promoter
chr17	29567038	29568037	ABHD15	26971	promoter
chr17	29592132	29593131	ANKRD13B	26363	promoter
chr17	29589649	29590648	GIT1	4272	promoter
chr17	29622913	29623912	CORO6	21356	promoter
chr17	29940634	29941633	EFCAB5	24801	promoter
chr17	29930229	29931228	SSH2	30580	promoter
chr17	30115816	30116815	NSRP1	25305	promoter
chr17	30235698	30236697	SLC6A4	11050	promoter
chr17	30291945	30292944	BLMH	1059	promoter
chr17	30334058	30335057	TMIGD1	32431	promoter
chr17	30377927	30378926	CPD	2301	promoter
chr17	30476408	30477407	GOSR1	4430	promoter
chr17	30824693	30825692	CRLF3	17177	promoter
chr17	30830966	30831965	ATAD5	25752	promoter
chr17	30906239	30907238	TEFM	26223	promoter
chr17	30920945	30921944	ADAP2	16487	promoter
chr17	30970039	30971038	RNF135	21158	promoter
chr17	31093977	31094976	NF1	7765	promoter
chr17	31297240	31298239	OMG	8135	promoter
chr17	31314055	31315054	EVI2B	3500	promoter
chr17	31321623	31322622	EVI2A	3499	promoter
chr17	31390675	31391674	RAB11FIP4	30267	promoter
chr17	31859245	31860244	COPRS	28848	promoter
chr17	31901709	31902708	UTP6	18279	promoter
chr17	31936007	31937006	SUZ12	17101	promoter
chr17	32006383	32007382	LRRC37B	29070	promoter
chr17	32141502	32142501	RHOT1	21168	promoter
chr17	32264832	32265831	RHBDL3	16502	promoter
chr17	32342174	32343173	C17orf75	30173	promoter
chr17	32349157	32350156	ZNF207	12998	promoter
chr17	32443510	32444509	PSMD11	9556	promoter
chr17	32485993	32486992	CDK5R1	1775	promoter
chr17	32877125	32878124	MYO1D	7598	promoter
chr17	32894433	32895432	H2BN1	56200	promoter
chr17	32927153	32928152	TMEM98	24529	promoter
chr17	32990847	32991846	SPACA3	16260	promoter
chr17	33293296	33294295	ASIC2	99	promoter
chr17	34254285	34255284	CCL2	10618	promoter
chr17	34269221	34270220	CCL7	10634	promoter
chr17	34284742	34285741	CCL11	10610	promoter
chr17	34318435	34319434	CCL8	10635	promoter
chr17	34355480	34356479	CCL13	10611	promoter
chr17	34363234	34364233	CCL1	10609	promoter
chr17	34578582	34579581	TMEM132E	26991	promoter
chr17	34960540	34961539	ZNF830	28291	promoter
chr17	34979512	34980511	LIG3	6600	promoter
chr17	34961461	34962460	CCT6B	1621	promoter
chr17	35063708	35064707	RFFL	24821	promoter
chr17	35119861	35120860	RAD51D	9823	promoter
chr17	35120615	35121614	FNDC8	25286	promoter
chr17	35142304	35143303	NLE1	19889	promoter
chr17	35146817	35147816	UNC45B	14304	promoter
chr17	35194394	35195393	SLC35G3	26848	promoter
chr17	35242072	35243071	SLFN5	28286	promoter
chr17	35373622	35374621	SLFN11	26633	promoter
chr17	35432501	35433500	SLFN12	25500	promoter
chr17	35448767	35449766	SLFN13	26481	promoter
chr17	35537679	35538678	SLFN12L	33920	promoter
chr17	35560820	35561819	SLFN14	32689	promoter
chr17	35586322	35587321	AP2B1	563	promoter
chr17	35578572	35579571	PEX12	8854	promoter
chr17	35730639	35731638	RASL10B	30295	promoter
chr17	35753240	35754239	GAS2L2	24846	promoter
chr17	35759887	35760886	C17orf50	29581	promoter
chr17	35795642	35796641	MMP28	14366	promoter
chr17	35808484	35809483	TAF15	11547	promoter
chr17	35868892	35869891	HEATR9	26548	promoter
chr17	35880361	35881360	CCL5	10632	promoter
chr17	35930774	35931773	RDM1	19950	promoter
chr17	35943714	35944713	LYZL6	29614	promoter
chr17	35981498	35982497	CCL16	10614	promoter
chr17	35986730	35987729	CCL14	10612	promoter
chr17	36001554	36002553	CCL15	10613	promoter
chr17	36017973	36018972	CCL23	10622	promoter
chr17	36063272	36064271	CCL18	10616	promoter
chr17	36090144	36091143	CCL3	10627	promoter
chr17	36102827	36103826	CCL4	10630	promoter
chr17	36176637	36177636	TBC1D3B	27011	promoter
chr17	36196759	36197758	CCL3L3	30554	promoter
chr17	36210063	36211062	CCL4L2	24066	promoter
chr17	36264571	36265570	TBC1D3I	32709	promoter
chr17	36322884	36323883	TBC1D3G	29860	promoter
chr17	36388436	36389435	TBC1D3H	30708	promoter
chr17	36439567	36440566	TBC1D3F	18257	promoter
chr17	36485681	36486680	ZNHIT3	12309	promoter
chr17	36533987	36534986	PIGW	23213	promoter
chr17	36534869	36535868	MYO19	26234	promoter
chr17	36543919	36544918	GGNBP2	19357	promoter
chr17	36590879	36591878	DHRS11	28639	promoter
chr17	36600583	36601582	MRM1	26202	promoter
chr17	36936475	36937474	LHX1	6593	promoter
chr17	36947954	36948953	AATF	19235	promoter
chr17	37374985	37375984	C17orf78	26831	promoter
chr17	37406837	37407836	ACACA	84	promoter
chr17	37405886	37406885	TADA2A	11531	promoter
chr17	37488891	37489890	DUSP14	17007	promoter
chr17	37609419	37610418	SYNRG	557	promoter
chr17	37643447	37644446	DDX52	20038	promoter
chr17	37745060	37746059	HNF1B	11630	promoter
chr17	37923415	37924414	TBC1D3K	51245	promoter
chr17	37989061	37990060	TBC1D3L	51246	promoter
chr17	38002976	38003975	TBC1D3D	28944	promoter
chr17	38068635	38069634	TBC1D3C	24889	promoter
chr17	38126951	38127950	TBC1D3E	27071	promoter
chr17	38192556	38193555	TBC1D3	19031	promoter
chr17	38296168	38297167	MRPL45	16651	promoter
chr17	38343957	38344956	GPR179	31371	promoter
chr17	38350844	38351843	SOCS7	29846	promoter
chr17	38427464	38428463	ARHGAP23	29293	promoter
chr17	38605953	38606952	SRCIN1	29506	promoter
chr17	38674958	38675957	EPOP	34493	promoter
chr17	38704273	38705272	MLLT6	7138	promoter
chr17	38729341	38730340	CISD3	27578	promoter
chr17	38748337	38749336	PCGF2	12929	promoter
chr17	38751741	38752740	PSMB3	9540	promoter
chr17	38799557	38800556	PIP4K2B	8998	promoter
chr17	38825322	38826321	CWC25	25989	promoter
chr17	38841439	38842438	SPMAP1	34492	promoter
chr17	38853722	38854721	RPL23	10316	promoter
chr17	38869058	38870057	LASP1	6513	promoter
chr17	38924614	38925613	LASP1NB	44353	promoter
chr17	38967404	38968403	FBXO47	31969	promoter
chr17	39151638	39152637	PLXDC1	20945	promoter
chr17	39166162	39167161	ARL5C	31111	promoter
chr17	39197670	39198669	CACNB1	1401	promoter
chr17	39199283	39200282	RPL19	10312	promoter
chr17	39225946	39226945	STAC2	23990	promoter
chr17	39401627	39402626	FBXL20	24679	promoter
chr17	39451264	39452263	MED1	9234	promoter
chr17	39460486	39461485	CDK12	24224	promoter
chr17	39607921	39608920	NEUROD2	7763	promoter
chr17	39625952	39626951	PPP1R1B	9287	promoter
chr17	39636144	39637143	STARD3	17579	promoter
chr17	39664349	39665348	TCAP	11610	promoter
chr17	39667453	39668452	PNMT	9160	promoter
chr17	39699064	39700063	ERBB2	3430	promoter
chr17	39688058	39689057	PGAP3	23719	promoter
chr17	39730533	39731532	MIEN1	28230	promoter
chr17	39736938	39737937	GRB7	4567	promoter
chr17	39864313	39865312	IKZF3	13178	promoter
chr17	39867202	39868201	ZPBP2	20678	promoter
chr17	39918636	39919635	GSDMB	23690	promoter
chr17	39927602	39928601	ORMDL3	16038	promoter
chr17	39926732	39927731	LRRC3C	40034	promoter
chr17	39962004	39963003	GSDMA	13311	promoter
chr17	39979807	39980806	PSMD3	9560	promoter
chr17	40014440	40015439	CSF3	2438	promoter
chr17	40061965	40062964	THRA	11796	promoter
chr17	40054409	40055408	MED24	22963	promoter
chr17	40100590	40101589	NR1D1	7962	promoter
chr17	40120971	40121970	MSL1	27905	promoter
chr17	40139537	40140536	CASC3	17040	promoter
chr17	40176470	40177469	RAPGEFL1	17428	promoter
chr17	40218304	40219303	WIPF2	30923	promoter
chr17	40286879	40287878	CDC6	1744	promoter
chr17	40308180	40309179	RARA	9864	promoter
chr17	40364738	40365737	GJD3	19147	promoter
chr17	40417897	40418896	TOP2A	11989	promoter
chr17	40442450	40443449	IGFBP4	5473	promoter
chr17	40501624	40502623	TNS4	24352	promoter
chr17	40565473	40566472	CCR7	1608	promoter
chr17	40647819	40648818	SMARCE1	11109	promoter
chr17	40665178	40666177	KRT222	28695	promoter
chr17	40703753	40704752	KRT24	18527	promoter
chr17	40755332	40756331	KRT25	30839	promoter
chr17	40772202	40773201	KRT26	30840	promoter
chr17	40782551	40783550	KRT27	30841	promoter
chr17	40799960	40800959	KRT28	30842	promoter
chr17	40822615	40823614	KRT10	6413	promoter
chr17	40867224	40868223	KRT12	6414	promoter
chr17	40885243	40886242	KRT20	20412	promoter
chr17	40937647	40938646	KRT23	6438	promoter
chr17	40966949	40967948	KRT39	32971	promoter
chr17	40984327	40985326	KRT40	26707	promoter
chr17	40994165	40995164	KRTAP3-3	18890	promoter
chr17	40999907	41000906	KRTAP3-2	16779	promoter
chr17	41009129	41010128	KRTAP3-1	16778	promoter
chr17	41027209	41028208	KRTAP1-5	16777	promoter
chr17	41030196	41031195	KRTAP1-4	18904	promoter
chr17	41034875	41035874	KRTAP1-3	16771	promoter
chr17	41041451	41042450	KRTAP1-1	16772	promoter
chr17	41047317	41048316	KRTAP2-1	16775	promoter
chr17	41055231	41056230	KRTAP2-2	18905	promoter
chr17	41060115	41061114	KRTAP2-3	18906	promoter
chr17	41065880	41066879	KRTAP2-4	18891	promoter
chr17	41083150	41084149	KRTAP4-7	18898	promoter
chr17	41098143	41099142	KRTAP4-8	17230	promoter
chr17	41102210	41103209	KRTAP4-16	18921	promoter
chr17	41104389	41105388	KRTAP4-9	18910	promoter
chr17	41118374	41119373	KRTAP4-11	18911	promoter
chr17	41124183	41125182	KRTAP4-12	16776	promoter
chr17	41140545	41141544	KRTAP4-6	18909	promoter
chr17	41149826	41150825	KRTAP4-5	18899	promoter
chr17	41160749	41161748	KRTAP4-4	16928	promoter
chr17	41168222	41169221	KRTAP4-3	18908	promoter
chr17	41178222	41179221	KRTAP4-2	18900	promoter
chr17	41184912	41185911	KRTAP4-1	18907	promoter
chr17	41188887	41189886	KRTAP9-1	18912	promoter
chr17	41225648	41226647	KRTAP9-2	16926	promoter
chr17	41231449	41232448	KRTAP9-3	16927	promoter
chr17	41236999	41237998	KRTAP9-8	17231	promoter
chr17	41248687	41249686	KRTAP9-4	18902	promoter
chr17	41254384	41255383	KRTAP9-9	16773	promoter
chr17	41264378	41265377	KRTAP9-6	18914	promoter
chr17	41274698	41275697	KRTAP9-7	18915	promoter
chr17	41302852	41303851	KRTAP29-1	34211	promoter
chr17	41309310	41310309	KRTAP16-1	18916	promoter
chr17	41315711	41316710	KRTAP17-1	18917	promoter
chr17	41350829	41351828	KRT33A	6450	promoter
chr17	41369814	41370813	KRT33B	6451	promoter
chr17	41382307	41383306	KRT34	6452	promoter
chr17	41397609	41398608	KRT31	6448	promoter
chr17	41424586	41425585	KRT37	6455	promoter
chr17	41440984	41441983	KRT38	6456	promoter
chr17	41467387	41468386	KRT32	6449	promoter
chr17	41481152	41482151	KRT35	6453	promoter
chr17	41489911	41490910	KRT36	6454	promoter
chr17	41505613	41506612	KRT13	6415	promoter
chr17	41518891	41519890	KRT15	6421	promoter
chr17	41528309	41529308	KRT19	6436	promoter
chr17	41572060	41573059	KRT9	6447	promoter
chr17	41586896	41587895	KRT14	6416	promoter
chr17	41612768	41613767	KRT16	6423	promoter
chr17	41624576	41625575	KRT17	6427	promoter
chr17	41687885	41688884	EIF1	3249	promoter
chr17	41711331	41712330	GAST	4164	promoter
chr17	41734644	41735643	HAP1	4812	promoter
chr17	41786712	41787711	JUP	6207	promoter
chr17	41811950	41812949	P3H4	16946	promoter
chr17	41812004	41813003	FKBP10	18169	promoter
chr17	41836825	41837824	KLHL10	18829	promoter
chr17	41836233	41837232	NT5C3B	28300	promoter
chr17	41865424	41866423	KLHL11	19008	promoter
chr17	41918952	41919951	ACLY	115	promoter
chr17	41929617	41930616	ODAD4	25280	promoter
chr17	41965795	41966794	CNP	2158	promoter
chr17	42019090	42020089	NKIRAS2	17898	promoter
chr17	42017440	42018439	DNAJC7	12392	promoter
chr17	42050602	42051601	C17orf113	53437	promoter
chr17	42098474	42099473	ZNF385C	33722	promoter
chr17	42112715	42113714	DHX58	29517	promoter
chr17	42121368	42122367	KAT2A	4201	promoter
chr17	42121804	42122803	HSPB9	30589	promoter
chr17	42154990	42155989	RAB5C	9785	promoter
chr17	42181143	42182142	KCNH4	6253	promoter
chr17	42185453	42186452	HCRT	4847	promoter
chr17	42194495	42195494	GHDC	24438	promoter
chr17	42287498	42288497	STAT5A	11366	promoter
chr17	42276392	42277391	STAT5B	11367	promoter
chr17	42388443	42389442	STAT3	11364	promoter
chr17	42423257	42424256	CAVIN1	9688	promoter
chr17	42457878	42458877	ATP6V0A1	865	promoter
chr17	42535241	42536240	NAGLU	7632	promoter
chr17	42551923	42552922	HSD17B1	5210	promoter
chr17	42561148	42562147	COASY	29932	promoter
chr17	42566100	42567099	MLX	11645	promoter
chr17	42577730	42578729	PSMC3IP	17928	promoter
chr17	42608683	42609682	TUBG1	12417	promoter
chr17	42609375	42610374	RETREG3	27258	promoter
chr17	42658284	42659283	TUBG2	12419	promoter
chr17	42676995	42677994	PLEKHH3	26105	promoter
chr17	42681531	42682530	CNTNAP1	8011	promoter
chr17	42681844	42682843	CCR10	4474	promoter
chr17	42745041	42746040	EZH1	3526	promoter
chr17	42760227	42761226	RAMP2	9844	promoter
chr17	42772449	42773448	VPS25	28122	promoter
chr17	42779610	42780609	WNK4	14544	promoter
chr17	42798705	42799704	COA3	24990	promoter
chr17	42797861	42798860	CNTD1	26847	promoter
chr17	42832397	42833396	PSME3	9570	promoter
chr17	42824283	42825282	BECN1	1034	promoter
chr17	42843580	42844579	AOC2	549	promoter
chr17	42850199	42851198	AOC3	550	promoter
chr17	42899799	42900798	G6PC1	4056	promoter
chr17	42964455	42965454	AARSD1	28417	promoter
chr17	42980081	42981080	PTGES3L	43943	promoter
chr17	42979565	42980564	RUNDC1	25418	promoter
chr17	42997419	42998418	RPL27	10328	promoter
chr17	43005784	43006783	IFI35	5399	promoter
chr17	43022386	43023385	VAT1	16919	promoter
chr17	43024231	43025230	RND2	18315	promoter
chr17	43125365	43126364	BRCA1	1100	promoter
chr17	43170214	43171213	NBR1	6746	promoter
chr17	43210875	43211874	TMEM106A	28288	promoter
chr17	43228624	43229623	CCDC200	43658	promoter
chr17	43397993	43398992	ARL4D	656	promoter
chr17	43482975	43483974	DHX8	2749	promoter
chr17	43546341	43547340	ETV4	3493	promoter
chr17	43661923	43662922	MEOX1	7013	promoter
chr17	43758792	43759791	SOST	13771	promoter
chr17	43778978	43779977	DUSP3	3069	promoter
chr17	43779435	43780434	CFAP97D1	37241	promoter
chr17	43833147	43834146	MPP3	7221	promoter
chr17	43846176	43847175	CD300LG	30455	promoter
chr17	43907537	43908536	MPP2	7220	promoter
chr17	43942477	43943476	PPY	9327	promoter
chr17	43953941	43954940	PYY	9748	promoter
chr17	44003622	44004621	NAGS	17996	promoter
chr17	44014964	44015963	TMEM101	28653	promoter
chr17	44066672	44067671	LSM12	26407	promoter
chr17	44069735	44070734	G6PC3	24861	promoter
chr17	44123642	44124641	HDAC5	14068	promoter
chr17	44140930	44141929	HROB	28460	promoter
chr17	44169704	44170703	ASB16	19768	promoter
chr17	44185972	44186971	TMUB2	28459	promoter
chr17	44199885	44200884	ATXN7L3	25416	promoter
chr17	44219676	44220675	UBTF	12511	promoter
chr17	44268136	44269135	SLC4A1	11027	promoter
chr17	44307601	44308600	RUNDC3A	16984	promoter
chr17	44324824	44325823	SLC25A39	24279	promoter
chr17	44344302	44345301	GRN	4601	promoter
chr17	44363854	44364853	FAM171A2	30480	promoter
chr17	44389650	44390649	ITGA2B	6138	promoter
chr17	44503407	44504406	GPATCH8	29066	promoter
chr17	44556484	44557483	FZD2	4040	promoter
chr17	44655468	44656467	MEIOC	26670	promoter
chr17	44689777	44690776	CCDC43	26472	promoter
chr17	44707665	44708664	DBF4B	17883	promoter
chr17	44757988	44758987	ADAM11	189	promoter
chr17	44830288	44831287	GJC1	4280	promoter
chr17	44846883	44847882	HIGD1B	24318	promoter
chr17	44898729	44899728	CCDC103	32700	promoter
chr17	44899446	44900445	EFTUD2	30858	promoter
chr17	44902433	44903432	FAM187A	35153	promoter
chr17	44915501	44916500	GFAP	4235	promoter
chr17	44947774	44948773	KIF18B	27102	promoter
chr17	45060317	45061316	NMT1	7857	promoter
chr17	44968304	44969303	C1QL1	24182	promoter
chr17	45051633	45052632	DCAKD	26238	promoter
chr17	45134687	45135686	ACBD4	23337	promoter
chr17	45132516	45133515	PLCD3	9061	promoter
chr17	45147475	45148474	HEXIM1	24953	promoter
chr17	45160875	45161874	HEXIM2	28591	promoter
chr17	45220885	45221884	FMNL1	1212	promoter
chr17	45262095	45263094	SPATA32	26349	promoter
chr17	45317021	45318020	MAP3K14	6853	promoter
chr17	45432871	45433870	ARHGAP27	31813	promoter
chr17	45490722	45491721	PLEKHM1	29017	promoter
chr17	45783320	45784319	CRHR1	2357	promoter
chr17	45843881	45844880	SPPL2C	28902	promoter
chr17	45893554	45894553	MAPT	6893	promoter
chr17	45998250	45999249	STH	18839	promoter
chr17	46193430	46194429	KANSL1	24565	promoter
chr17	46294131	46295130	LRRC37A	29069	promoter
chr17	46361767	46362766	ARL17B	32387	promoter
chr17	46511468	46512467	LRRC37A2	32404	promoter
chr17	46579692	46580691	ARL17A	24096	promoter
chr17	46589669	46590668	NSF	8016	promoter
chr17	46818693	46819692	WNT3	12782	promoter
chr17	46850583	46851582	WNT9B	12779	promoter
chr17	46922160	46923159	GOSR2	4431	promoter
chr17	46979254	46980253	RPRML	32422	promoter
chr17	47189296	47190295	CDC27	1728	promoter
chr17	47208348	47209347	MYL4	7585	promoter
chr17	47252827	47253826	ITGB3	6156	promoter
chr17	47322955	47323954	EFCAB13	26864	promoter
chr17	47530108	47531107	NPEPPS	7900	promoter
chr17	47648919	47649918	KPNB1	6400	promoter
chr17	47693161	47694160	TBKBP1	30140	promoter
chr17	47732236	47733235	TBX21	11599	promoter
chr17	47821795	47822794	OSBPL7	16387	promoter
chr17	47831542	47832541	MRPL10	14055	promoter
chr17	47830670	47831669	LRRC46	25047	promoter
chr17	47841274	47842273	SCRN2	30381	promoter
chr17	47851164	47852163	SP6	14530	promoter
chr17	47895236	47896235	SP2	11207	promoter
chr17	47940571	47941570	PNPO	30260	promoter
chr17	47957884	47958883	PRR15L	28149	promoter
chr17	47970113	47971112	CDK5RAP3	18673	promoter
chr17	48037798	48038797	COPZ2	19356	promoter
chr17	48047359	48048358	NFE2L1	7781	promoter
chr17	48101479	48102478	CBX1	1551	promoter
chr17	48106766	48107765	SNX11	14975	promoter
chr17	48430215	48431214	SKAP1	15605	promoter
chr17	48531012	48532011	HOXB1	5111	promoter
chr17	48545110	48546109	HOXB2	5113	promoter
chr17	48578351	48579350	HOXB4	5115	promoter
chr17	48593780	48594779	HOXB5	5116	promoter
chr17	48590242	48591241	HOXB3	5114	promoter
chr17	48604987	48605986	HOXB6	5117	promoter
chr17	48615293	48616292	HOXB8	5119	promoter
chr17	48626359	48627358	HOXB9	5120	promoter
chr17	48611018	48612017	HOXB7	5118	promoter
chr17	48722519	48723518	PRAC1	30591	promoter
chr17	48722185	48723184	PRAC2	30143	promoter
chr17	48728751	48729750	HOXB13	5112	promoter
chr17	48817230	48818229	TTLL6	26664	promoter
chr17	48830035	48831034	CALCOCO2	29912	promoter
chr17	48891787	48892786	ATP5MC1	841	promoter
chr17	48907407	48908406	UBE2Z	25847	promoter
chr17	48944843	48945842	SNF8	17028	promoter
chr17	48968597	48969596	GIP	4270	promoter
chr17	48996385	48997384	IGF2BP1	28866	promoter
chr17	49131769	49132768	B4GALNT2	24136	promoter
chr17	49209707	49210706	ABI3	29859	promoter
chr17	49210575	49211574	GNGT2	4412	promoter
chr17	49230788	49231787	PHOSPHO1	16815	promoter
chr17	49362251	49363250	ZNF652	29147	promoter
chr17	49414883	49415882	PHB1	8912	promoter
chr17	49494293	49495292	NGFR	7809	promoter
chr17	49574871	49575870	NXPH3	8077	promoter
chr17	49678098	49679097	SPOP	11254	promoter
chr17	49707965	49708964	SLC35B1	20798	promoter
chr17	49787681	49788680	KAT7	17016	promoter
chr17	49764132	49765131	FAM117A	24179	promoter
chr17	49848070	49849069	TAC4	16641	promoter
chr17	49968190	49969189	DLX4	2917	promoter
chr17	49995225	49996224	DLX3	2916	promoter
chr17	50055110	50056109	ITGA3	6139	promoter
chr17	50094351	50095350	PDK2	8810	promoter
chr17	50130161	50131160	SAMD14	27312	promoter
chr17	50150678	50151677	PPP1R9B	9298	promoter
chr17	50165005	50166004	SGCA	10805	promoter
chr17	50201632	50202631	COL1A1	2197	promoter
chr17	50273466	50274465	TMEM92	26579	promoter
chr17	50345126	50346125	XYLT2	15517	promoter
chr17	50373185	50374184	MRPL27	14483	promoter
chr17	50372229	50373228	EME1	24965	promoter
chr17	50397524	50398523	LRRC59	28817	promoter
chr17	50425218	50426217	ACSF2	26101	promoter
chr17	50468881	50469880	CHAD	1909	promoter
chr17	50477860	50478859	RSAD1	25634	promoter
chr17	50507439	50508438	MYCBPAP	19677	promoter
chr17	50531735	50532734	EPN3	18235	promoter
chr17	50546174	50547173	SPATA20	26125	promoter
chr17	50559715	50560714	CACNA1G	1394	promoter
chr17	50633881	50634880	ABCC3	54	promoter
chr17	50707915	50708914	ANKRD40	28233	promoter
chr17	50718603	50719602	LUC7L3	24309	promoter
chr17	50767519	50768518	ANKRD40CL	26080	promoter
chr17	50834586	50835585	WFIKKN2	30916	promoter
chr17	50866355	50867354	TOB1	11979	promoter
chr17	51120869	51121868	SPAG9	14524	promoter
chr17	51152559	51153558	NME1	7849	promoter
chr17	51165411	51166410	NME2	7850	promoter
chr17	51260050	51261049	MBTD1	19866	promoter
chr17	51259546	51260545	UTP18	24274	promoter
chr17	52158715	52159714	CA10	1369	promoter
chr17	53821927	53822926	KIF2B	29443	promoter
chr17	54899852	54900851	TOM1L1	11983	promoter
chr17	54968655	54969654	COX11	2261	promoter
chr17	54967765	54968764	STXBP4	19694	promoter
chr17	55263960	55264959	HLF	4977	promoter
chr17	55421836	55422835	MMD	7153	promoter
chr17	55511453	55512452	SMIM36	53654	promoter
chr17	55722865	55723864	TMEM100	25607	promoter
chr17	55750051	55751050	PCTP	8752	promoter
chr17	56152475	56153474	ANKFN1	26766	promoter
chr17	56592699	56593698	NOG	7866	promoter
chr17	56833151	56834150	DGKE	2852	promoter
chr17	56833921	56834920	C17orf67	27900	promoter
chr17	56914050	56915049	TRIM25	12932	promoter
chr17	56961051	56962050	COIL	2184	promoter
chr17	56977131	56978130	SCPEP1	29507	promoter
chr17	57084246	57085245	AKAP1	367	promoter
chr17	57255523	57256522	MSI2	18585	promoter
chr17	57745300	57746299	CCDC182	49392	promoter
chr17	57850045	57851044	MRPS23	14509	promoter
chr17	57955413	57956412	CUEDC1	31350	promoter
chr17	57988255	57989254	VEZF1	12949	promoter
chr17	58007247	58008246	SRSF1	10780	promoter
chr17	58082419	58083418	DYNLL2	24596	promoter
chr17	58147384	58148383	OR4D1	8293	promoter
chr17	58165982	58166981	OR4D2	8294	promoter
chr17	58191726	58192725	EPX	3423	promoter
chr17	58237584	58238583	LPO	6678	promoter
chr17	58219256	58220255	MKS1	7121	promoter
chr17	58280936	58281935	MPO	7218	promoter
chr17	58328796	58329795	TSPOAP1	16831	promoter
chr17	58352202	58353201	SUPT4H1	11467	promoter
chr17	58417535	58418534	RNF43	18505	promoter
chr17	58488409	58489408	HSF5	26862	promoter
chr17	58514639	58515638	MTMR4	7452	promoter
chr17	58544329	58545328	SEPTIN4	9165	promoter
chr17	58692046	58693045	IGBP1C	43611	promoter
chr17	58692046	58693045	TEX14	11737	promoter
chr17	58691602	58692601	RAD51C	9820	promoter
chr17	58754854	58755853	PPM1E	19322	promoter
chr17	59106881	59107880	TRIM37	7523	promoter
chr17	59155187	59156186	SKA2	28006	promoter
chr17	59154746	59155745	PRR11	25619	promoter
chr17	59209035	59210034	SMG8	25551	promoter
chr17	59219511	59220510	GDPD1	20883	promoter
chr17	59330655	59331654	YPEL2	18326	promoter
chr17	59564610	59565609	DHX40	18018	promoter
chr17	59618895	59619894	CLTC	2092	promoter
chr17	59706654	59707653	VMP1	29559	promoter
chr17	59707431	59708430	PTRH2	24265	promoter
chr17	59892944	59893943	TUBD1	16811	promoter
chr17	59892121	59893120	RPS6KB1	10436	promoter
chr17	59964741	59965740	RNFT1	30206	promoter
chr17	60078922	60079921	HEATR6	24076	promoter
chr17	60148973	60149972	CA4	1375	promoter
chr17	60421489	60422488	CHCT1	26990	promoter
chr17	60392134	60393133	USP32	19143	promoter
chr17	60526243	60527242	APPBP2	622	promoter
chr17	60599193	60600192	PPM1D	9277	promoter
chr17	60676851	60677850	BCAS3	14347	promoter
chr17	61398843	61399842	TBX2	11597	promoter
chr17	61451422	61452421	TBX4	11603	promoter
chr17	61591220	61592219	NACA2	23290	promoter
chr17	61863529	61864528	BRIP1	20473	promoter
chr17	61927983	61928982	INTS2	29241	promoter
chr17	62065279	62066278	MED13	22474	promoter
chr17	62379553	62380552	EFCAB3	26379	promoter
chr17	62422897	62423896	METTL2A	25755	promoter
chr17	62477825	62478824	TLK2	11842	promoter
chr17	62626670	62627669	MRC2	16875	promoter
chr17	62808315	62809314	MARCHF10	26655	promoter
chr17	62965235	62966234	TANC2	30212	promoter
chr17	63446307	63447306	CYB561	2571	promoter
chr17	63476061	63477060	ACE	2707	promoter
chr17	63522358	63523357	KCNH6	18862	promoter
chr17	63549477	63550476	DCAF7	30915	promoter
chr17	63599895	63600894	TACO1	24316	promoter
chr17	63621417	63622416	MAP3K3	6855	promoter
chr17	63700126	63701125	LIMD2	28142	promoter
chr17	63741800	63742799	STRADA	30172	promoter
chr17	63773170	63774169	DDX42	18676	promoter
chr17	63773598	63774597	CCDC47	24856	promoter
chr17	63826431	63827430	PSMC5	9552	promoter
chr17	63827664	63828663	FTSJ3	17136	promoter
chr17	63842686	63843685	SMARCD2	11107	promoter
chr17	63873678	63874677	CSH2	2441	promoter
chr17	63881945	63882944	GH2	4262	promoter
chr17	63896575	63897574	CSH1	2440	promoter
chr17	63911259	63912258	CSHL1	2442	promoter
chr17	63918840	63919839	GH1	4261	promoter
chr17	63932332	63933331	CD79B	1699	promoter
chr17	63972919	63973918	SCN4A	10591	promoter
chr17	63997351	63998350	PRR29	25673	promoter
chr17	64020634	64021633	ICAM2	5345	promoter
chr17	64130145	64131144	ERN1	3449	promoter
chr17	64263261	64264260	TEX2	30884	promoter
chr17	64390861	64391860	PECAM1	8823	promoter
chr17	64448115	64449114	MILR1	27570	promoter
chr17	64497055	64498054	POLG2	9180	promoter
chr17	64505977	64506976	CEP95	25141	promoter
chr17	64506290	64507289	DDX5	2746	promoter
chr17	64662308	64663307	SMURF2	16809	promoter
chr17	64919479	64920478	LRRC37A3	32427	promoter
chr17	65056741	65057740	GNA13	4381	promoter
chr17	65136370	65137369	RGS9	10004	promoter
chr17	65561649	65562648	AXIN2	904	promoter
chr17	66192134	66193133	CEP112	28514	promoter
chr17	66229416	66230415	APOH	616	promoter
chr17	66301613	66302612	PRKCA	9393	promoter
chr17	66834117	66835116	CACNG5	1409	promoter
chr17	66963707	66964706	CACNG4	1408	promoter
chr17	67043554	67044553	CACNG1	1405	promoter
chr17	67245197	67246196	HELZ	16878	promoter
chr17	67366578	67367577	PSMD12	9557	promoter
chr17	67376281	67377280	PITPNC1	21045	promoter
chr17	67716936	67717935	NOL11	24557	promoter
chr17	67824503	67825502	BPTF	3581	promoter
chr17	67996470	67997469	C17orf58	27568	promoter
chr17	68034735	68035734	KPNA2	6395	promoter
chr17	68247043	68248042	AMZ2	28041	promoter
chr17	68290495	68291494	ARSG	24102	promoter
chr17	68291128	68292127	SLC16A6	10927	promoter
chr17	68457497	68458496	WIPI1	25471	promoter
chr17	68511430	68512429	PRKAR1A	9388	promoter
chr17	68601368	68602367	FAM20A	23015	promoter
chr17	68955393	68956392	ABCA8	38	promoter
chr17	69060928	69061927	ABCA9	39	promoter
chr17	69141896	69142895	ABCA6	36	promoter
chr17	69228825	69229824	ABCA10	30	promoter
chr17	69327134	69328133	ABCA5	35	promoter
chr17	69413697	69414696	MAP2K6	6846	promoter
chr17	70074225	70075224	KCNJ16	6262	promoter
chr17	70168532	70169531	KCNJ2	6263	promoter
chr17	72120020	72121019	SOX9	11204	promoter
chr17	73092689	73093688	SLC39A11	14463	promoter
chr17	73164010	73165009	SSTR2	11331	promoter
chr17	73192055	73193054	COG1	6545	promoter
chr17	73231433	73232432	MTNAP1	29601	promoter
chr17	73232395	73233394	VCF1	25918	promoter
chr17	73261881	73262880	CPSF4L	33632	promoter
chr17	73312002	73313001	CDC42EP4	17147	promoter
chr17	73644446	73645445	SDK2	19308	promoter
chr17	74202678	74203677	RPL38	10349	promoter
chr17	74212571	74213570	TTYH2	13877	promoter
chr17	74273234	74274233	DNAI2	18744	promoter
chr17	74325226	74326225	KIF19	26735	promoter
chr17	74361869	74362868	BTBD17	33758	promoter
chr17	74366506	74367505	GPR142	20088	promoter
chr17	74431088	74432087	GPRC5C	13309	promoter
chr17	74465634	74466633	CD300A	19319	promoter
chr17	74531476	74532475	CD300LB	30811	promoter
chr17	74546116	74547115	CD300C	19320	promoter
chr17	74567344	74568343	CD300H	52292	promoter
chr17	74592284	74593283	CD300LD	16848	promoter
chr17	74623739	74624738	CD300E	28874	promoter
chr17	74736256	74737255	RAB37	30268	promoter
chr17	74712924	74713923	CD300LF	29883	promoter
chr17	74747628	74748627	NHERF1	11075	promoter
chr17	74776346	74777345	NAT9	23133	promoter
chr17	74775499	74776498	TMEM104	25984	promoter
chr17	74859886	74860885	GRIN2C	4587	promoter
chr17	74872995	74873994	FDXR	3642	promoter
chr17	74893634	74894633	FADS6	30459	promoter
chr17	74923273	74924272	OTOP2	19657	promoter
chr17	74923256	74924255	USH1G	16356	promoter
chr17	74934898	74935897	OTOP3	19658	promoter
chr17	74972760	74973759	HID1	15736	promoter
chr17	74986632	74987631	CDR2L	29999	promoter
chr17	75011670	75012669	MRPL58	5359	promoter
chr17	75046225	75047224	KCTD2	21294	promoter
chr17	75046970	75047969	ATP5PD	845	promoter
chr17	75086954	75087953	SLC16A5	10926	promoter
chr17	75108969	75109968	ARMC7	26168	promoter
chr17	75131743	75132742	NT5C	17144	promoter
chr17	75154513	75155512	JPT1	14569	promoter
chr17	75182960	75183959	SUMO2	11125	promoter
chr17	75204679	75205678	NUP85	8734	promoter
chr17	75260879	75261878	MRPS7	14499	promoter
chr17	75261607	75262606	GGA3	17079	promoter
chr17	75271232	75272231	MIF4GD	24030	promoter
chr17	75289434	75290433	SLC25A19	14409	promoter
chr17	75405679	75406678	GRB2	4566	promoter
chr17	75455635	75456634	TMEM94	28983	promoter
chr17	75515538	75516537	CASKIN2	18200	promoter
chr17	75515528	75516527	TSEN54	27561	promoter
chr17	75524697	75525696	LLGL2	6629	promoter
chr17	75586800	75587799	MYO15B	14083	promoter
chr17	75632434	75633433	SMIM5	40030	promoter
chr17	75645251	75646250	SMIM6	40032	promoter
chr17	75667155	75668154	RECQL5	9950	promoter
chr17	75666338	75667337	SAP30BP	30785	promoter
chr17	75720459	75721458	ITGB4	6158	promoter
chr17	75765193	75766192	GALK1	4118	promoter
chr17	75783806	75784805	UNK	29369	promoter
chr17	75779780	75780779	H3-3B	4765	promoter
chr17	75844405	75845404	UNC13D	23147	promoter
chr17	75855336	75856335	WBP2	12738	promoter
chr17	75878582	75879581	TRIM47	19020	promoter
chr17	75896952	75897951	TRIM65	27316	promoter
chr17	75904885	75905884	MRPL38	14033	promoter
chr17	75941043	75942042	FBF1	24674	promoter
chr17	75979167	75980166	ACOX1	119	promoter
chr17	75978240	75979239	TEN1	37242	promoter
chr17	75999855	76000854	CDK3	1772	promoter
chr17	76027307	76028306	EVPL	3503	promoter
chr17	76078182	76079181	ZACN	29504	promoter
chr17	76072518	76073517	SRP68	11302	promoter
chr17	76073781	76074780	GALR2	4133	promoter
chr17	76103788	76104787	EXOC7	23214	promoter
chr17	76141246	76142245	FOXJ1	3816	promoter
chr17	76240494	76241493	RNF157	29402	promoter
chr17	76264348	76265347	UBALD2	28438	promoter
chr17	76308277	76309276	QRICH2	25326	promoter
chr17	76383609	76384608	SPHK1	11240	promoter
chr17	76353917	76354916	PRPSAP1	9466	promoter
chr17	76453153	76454152	UBE2O	29554	promoter
chr17	76466603	76467602	AANAT	19	promoter
chr17	76501424	76502423	RHBDF2	20788	promoter
chr17	76539044	76540043	PRCD	32528	promoter
chr17	76537710	76538709	CYGB	16505	promoter
chr17	76585861	76586860	ST6GALNAC2	10867	promoter
chr17	76643758	76644757	ST6GALNAC1	23614	promoter
chr17	76710966	76711965	MXRA7	7541	promoter
chr17	76726607	76727606	JMJD6	19355	promoter
chr17	76725839	76726838	METTL23	26988	promoter
chr17	76737119	76738118	MFSD11	25458	promoter
chr17	76737332	76738331	SRSF2	10783	promoter
chr17	76867404	76868403	MGAT5B	24140	promoter
chr17	77139969	77140968	SEC14L1	10698	promoter
chr17	77280499	77281498	SEPTIN9	7323	promoter
chr17	77957703	77958702	TNRC6C	29318	promoter
chr17	78129771	78130770	TMC8	20474	promoter
chr17	78128756	78129755	TMC6	18021	promoter
chr17	78145385	78146384	C17orf99	34490	promoter
chr17	78167581	78168580	SYNGR2	11499	promoter
chr17	78187053	78188052	TK1	11830	promoter
chr17	78186362	78187361	AFMID	20910	promoter
chr17	78213253	78214252	BIRC5	593	promoter
chr17	78230631	78231630	TMEM235	27563	promoter
chr17	78360078	78361077	SOCS3	19391	promoter
chr17	78377649	78378648	PGS1	30029	promoter
chr17	78577397	78578396	DNAH17	2946	promoter
chr17	78782274	78783273	CYTH1	9501	promoter
chr17	78840815	78841814	USP36	20062	promoter
chr17	78903202	78904201	CEP295NL	44659	promoter
chr17	78925388	78926387	TIMP2	11821	promoter
chr17	78979924	78980923	LGALS3BP	6564	promoter
chr17	79009765	79010764	CANT1	19721	promoter
chr17	79023169	79024168	C1QTNF1	14324	promoter
chr17	79073824	79074823	ENGASE	24622	promoter
chr17	79611052	79612051	RBFOX3	27097	promoter
chr17	79729943	79730942	ENPP7	23764	promoter
chr17	79777148	79778147	CBX2	1552	promoter
chr17	79797078	79798077	CBX8	15962	promoter
chr17	79839441	79840440	CBX4	1554	promoter
chr17	80035873	80036872	TBC1D16	28356	promoter
chr17	80035642	80036641	CCDC40	26090	promoter
chr17	80100581	80101580	GAA	4065	promoter
chr17	80147129	80148128	EIF4A3	18683	promoter
chr17	80169030	80170029	CARD14	16446	promoter
chr17	80219427	80220426	SLC26A11	14471	promoter
chr17	80220334	80221333	SGSH	10818	promoter
chr17	80259852	80260851	RNF213	14539	promoter
chr17	80414167	80415166	ENDOV	26640	promoter
chr17	80476608	80477607	NPTX1	7952	promoter
chr17	80543838	80544837	RPTOR	30287	promoter
chr17	80990841	80991840	CHMP6	25675	promoter
chr17	81034151	81035150	BAIAP2	947	promoter
chr17	81164507	81165506	PVALEF	40053	promoter
chr17	81166222	81167221	AATK	21	promoter
chr17	81222966	81223965	CEP131	29511	promoter
chr17	81239056	81240055	TEPSIN	26458	promoter
chr17	81238318	81239317	NDUFAF8	33551	promoter
chr17	81295308	81296307	SLC38A10	28237	promoter
chr17	81394457	81395456	BAHCC1	29279	promoter
chr17	81512800	81513799	ACTG1	144	promoter
chr17	81527377	81528376	FSCN2	3960	promoter
chr17	81552354	81553353	FAAP100	26171	promoter
chr17	81636196	81637195	TSPAN10	29942	promoter
chr17	81637113	81638112	NPLOC4	18261	promoter
chr17	81656543	81657542	PDE6G	8789	promoter
chr17	81666606	81667605	OXLD1	27901	promoter
chr17	81665737	81666736	CCDC137	33451	promoter
chr17	81683011	81684010	HGS	4897	promoter
chr17	81683798	81684797	ARL16	27902	promoter
chr17	81702367	81703366	MRPL12	10378	promoter
chr17	81711284	81712283	SLC25A10	10980	promoter
chr17	81803150	81804149	GCGR	4192	promoter
chr17	81833292	81834291	MCRIP1	28007	promoter
chr17	81835051	81836050	PPP1R27	16813	promoter
chr17	81860536	81861535	P4HB	8548	promoter
chr17	81871338	81872337	ARHGDIA	678	promoter
chr17	81890723	81891722	ANAPC11	14452	promoter
chr17	81891587	81892586	ALYREF	19071	promoter
chr17	81901238	81902237	NPB	30099	promoter
chr17	81911400	81912399	PCYT2	8756	promoter
chr17	81918177	81919176	SIRT7	14935	promoter
chr17	81927736	81928735	MAFG	6781	promoter
chr17	81937301	81938300	PYCR1	9721	promoter
chr17	81947234	81948233	MYADML2	34548	promoter
chr17	81961188	81962187	NOTUM	27106	promoter
chr17	81976629	81977628	ASPSCR1	13825	promoter
chr17	82022305	82023304	LRRC45	28302	promoter
chr17	82022879	82023878	CENPX	11422	promoter
chr17	82030678	82031677	RAC3	9803	promoter
chr17	82037698	82038697	DCXR	18985	promoter
chr17	82050898	82051897	GPS1	4549	promoter
chr17	82051812	82052811	RFNG	9974	promoter
chr17	82065805	82066804	DUS1L	30086	promoter
chr17	82098237	82099236	FASN	3594	promoter
chr17	82212843	82213842	CCDC57	27564	promoter
chr17	82228042	82229041	SLC16A3	10924	promoter
chr17	82273701	82274700	CSNK1D	2452	promoter
chr17	82317609	82318608	CD7	1695	promoter
chr17	82333767	82334766	SECTM1	10707	promoter
chr17	82358247	82359246	TEX19	33802	promoter
chr17	82370765	82371764	UTS2R	4468	promoter
chr17	82417347	82418346	HEXD	26307	promoter
chr17	82418587	82419586	OGFOD3	26174	promoter
chr17	82450753	82451752	CYBC1	28672	promoter
chr17	82457741	82458740	NARF	29916	promoter
chr17	82518732	82519731	FOXK2	6036	promoter
chr17	82648445	82649444	WDR45B	25072	promoter
chr17	82698699	82699698	RAB40B	18284	promoter
chr17	82715706	82716705	FN3KRP	25700	promoter
chr17	82734615	82735614	FN3K	24822	promoter
chr17	82751065	82752064	TBCD	11581	promoter
chr17	82840023	82841022	ZNF750	25843	promoter
chr17	83051771	83052770	B3GNTL1	21727	promoter
chr17	83078609	83079608	METRNL	27584	promoter
chr18	49616	50615	TUBB8B	24983	promoter
chr18	157557	158556	USP14	12612	promoter
chr18	268048	269047	THOC1	19070	promoter
chr18	500702	501701	COLEC12	16016	promoter
chr18	579380	580379	CETN1	1866	promoter
chr18	595988	596987	CLUL1	2096	promoter
chr18	656653	657652	TYMS	12441	promoter
chr18	712631	713630	ENOSF1	30365	promoter
chr18	812243	813242	YES1	12841	promoter
chr18	903871	904870	ADCYAP1	241	promoter
chr18	2571506	2572505	METTL4	24726	promoter
chr18	2570557	2571556	NDC80	16909	promoter
chr18	2654726	2655725	SMCHD1	29090	promoter
chr18	2846006	2847005	EMILIN2	19881	promoter
chr18	3013145	3014144	LPIN2	14450	promoter
chr18	3219969	3220968	MYOM1	7613	promoter
chr18	3246801	3247800	MYL12A	16701	promoter
chr18	3261133	3262132	MYL12B	29827	promoter
chr18	3449172	3450171	TGIF1	11776	promoter
chr18	4455308	4456307	DLGAP1	2905	promoter
chr18	5197258	5198257	AKAIN1	28285	promoter
chr18	5295727	5296726	ZBTB14	12860	promoter
chr18	5543998	5544997	EPB41L3	3380	promoter
chr18	5895523	5896522	TMEM200C	37208	promoter
chr18	6414912	6415911	L3MBTL4	26677	promoter
chr18	6728716	6729715	ARHGAP28	25509	promoter
chr18	7117798	7118797	LAMA1	6481	promoter
chr18	7230089	7231088	LRRC30	30219	promoter
chr18	7566316	7567315	PTPRM	9675	promoter
chr18	8608437	8609436	RAB12	31332	promoter
chr18	8704556	8705555	MTCL1	29121	promoter
chr18	9101699	9102698	NDUFV2	7717	promoter
chr18	9135781	9136780	ANKRD12	29135	promoter
chr18	9333773	9334772	TWSG1	12429	promoter
chr18	9474513	9475512	RALBP1	9841	promoter
chr18	9614560	9615559	PPP4R1	9320	promoter
chr18	9707301	9708300	RAB31	9771	promoter
chr18	9884973	9885972	TXNDC2	16470	promoter
chr18	9913016	9914015	VAPA	12648	promoter
chr18	10453635	10454634	APCDD1	15718	promoter
chr18	10525027	10526026	NAPG	7642	promoter
chr18	11149570	11150569	PIEZO2	26270	promoter
chr18	11608596	11609595	SLC35G4	31043	promoter
chr18	11688264	11689263	GNAL	4388	promoter
chr18	11850413	11851412	CHMP1B	24287	promoter
chr18	11908318	11909317	MPPE1	15988	promoter
chr18	11980507	11981506	IMPA2	6051	promoter
chr18	12092843	12093842	ANKRD62	35241	promoter
chr18	12253361	12254360	CIDEA	1976	promoter
chr18	12307241	12308240	TUBB6	20776	promoter
chr18	12377228	12378227	AFG3L2	315	promoter
chr18	12406929	12407928	PRELID3A	24639	promoter
chr18	12702042	12703041	PSMG2	24929	promoter
chr18	12658108	12659107	SPIRE1	30622	promoter
chr18	12702724	12703723	CEP76	25727	promoter
chr18	12884238	12885237	PTPN2	9650	promoter
chr18	12947011	12948010	SEH1L	30379	promoter
chr18	12990362	12991361	CEP192	25515	promoter
chr18	13217760	13218759	LDLRAD4	1224	promoter
chr18	13725673	13726672	RNMT	10075	promoter
chr18	13726559	13727558	FAM210A	28346	promoter
chr18	13823149	13824148	MC5R	6933	promoter
chr18	13915537	13916536	MC2R	6930	promoter
chr18	14132436	14133435	ZNF519	30574	promoter
chr18	14543601	14544600	POTEC	33894	promoter
chr18	14747172	14748171	ANKRD30B	24165	promoter
chr18	21111814	21112813	ROCK1	10251	promoter
chr18	21241232	21242231	GREB1L	31042	promoter
chr18	21600705	21601704	ESCO1	24645	promoter
chr18	21611314	21612313	SNRPD1	11158	promoter
chr18	21704775	21705774	ABHD3	18718	promoter
chr18	21739792	21740791	MIB1	21086	promoter
chr18	22168589	22169588	GATA6	4174	promoter
chr18	22417916	22418915	CTAGE1	24346	promoter
chr18	22932328	22933327	RBBP8	9891	promoter
chr18	23134485	23135484	CABLES1	25097	promoter
chr18	23437962	23438961	TMEM241	31723	promoter
chr18	23452287	23453286	RIOK3	11451	promoter
chr18	23502511	23503510	RMC1	24326	promoter
chr18	23586507	23587506	NPC1	7897	promoter
chr18	23662912	23663911	ANKRD29	27110	promoter
chr18	23688453	23689452	LAMA3	6483	promoter
chr18	24013754	24014753	TTC39C	26595	promoter
chr18	24138062	24139061	CABYR	15569	promoter
chr18	24397825	24398824	OSBPL1A	16398	promoter
chr18	24425670	24426669	IMPACT	20387	promoter
chr18	24459637	24460636	HRH4	17383	promoter
chr18	25352167	25353166	ZNF521	24605	promoter
chr18	26090614	26091613	SS18	11340	promoter
chr18	26132869	26133868	PSMA8	22985	promoter
chr18	26225445	26226444	TAF4B	11538	promoter
chr18	26548554	26549553	KCTD1	18249	promoter
chr18	26865708	26866707	AQP4	637	promoter
chr18	27185309	27186308	CHST9	19898	promoter
chr18	28177131	28178130	CDH2	1759	promoter
chr18	31042743	31043742	DSC3	3037	promoter
chr18	31102422	31103421	DSC2	3036	promoter
chr18	31162857	31163856	DSC1	3035	promoter
chr18	31317160	31318159	DSG1	3048	promoter
chr18	31375777	31376776	DSG4	21307	promoter
chr18	31446741	31447740	DSG3	3050	promoter
chr18	31497177	31498176	DSG2	3049	promoter
chr18	31590877	31591876	TTR	12405	promoter
chr18	31684582	31685581	B4GALT6	929	promoter
chr18	31760881	31761880	SLC25A52	23324	promoter
chr18	31943129	31944128	TRAPPC8	29169	promoter
chr18	32017825	32018824	RNF125	21150	promoter
chr18	32090874	32091873	RNF138	17765	promoter
chr18	32189039	32190038	MEP1B	7020	promoter
chr18	32470883	32471882	GAREM1	26136	promoter
chr18	32773024	32774023	KLHL14	29266	promoter
chr18	33440722	33441721	CCDC178	29588	promoter
chr18	33577219	33578218	ASXL3	29357	promoter
chr18	34224914	34225913	NOL4	7870	promoter
chr18	34709298	34710297	DTNA	3057	promoter
chr18	35040413	35041412	MAPRE2	6891	promoter
chr18	35240034	35241033	ZNF397	18818	promoter
chr18	35290230	35291229	ZSCAN30	33517	promoter
chr18	35344421	35345420	ZNF24	13032	promoter
chr18	35377338	35378337	ZNF396	18824	promoter
chr18	35497961	35498960	INO80C	26994	promoter
chr18	35580740	35581739	GALNT1	4123	promoter
chr18	35971679	35972678	C18orf21	28802	promoter
chr18	36067560	36068559	RPRD1A	25560	promoter
chr18	36129341	36130340	SLC39A6	18607	promoter
chr18	36128899	36129898	ELP2	18248	promoter
chr18	36186497	36187496	MOCOS	18234	promoter
chr18	36296713	36297712	FHOD3	26178	promoter
chr18	36828127	36829126	KIAA1328	29248	promoter
chr18	36829003	36830002	TPGS2	24561	promoter
chr18	37565799	37566798	CELF4	14015	promoter
chr18	41954234	41955233	PIK3C3	8974	promoter
chr18	43115686	43116685	RIT2	10017	promoter
chr18	43277491	43278490	SYT4	11512	promoter
chr18	44679888	44680887	SETBP1	15573	promoter
chr18	45614476	45615475	SLC14A2	10919	promoter
chr18	45723181	45724180	SLC14A1	10918	promoter
chr18	45824675	45825674	SIGLEC15	27596	promoter
chr18	45967330	45968329	EPG5	29331	promoter
chr18	46072261	46073260	PSTPIP2	9581	promoter
chr18	46098297	46099296	ATP5F1A	823	promoter
chr18	46103385	46104384	HAUS1	25174	promoter
chr18	46173034	46174033	ARK2N	28172	promoter
chr18	46333018	46334017	ARK2C	31696	promoter
chr18	46657221	46658220	LOXHD1	26521	promoter
chr18	46757054	46758053	ST8SIA5	17827	promoter
chr18	46916602	46917601	KATNAL2	25387	promoter
chr18	46917508	46918507	PIAS2	17311	promoter
chr18	47035622	47036621	ELOA2	30771	promoter
chr18	47150501	47151500	HDHD2	25364	promoter
chr18	47176365	47177364	IER3IP1	18550	promoter
chr18	47251661	47252660	SKOR2	32695	promoter
chr18	47930660	47931659	SMAD2	6768	promoter
chr18	48409384	48410383	ZBTB7C	31700	promoter
chr18	48538031	48539030	CTIF	23925	promoter
chr18	48950966	48951965	SMAD7	6773	promoter
chr18	49460646	49461645	DYM	21317	promoter
chr18	49487235	49488234	C18orf32	31690	promoter
chr18	49492466	49493465	RPL17	10307	promoter
chr18	49561057	49562056	LIPG	6623	promoter
chr18	49813534	49814533	ACAA2	83	promoter
chr18	50195148	50196147	MYO5B	7603	promoter
chr18	50266496	50267495	CFAP53	26530	promoter
chr18	50281524	50282523	MBD1	6916	promoter
chr18	50287693	50288692	CXXC1	24343	promoter
chr18	50374046	50375045	SKA1	28109	promoter
chr18	50559087	50560086	MAPK4	6878	promoter
chr18	50820017	50821016	MRO	24121	promoter
chr18	50878118	50879117	ME2	6984	promoter
chr18	50967040	50968039	ELAC1	14197	promoter
chr18	51029213	51030212	SMAD4	6770	promoter
chr18	51197682	51198681	MEX3C	28040	promoter
chr18	52339197	52340196	DCC	2701	promoter
chr18	54224670	54225669	MBD2	6917	promoter
chr18	54268517	54269516	POLI	9182	promoter
chr18	54356906	54357905	C18orf54	13796	promoter
chr18	54357859	54358858	STARD6	18066	promoter
chr18	54590245	54591244	DYNAP	26808	promoter
chr18	54827477	54828476	RAB27B	9767	promoter
chr18	54959462	54960461	CCDC68	24350	promoter
chr18	55588193	55589192	TCF4	11634	promoter
chr18	56650359	56651358	WDR7	13490	promoter
chr18	56638593	56639592	TXNL1	12436	promoter
chr18	57146087	57147086	BOD1L2	28505	promoter
chr18	57351557	57352556	ST8SIA3	14269	promoter
chr18	57434374	57435373	ONECUT2	8139	promoter
chr18	57586703	57587702	FECH	3647	promoter
chr18	57621837	57622836	NARS1	7643	promoter
chr18	57803316	57804315	ATP8B1	3706	promoter
chr18	58043226	58044225	NEDD4L	7728	promoter
chr18	58629092	58630091	ALPK2	20565	promoter
chr18	58670465	58671464	MALT1	6819	promoter
chr18	58863877	58864876	ZNF532	30940	promoter
chr18	59138884	59139883	SEC11C	23400	promoter
chr18	59219158	59220157	GRP	4605	promoter
chr18	59273455	59274454	RAX	18662	promoter
chr18	59318650	59319649	CPLX4	24330	promoter
chr18	59359266	59360265	LMAN1	6631	promoter
chr18	59697424	59698423	CCBE1	29426	promoter
chr18	59898996	59899995	PMAIP1	9108	promoter
chr18	60372776	60373775	MC4R	6932	promoter
chr18	61332430	61333429	CDH20	1760	promoter
chr18	61893008	61894007	RNF152	26811	promoter
chr18	62187057	62188056	PIGN	8967	promoter
chr18	62186255	62187254	RELCH	29289	promoter
chr18	62324310	62325309	TNFRSF11A	11908	promoter
chr18	62522025	62523024	ZCCHC2	22916	promoter
chr18	62714541	62715540	PHLPP1	20610	promoter
chr18	63319770	63320769	BCL2	990	promoter
chr18	63367207	63368206	KDSR	4021	promoter
chr18	63422477	63423476	VPS4B	10895	promoter
chr18	63475958	63476957	SERPINB5	8949	promoter
chr18	63541369	63542368	SERPINB12	14220	promoter
chr18	63586343	63587342	SERPINB13	8944	promoter
chr18	63644257	63645256	SERPINB4	10570	promoter
chr18	63701960	63702959	SERPINB11	14221	promoter
chr18	63661894	63662893	SERPINB3	10569	promoter
chr18	63774418	63775417	SERPINB7	13902	promoter
chr18	63886705	63887704	SERPINB2	8584	promoter
chr18	63906958	63907957	SERPINB10	8942	promoter
chr18	63948301	63949300	HMSD	23037	promoter
chr18	63969081	63970080	SERPINB8	8952	promoter
chr18	65750012	65751011	CDH7	1766	promoter
chr18	66604091	66605090	CDH19	1758	promoter
chr18	67516721	67517720	DSEL	18144	promoter
chr18	68715109	68716108	TMX3	24718	promoter
chr18	68797080	68798079	CCDC102B	26295	promoter
chr18	69399888	69400887	DOK6	28301	promoter
chr18	69947874	69948873	CD226	16961	promoter
chr18	70205688	70206687	RTTN	18654	promoter
chr18	70288045	70289044	SOCS6	16833	promoter
chr18	72544343	72545342	CBLN2	1544	promoter
chr18	72867988	72868987	NETO1	13823	promoter
chr18	74147835	74148834	FBXO15	13617	promoter
chr18	74147523	74148522	TIMM21	25010	promoter
chr18	74291964	74292963	CYB5A	2570	promoter
chr18	74314839	74315838	C18orf63	40037	promoter
chr18	74457309	74458308	DIPK1C	31729	promoter
chr18	74495363	74496362	CNDP2	24437	promoter
chr18	74533500	74534499	CNDP1	20675	promoter
chr18	74596870	74597869	ZNF407	19904	promoter
chr18	75209140	75210139	PTGR3	28697	promoter
chr18	75209797	75210796	TSHZ1	10669	promoter
chr18	75427704	75428703	SMIM21	27598	promoter
chr18	76495243	76496242	ZNF516	28990	promoter
chr18	76821557	76822556	ZNF236	13028	promoter
chr18	77132784	77133783	MBP	6925	promoter
chr18	77248848	77249847	GALR1	4132	promoter
chr18	78978818	78979817	SALL3	10527	promoter
chr18	79068394	79069393	ATP9B	13541	promoter
chr18	79394930	79395929	NFATC1	7775	promoter
chr18	79678803	79679802	CTDP1	2498	promoter
chr18	79796938	79797937	KCNG2	6249	promoter
chr18	79951654	79952653	SLC66A2	26188	promoter
chr18	79963643	79964642	HSBP1L1	37243	promoter
chr18	79988564	79989563	TXNL4A	30551	promoter
chr18	80033434	80034433	RBFA	26120	promoter
chr18	80108262	80109261	ADNP2	23803	promoter
chr18	80247515	80248514	PARD6G	16076	promoter
chr19	106104	107103	OR4F17	15381	promoter
chr19	291404	292403	PLPP2	9230	promoter
chr19	344797	345796	MIER2	29210	promoter
chr19	376027	377026	SPMAP2	13706	promoter
chr19	409148	410147	C2CD4C	29417	promoter
chr19	461034	462033	SHC2	29869	promoter
chr19	474984	475983	CIMAP1D	26841	promoter
chr19	495486	496485	MADCAM1	6765	promoter
chr19	506497	507496	TPGS1	25058	promoter
chr19	530760	531759	CDC34	1734	promoter
chr19	543053	544052	GZMM	4712	promoter
chr19	571596	572595	BSG	1116	promoter
chr19	588881	589880	HCN2	4846	promoter
chr19	633538	634537	POLRMT	9200	promoter
chr19	638879	639878	FGF22	3679	promoter
chr19	663215	664214	RNF126	21151	promoter
chr19	675392	676391	FSTL3	3973	promoter
chr19	695453	696452	PRSS57	31397	promoter
chr19	707935	708934	PALM	8594	promoter
chr19	750112	751111	MISP	27000	promoter
chr19	796452	797451	PTBP1	9583	promoter
chr19	821956	822955	PLPPR3	23497	promoter
chr19	826837	827836	AZU1	913	promoter
chr19	839999	840998	PRTN3	9495	promoter
chr19	851303	852302	ELANE	3309	promoter
chr19	858664	859663	CFD	2771	promoter
chr19	893188	894187	MED16	17556	promoter
chr19	913220	914219	R3HDM4	28270	promoter
chr19	916333	917332	KISS1R	4510	promoter
chr19	925035	926034	ARID3A	3031	promoter
chr19	983345	984344	WDR18	17956	promoter
chr19	999419	1000418	GRIN3B	16768	promoter
chr19	1021124	1022123	TMEM259	17039	promoter
chr19	1025608	1026607	CNN2	2156	promoter
chr19	1039107	1040106	ABCA7	37	promoter
chr19	1066167	1067166	ARHGAP45	17102	promoter
chr19	1095376	1096375	POLR2E	9192	promoter
chr19	1102994	1103993	GPX4	4556	promoter
chr19	1174269	1175268	SBNO2	29158	promoter
chr19	1204778	1205777	STK11	11389	promoter
chr19	1238006	1239005	CBARP	28617	promoter
chr19	1240751	1241750	ATP5F1D	837	promoter
chr19	1247583	1248582	MIDN	16298	promoter
chr19	1268332	1269331	CIRBP	1982	promoter
chr19	1274530	1275529	FAM174C	26073	promoter
chr19	1275021	1276020	FAM174C	26073	promoter
chr19	1284873	1285872	EFNA2	3222	promoter
chr19	1353959	1354958	PWWP3A	29641	promoter
chr19	1382907	1383906	NDUFS7	7714	promoter
chr19	1401543	1402542	GAMT	4136	promoter
chr19	1406586	1407585	DAZAP1	2683	promoter
chr19	1437396	1438395	RPS15	10388	promoter
chr19	1449121	1450120	APC2	24036	promoter
chr19	1479216	1480215	C19orf25	26711	promoter
chr19	1490351	1491350	PCSK4	8746	promoter
chr19	1490181	1491180	REEP6	30078	promoter
chr19	1523077	1524076	PLK5	27001	promoter
chr19	1513020	1514019	ADAMTSL5	27912	promoter
chr19	1568326	1569325	MEX3D	16734	promoter
chr19	1592866	1593865	MBD3	6918	promoter
chr19	1605463	1606462	UQCR11	30862	promoter
chr19	1652616	1653615	TCF3	11633	promoter
chr19	1752506	1753505	ONECUT3	13399	promoter
chr19	1812277	1813276	ATP8B3	13535	promoter
chr19	1848484	1849483	REXO1	24616	promoter
chr19	1863580	1864579	KLF16	16857	promoter
chr19	1885497	1886496	ABHD17A	28756	promoter
chr19	1904399	1905398	SCAMP4	30385	promoter
chr19	1904399	1905398	ADAT3	25151	promoter
chr19	1940172	1941171	CSNK1G2	2455	promoter
chr19	2015715	2016714	BTBD2	15504	promoter
chr19	2051245	2052244	MKNK2	7111	promoter
chr19	2095915	2096914	IZUMO4	26950	promoter
chr19	2096327	2097326	MOB3A	29802	promoter
chr19	2162933	2163932	DOT1L	24948	promoter
chr19	2151567	2152566	AP3D1	568	promoter
chr19	2235824	2236823	SF3A2	10766	promoter
chr19	2236330	2237329	PLEKHJ1	18211	promoter
chr19	2248323	2249322	AMH	464	promoter
chr19	2268520	2269519	OAZ1	8095	promoter
chr19	2256418	2257417	JSRP1	24963	promoter
chr19	2282176	2283175	PEAK3	24793	promoter
chr19	2308155	2309154	LINGO3	21206	promoter
chr19	2328587	2329586	LSM7	20470	promoter
chr19	2327684	2328683	SPPL2B	30627	promoter
chr19	2359265	2360264	TMPRSS9	30079	promoter
chr19	2427587	2428586	TIMM13	11816	promoter
chr19	2456960	2457959	LMNB2	6638	promoter
chr19	2475127	2476126	GADD45B	4096	promoter
chr19	2702695	2703694	GNG7	4410	promoter
chr19	2721373	2722372	DIRAS1	19127	promoter
chr19	2740018	2741017	SLC39A3	17128	promoter
chr19	2783274	2784273	SGTA	10819	promoter
chr19	2784503	2785502	THOP1	11793	promoter
chr19	2818868	2819867	ZNF554	26629	promoter
chr19	2840475	2841474	ZNF555	28382	promoter
chr19	2866335	2867334	ZNF556	25669	promoter
chr19	2899928	2900927	ZNF57	13125	promoter
chr19	2944972	2945971	ZNF77	13150	promoter
chr19	2976564	2977563	TLE6	30788	promoter
chr19	3029281	3030280	TLE2	11838	promoter
chr19	3062496	3063495	TLE5	307	promoter
chr19	3093362	3094361	GNA11	4379	promoter
chr19	3135033	3136032	GNA15	4383	promoter
chr19	3177769	3178768	S1PR4	3170	promoter
chr19	3184930	3185929	NCLN	26923	promoter
chr19	3223661	3224660	CELF5	14058	promoter
chr19	3365583	3366582	NFIC	7786	promoter
chr19	3480526	3481525	SMIM24	37244	promoter
chr19	3483442	3484441	SMIM44	55815	promoter
chr19	3500675	3501674	DOHH	28662	promoter
chr19	3505311	3506310	FZR1	24824	promoter
chr19	3538174	3539173	TEKTIP1	34496	promoter
chr19	3571944	3572943	HMG20B	5002	promoter
chr19	3557587	3558586	MFSD12	28299	promoter
chr19	3584478	3585477	GIPC3	18183	promoter
chr19	3606876	3607875	TBXA2R	11608	promoter
chr19	3626791	3627790	CACTIN	29938	promoter
chr19	3700469	3701468	PIP5K1C	8996	promoter
chr19	3707384	3708383	TJP3	11829	promoter
chr19	3761693	3762692	APBA3	580	promoter
chr19	3761682	3762681	MRPL54	16685	promoter
chr19	3772229	3773228	RAX2	18286	promoter
chr19	3786382	3787381	MATK	6906	promoter
chr19	3869039	3870038	ZFR2	29189	promoter
chr19	3879685	3880684	ATCAY	779	promoter
chr19	3932069	3933068	NMRK2	17871	promoter
chr19	3971100	3972099	DAPK3	2676	promoter
chr19	3985464	3986463	EEF2	3214	promoter
chr19	4006736	4007735	PIAS4	17002	promoter
chr19	4066900	4067899	ZBTB7A	18078	promoter
chr19	4124123	4125122	MAP2K2	6842	promoter
chr19	4152631	4153630	CREB3L3	18855	promoter
chr19	4182564	4183563	SIRT6	14934	promoter
chr19	4181689	4182688	ANKRD24	29424	promoter
chr19	4228523	4229522	EBI3	3129	promoter
chr19	4246080	4247079	YJU2	25518	promoter
chr19	4278266	4279265	SHD	30633	promoter
chr19	4302390	4303389	TMIGD2	28324	promoter
chr19	4303598	4304597	FSD1	13745	promoter
chr19	4338828	4339827	STAP2	30430	promoter
chr19	4342562	4343561	MPND	25934	promoter
chr19	4400548	4401547	SH3GL1	10830	promoter
chr19	4401640	4402639	CHAF1A	1910	promoter
chr19	4457795	4458794	UBXN6	14928	promoter
chr19	4471297	4472296	HDGFL2	14680	promoter
chr19	4518487	4519486	PLIN4	29393	promoter
chr19	4535225	4536224	PLIN5	33196	promoter
chr19	4540037	4541036	LRG1	29480	promoter
chr19	4559685	4560684	SEMA6B	10739	promoter
chr19	4638516	4639515	TNFAIP8L1	28279	promoter
chr19	4670343	4671342	MYDGF	16948	promoter
chr19	4723843	4724842	DPP9	18648	promoter
chr19	4790734	4791733	FEM1A	16934	promoter
chr19	4831713	4832712	TICAM1	18348	promoter
chr19	4867668	4868667	PLIN3	16893	promoter
chr19	4902897	4903896	ARRDC5	31407	promoter
chr19	4908501	4909500	UHRF1	12556	promoter
chr19	4968113	4969112	KDM4B	29136	promoter
chr19	5340813	5341812	PTPRS	9681	promoter
chr19	5454417	5455416	ZNRF4	17726	promoter
chr19	5567954	5568953	TINCR	14607	promoter
chr19	5622083	5623082	SAFB	10520	promoter
chr19	5622777	5623776	SAFB2	21605	promoter
chr19	5689295	5690294	RPL36	13631	promoter
chr19	5680517	5681516	MICOS13	33702	promoter
chr19	5680027	5681026	HSD11B1L	30419	promoter
chr19	5720147	5721146	LONP1	9479	promoter
chr19	5719637	5720636	CATSPERD	28598	promoter
chr19	5784747	5785746	PRR22	28354	promoter
chr19	5791164	5792163	DUS3L	26920	promoter
chr19	5804067	5805066	NRTN	8007	promoter
chr19	5839703	5840702	FUT6	4017	promoter
chr19	5851450	5852449	FUT3	4014	promoter
chr19	5870541	5871540	FUT5	4016	promoter
chr19	5903791	5904790	NDUFA11	20371	promoter
chr19	5903872	5904871	VMAC	33803	promoter
chr19	5913254	5914253	CAPS	1487	promoter
chr19	5978141	5979140	RANBP3	9850	promoter
chr19	6134667	6135666	ACSBG2	24174	promoter
chr19	6110501	6111500	RFX2	9983	promoter
chr19	6279976	6280975	MLLT1	7134	promoter
chr19	6333613	6334612	ACER1	18356	promoter
chr19	6360531	6361530	CLPP	2084	promoter
chr19	6371794	6372793	ALKBH7	21306	promoter
chr19	6375934	6376933	PSPN	9579	promoter
chr19	6393165	6394164	GTF2F1	4652	promoter
chr19	6424812	6425811	KHSRP	6316	promoter
chr19	6433764	6434763	SLC25A41	28533	promoter
chr19	6463271	6464270	CRB3	20237	promoter
chr19	6459793	6460792	SLC25A23	19375	promoter
chr19	6481788	6482787	DENND1C	26225	promoter
chr19	6502310	6503309	TUBB4A	20774	promoter
chr19	6530026	6531025	TNFSF9	11939	promoter
chr19	6591151	6592150	CD70	11937	promoter
chr19	6670161	6671160	TNFSF14	11930	promoter
chr19	6720651	6721650	C3	1318	promoter
chr19	6737581	6738580	GPR108	17829	promoter
chr19	6738680	6739679	TRIP10	12304	promoter
chr19	6767436	6768435	SH2D3A	16885	promoter
chr19	6771708	6772707	VAV1	12657	promoter
chr19	6886579	6887578	ADGRE1	3336	promoter
chr19	7021432	7022431	MBD3L2B	53435	promoter
chr19	7029578	7030577	MBD3L5	37204	promoter
chr19	7040180	7041179	MBD3L4	37206	promoter
chr19	7048321	7049320	MBD3L2	18532	promoter
chr19	7058677	7059676	MBD3L3	37205	promoter
chr19	7068703	7069702	ZNF557	28632	promoter
chr19	7294415	7295414	INSR	6091	promoter
chr19	7347937	7348936	ARHGEF18	17090	promoter
chr19	7496548	7497547	SAXO5	24745	promoter
chr19	7489036	7490035	PEX11G	20208	promoter
chr19	7515103	7516102	ZNF358	16838	promoter
chr19	7521624	7522623	MCOLN1	13356	promoter
chr19	7534717	7535716	PNPLA6	16268	promoter
chr19	7594863	7595862	CAMSAP3	29307	promoter
chr19	7629546	7630545	XAB2	14089	promoter
chr19	7628793	7629792	PET100	40038	promoter
chr19	7633720	7634719	PCP2	30209	promoter
chr19	7636110	7637109	STXBP2	11445	promoter
chr19	7668049	7669048	RETN	20389	promoter
chr19	7676090	7677089	MCEMP1	27291	promoter
chr19	7679833	7680832	TRAPPC5	23067	promoter
chr19	7702132	7703131	FCER2	3612	promoter
chr19	7732111	7733110	CLEC4G	24591	promoter
chr19	7747535	7748534	CD209	1641	promoter
chr19	7762243	7763242	CLEC4M	13523	promoter
chr19	7829218	7830217	EVI5L	30464	promoter
chr19	7874391	7875390	PRR36	26172	promoter
chr19	7887510	7888509	LRRC8E	26272	promoter
chr19	7902877	7903876	MAP2K7	6847	promoter
chr19	7913830	7914829	TGFBR3L	44152	promoter
chr19	7919338	7920337	SNAPC2	11135	promoter
chr19	7926136	7927135	CTXN1	31108	promoter
chr19	7943667	7944666	TIMM44	17316	promoter
chr19	8005642	8006641	ELAVL1	3312	promoter
chr19	8051760	8052759	CCL25	10624	promoter
chr19	8149593	8150592	FBN3	18794	promoter
chr19	8208370	8209369	CERS4	23747	promoter
chr19	8308359	8309358	CD320	16692	promoter
chr19	8320496	8321495	RPS28	10418	promoter
chr19	8321376	8322375	NDUFA7	7691	promoter
chr19	8343263	8344262	KANK3	24796	promoter
chr19	8363155	8364154	ANGPTL4	16039	promoter
chr19	8389360	8390359	RAB11B	9761	promoter
chr19	8412305	8413304	MARCHF2	28038	promoter
chr19	8443975	8444974	HNRNPM	5046	promoter
chr19	8502641	8503640	PRAM1	30091	promoter
chr19	8514168	8515167	ZNF414	20630	promoter
chr19	8577443	8578442	MYO1F	7600	promoter
chr19	8610716	8611715	ADAMTS10	13201	promoter
chr19	8629633	8630632	NFILZ	52681	promoter
chr19	8698796	8699795	ACTL9	28494	promoter
chr19	8720634	8721633	OR2Z1	15391	promoter
chr19	8832305	8833304	ZNF558	26422	promoter
chr19	8831377	8832376	MBD3L1	15774	promoter
chr19	8981343	8982342	MUC16	15582	promoter
chr19	9086061	9087060	OR1M1	8220	promoter
chr19	9107476	9108475	OR7G2	8466	promoter
chr19	9115764	9116763	OR7G1	8465	promoter
chr19	9126951	9127950	OR7G3	8467	promoter
chr19	9139397	9140396	ZNF317	13507	promoter
chr19	9177979	9178978	OR7D2	8378	promoter
chr19	9219590	9220589	OR7D4	8380	promoter
chr19	9249930	9250929	OR7E24	8396	promoter
chr19	9309839	9310838	ZNF699	24750	promoter
chr19	9323179	9324178	ZNF559	28197	promoter
chr19	9362013	9363012	ZNF177	12966	promoter
chr19	9435574	9436573	ZNF266	13059	promoter
chr19	9498617	9499616	ZNF560	26484	promoter
chr19	9538646	9539645	ZNF426	20725	promoter
chr19	9584505	9585504	ZNF121	12904	promoter
chr19	9621233	9622232	ZNF561	28684	promoter
chr19	9675101	9676100	ZNF562	25950	promoter
chr19	9768739	9769738	ZNF846	27260	promoter
chr19	9819080	9820079	FBXL12	13611	promoter
chr19	9826918	9827917	UBL5	13736	promoter
chr19	9834318	9835317	PIN1	8988	promoter
chr19	9936516	9937515	OLFM2	17189	promoter
chr19	10010505	10011504	COL5A3	14864	promoter
chr19	10012483	10013482	RDH8	14423	promoter
chr19	10085317	10086316	SHFL	25649	promoter
chr19	10102679	10103678	ANGPTL6	23140	promoter
chr19	10105362	10106361	PPAN	9227	promoter
chr19	10110693	10111692	P2RY11	8540	promoter
chr19	10119900	10120899	EIF3G	3274	promoter
chr19	10194954	10195953	DNMT1	2976	promoter
chr19	10231332	10232331	S1PR2	3169	promoter
chr19	10251214	10252213	MRPL4	14276	promoter
chr19	10270120	10271119	ICAM1	5344	promoter
chr19	10285955	10286954	ICAM4	5347	promoter
chr19	10288952	10289951	ICAM5	5348	promoter
chr19	10309816	10310815	ZGLP1	37245	promoter
chr19	10316016	10317015	FDX2	30546	promoter
chr19	10333530	10334529	RAVER1	30296	promoter
chr19	10339625	10340624	ICAM3	5346	promoter
chr19	10380573	10381572	TYK2	12440	promoter
chr19	10419538	10420537	PDE4A	8780	promoter
chr19	10403543	10404542	CDC37	1735	promoter
chr19	10503357	10504356	KEAP1	23177	promoter
chr19	10517448	10518447	S1PR5	14299	promoter
chr19	10542904	10543903	ATG4D	20789	promoter
chr19	10566011	10567010	KRI1	25769	promoter
chr19	10568980	10569979	CDKN2D	1790	promoter
chr19	10587313	10588312	AP1M2	558	promoter
chr19	10624553	10625552	SLC44A2	17292	promoter
chr19	10653346	10654345	ILF3	6038	promoter
chr19	10700439	10701438	QTRT1	23797	promoter
chr19	10717079	10718078	DNM2	2974	promoter
chr19	10836213	10837212	TMED1	17291	promoter
chr19	10847415	10848414	C19orf38	34073	promoter
chr19	10870553	10871552	CARM1	23393	promoter
chr19	10928640	10929639	YIPF2	28476	promoter
chr19	10927811	10928810	TIMM29	25152	promoter
chr19	10960030	10961029	SMARCA4	11100	promoter
chr19	11088463	11089462	LDLR	6547	promoter
chr19	11155783	11156782	SPC24	26913	promoter
chr19	11197546	11198545	KANK2	29300	promoter
chr19	11238619	11239618	ANGPTL8	24933	promoter
chr19	11262525	11263524	DOCK6	19189	promoter
chr19	11295160	11296159	TSPAN16	30725	promoter
chr19	11345519	11346518	CCDC159	26996	promoter
chr19	11339658	11340657	RAB3D	9779	promoter
chr19	11346269	11347268	TMEM205	29631	promoter
chr19	11354432	11355431	PLPPR2	29566	promoter
chr19	11373666	11374665	SWSAP1	26638	promoter
chr19	11384315	11385314	EPOR	3416	promoter
chr19	11419315	11420314	RGL3	30282	promoter
chr19	11434635	11435634	PRKCSH	9411	promoter
chr19	11435122	11436121	ODAD3	28303	promoter
chr19	11481047	11482046	ELAVL3	3314	promoter
chr19	11505840	11506839	ZNF653	25196	promoter
chr19	11529135	11530134	ECSIT	29548	promoter
chr19	11537851	11538850	CNN1	2155	promoter
chr19	11559231	11560230	ELOF1	28691	promoter
chr19	11596483	11597482	ZNF627	30570	promoter
chr19	11577646	11578645	ACP5	124	promoter
chr19	11738947	11739946	ZNF823	30936	promoter
chr19	11766000	11766999	ZNF441	20875	promoter
chr19	11797523	11798522	ZNF491	23706	promoter
chr19	11813273	11814272	ZNF440	20874	promoter
chr19	11847726	11848725	ZNF439	20873	promoter
chr19	11886782	11887781	ZNF69	13138	promoter
chr19	11924107	11925106	ZNF700	25292	promoter
chr19	11964040	11965039	ZNF763	27614	promoter
chr19	12035680	12036679	ZNF433	20811	promoter
chr19	12052962	12053961	ZNF878	37246	promoter
chr19	12063731	12064730	ZNF844	25932	promoter
chr19	12140351	12141350	ZNF20	12992	promoter
chr19	12156735	12157734	ZNF625	30571	promoter
chr19	12162096	12163095	ZNF136	12920	promoter
chr19	12294884	12295883	ZNF44	13110	promoter
chr19	12333634	12334633	ZNF563	30498	promoter
chr19	12365684	12366683	ZNF442	20877	promoter
chr19	12401272	12402271	ZNF799	28071	promoter
chr19	12441022	12442021	ZNF443	20878	promoter
chr19	12484817	12485816	ZNF709	20629	promoter
chr19	12551483	12552482	ZNF564	31106	promoter
chr19	12609920	12610919	ZNF791	26895	promoter
chr19	12610814	12611813	ZNF490	23705	promoter
chr19	12666743	12667742	MAN2B1	6826	promoter
chr19	12665807	12666806	WDR83	32672	promoter
chr19	12669416	12670415	WDR83OS	30203	promoter
chr19	12681881	12682880	DHPS	2869	promoter
chr19	12686998	12687997	GNG14	53439	promoter
chr19	12696632	12697631	FBXW9	28136	promoter
chr19	12723933	12724932	TNPO2	19998	promoter
chr19	12734685	12735684	TRIR	28424	promoter
chr19	12736497	12737496	GET3	752	promoter
chr19	12750791	12751790	BEST2	17107	promoter
chr19	12790486	12791485	JUNB	6205	promoter
chr19	12801801	12802800	PRDX2	9353	promoter
chr19	12801069	12802068	THSD8	53785	promoter
chr19	12805584	12806583	RNASEH2A	18518	promoter
chr19	12837515	12838514	MAST1	19034	promoter
chr19	12834580	12835579	RTBDN	30310	promoter
chr19	12775553	12776552	HOOK2	19885	promoter
chr19	12881450	12882449	DNASE2	2960	promoter
chr19	12887202	12888201	KLF1	6345	promoter
chr19	12890160	12891159	GCDH	4189	promoter
chr19	12919294	12920293	SYCE2	27411	promoter
chr19	12933712	12934711	FARSA	3592	promoter
chr19	12937609	12938608	CALR	1455	promoter
chr19	12944862	12945861	RAD23A	9812	promoter
chr19	12957224	12958223	GADD45GIP1	29996	promoter
chr19	12968576	12969575	DAND5	26780	promoter
chr19	12994475	12995474	NFIX	7788	promoter
chr19	13102859	13103858	LYL1	6734	promoter
chr19	13117264	13118263	NACC1	20967	promoter
chr19	13116741	13117740	TRMT1	25980	promoter
chr19	13150376	13151375	STX10	11428	promoter
chr19	13149411	13150410	IER2	28871	promoter
chr19	13506480	13507479	CACNA1A	1388	promoter
chr19	13746895	13747894	YJU2B	28118	promoter
chr19	13763522	13764521	MRI1	28469	promoter
chr19	13773456	13774455	C19orf53	24991	promoter
chr19	13794443	13795442	ZSWIM4	25704	promoter
chr19	13876134	13877133	NANOS3	22048	promoter
chr19	13905201	13906200	CC2D1A	30237	promoter
chr19	13906118	13907117	BRME1	28153	promoter
chr19	13951509	13952508	DCAF15	25095	promoter
chr19	13938418	13939417	PODNL1	26275	promoter
chr19	14006321	14007320	RFX1	9982	promoter
chr19	14027148	14028147	RLN3	17135	promoter
chr19	14030762	14031761	IL27RA	17290	promoter
chr19	14062077	14063076	PALM3	33274	promoter
chr19	14071786	14072785	MISP3	26963	promoter
chr19	14085784	14086783	C19orf67	34354	promoter
chr19	14090752	14091751	SAMD1	17958	promoter
chr19	14112477	14113476	SMIM46	56307	promoter
chr19	14117763	14118762	PRKACA	9380	promoter
chr19	14136590	14137589	ASF1B	20996	promoter
chr19	14206170	14207169	ADGRL1	20973	promoter
chr19	14380444	14381443	ADGRE5	1711	promoter
chr19	14419342	14420341	DDX39A	17821	promoter
chr19	14432306	14433305	PKN1	9405	promoter
chr19	14475355	14476354	PTGER1	9593	promoter
chr19	14496128	14497127	GIPC1	1226	promoter
chr19	14528594	14529593	TECR	4551	promoter
chr19	14518398	14519397	DNAJB1	5270	promoter
chr19	14572067	14573066	NDUFB7	7702	promoter
chr19	14582084	14583083	CLEC17A	34520	promoter
chr19	14689048	14690047	ZNF333	15624	promoter
chr19	14674845	14675844	ADGRE3	23647	promoter
chr19	14778561	14779560	ADGRE2	3337	promoter
chr19	14835186	14836185	OR7A5	8368	promoter
chr19	14835186	14836185	OR7C1	8373	promoter
chr19	14848923	14849922	OR7A10	8356	promoter
chr19	14886133	14887132	OR7A17	8363	promoter
chr19	14940489	14941488	OR7C2	8374	promoter
chr19	15009726	15010725	TEKTL1	26866	promoter
chr19	14979865	14980864	SLC1A6	10944	promoter
chr19	15048480	15049479	CASP14	1502	promoter
chr19	15081211	15082210	OR1I1	8207	promoter
chr19	15106401	15107400	SYDE1	25824	promoter
chr19	15125787	15126786	ILVBL	6041	promoter
chr19	15200996	15201995	NOTCH3	7883	promoter
chr19	15232449	15233448	EPHX3	23760	promoter
chr19	15332540	15333539	BRD4	13575	promoter
chr19	15379788	15380787	AKAP8	378	promoter
chr19	15418989	15419988	AKAP8L	29857	promoter
chr19	15449957	15450956	WIZ	30917	promoter
chr19	15464545	15465544	RASAL3	26129	promoter
chr19	15479502	15480501	PGLYRP2	30013	promoter
chr19	15507525	15508524	CYP4F22	26820	promoter
chr19	15614218	15615217	CYP4F8	2648	promoter
chr19	15639897	15640896	CYP4F3	2646	promoter
chr19	15672087	15673086	CYP4F12	18857	promoter
chr19	15727024	15728023	OR10H2	8173	promoter
chr19	15736985	15737984	OR10H3	8174	promoter
chr19	15786661	15787660	OR10H5	15389	promoter
chr19	15815665	15816664	OR10H1	8172	promoter
chr19	15898075	15899074	CYP4F2	2645	promoter
chr19	15934530	15935529	CYP4F11	13265	promoter
chr19	15948008	15949007	OR10H4	15388	promoter
chr19	16075495	16076494	TPM4	12013	promoter
chr19	16110889	16111888	RAB8A	7007	promoter
chr19	16142685	16143684	HSH2D	24920	promoter
chr19	16173526	16174525	CIB3	24580	promoter
chr19	16184410	16185409	FAM32A	24563	promoter
chr19	16196911	16197910	AP1M1	13667	promoter
chr19	16323826	16324825	KLF2	6347	promoter
chr19	16471971	16472970	EPS15L1	24634	promoter
chr19	16496168	16497167	CALR3	20407	promoter
chr19	16495394	16496393	C19orf44	26141	promoter
chr19	16542438	16543437	CHERP	16930	promoter
chr19	16572416	16573415	SLC35E1	20803	promoter
chr19	16628205	16629204	MED26	2376	promoter
chr19	16660145	16661144	SMIM7	28419	promoter
chr19	16660139	16661138	TMEM38A	28462	promoter
chr19	16718847	16719846	NWD1	27619	promoter
chr19	16828398	16829397	SIN3B	19354	promoter
chr19	16887999	16888998	F2RL3	3540	promoter
chr19	17026811	17027810	CPAMD8	23228	promoter
chr19	17075453	17076452	HAUS8	30532	promoter
chr19	17074777	17075776	MYO9B	7609	promoter
chr19	17214357	17215356	USE1	30882	promoter
chr19	17225226	17226225	OCEL1	26221	promoter
chr19	17245920	17246919	NR2F6	7977	promoter
chr19	17266443	17267442	BABAM1	25008	promoter
chr19	17280901	17281900	ANKLE1	26812	promoter
chr19	17264746	17265745	USHBP1	24058	promoter
chr19	17304872	17305871	MRPL34	14488	promoter
chr19	17308563	17309562	DDA1	28360	promoter
chr19	17303426	17304425	ABHD8	23759	promoter
chr19	17334856	17335855	ANO8	29329	promoter
chr19	17336553	17337552	GTPBP3	14880	promoter
chr19	17377343	17378342	PLVAP	13635	promoter
chr19	17394197	17395196	CCDC194	53438	promoter
chr19	17405631	17406630	BST2	1119	promoter
chr19	17419047	17420046	MVB12A	25153	promoter
chr19	17448669	17449668	TMEM221	21943	promoter
chr19	17460927	17461926	NXNL1	25179	promoter
chr19	17469524	17470523	SLC27A1	10995	promoter
chr19	17510649	17511648	PGLS	8903	promoter
chr19	17526267	17527266	NIBAN3	24130	promoter
chr19	17554649	17555648	COLGALT1	26182	promoter
chr19	17688355	17689354	UNC13A	23150	promoter
chr19	17718480	17719479	MAP1S	15715	promoter
chr19	17750477	17751476	FCHO1	29002	promoter
chr19	17794138	17795137	B3GNT3	13528	promoter
chr19	17821520	17822519	INSL3	6086	promoter
chr19	17847983	17848982	JAK3	6193	promoter
chr19	17858910	17859909	RPL18A	10311	promoter
chr19	17870945	17871944	SLC5A5	11040	promoter
chr19	17932015	17933014	CCDC124	25171	promoter
chr19	17966107	17967106	KCNN1	6290	promoter
chr19	18007170	18008169	ARRDC2	25225	promoter
chr19	18096778	18097777	MAST3	19036	promoter
chr19	18086935	18087934	IL12RB1	5971	promoter
chr19	18152163	18153162	PIK3R2	8980	promoter
chr19	18172813	18173812	IFI30	5398	promoter
chr19	18192218	18193217	MPV17L2	28177	promoter
chr19	18204043	18205042	RAB3A	9777	promoter
chr19	18226439	18227438	PDE4C	8782	promoter
chr19	18255363	18256362	CIST1	55823	promoter
chr19	18274453	18275452	IQCN	29350	promoter
chr19	18281623	18282622	JUND	6206	promoter
chr19	18323077	18324076	LSM4	17259	promoter
chr19	18339598	18340597	PGPEP1	13568	promoter
chr19	18385158	18386157	GDF15	30142	promoter
chr19	18397623	18398622	LRRC25	29806	promoter
chr19	18418398	18419397	SSBP4	15676	promoter
chr19	18438134	18439133	ISYNA1	29821	promoter
chr19	18522071	18523070	ELL	23114	promoter
chr19	18543574	18544573	FKBP8	3724	promoter
chr19	18556870	18557869	KXD1	28420	promoter
chr19	18570857	18571856	UBA52	12458	promoter
chr19	18587798	18588797	REX1BD	26098	promoter
chr19	18611870	18612869	TMEM59L	13237	promoter
chr19	18606800	18607799	CRLF1	2364	promoter
chr19	18636028	18637027	KLHL26	25623	promoter
chr19	18682680	18683679	CRTC1	16062	promoter
chr19	18791306	18792305	COMP	2227	promoter
chr19	18830959	18831958	UPF1	9962	promoter
chr19	18896159	18897158	GDF1	4214	promoter
chr19	18896159	18897158	CERS1	14253	promoter
chr19	18919388	18920387	COPE	2234	promoter
chr19	18918715	18919714	DDX49	18684	promoter
chr19	18941218	18942217	HOMER3	17514	promoter
chr19	19032603	19033602	ARMC6	25049	promoter
chr19	19033518	19034517	SUGP2	18641	promoter
chr19	19062994	19063993	SLC25A42	28380	promoter
chr19	19138479	19139478	TMEM161A	26020	promoter
chr19	19170264	19171263	MEF2B	6995	promoter
chr19	19191258	19192257	RFXANK	9987	promoter
chr19	19192153	19193152	BORCS8	37247	promoter
chr19	19203415	19204414	NR2C2AP	30763	promoter
chr19	19210958	19211957	NCAN	2465	promoter
chr19	19262805	19263804	HAPLN4	31357	promoter
chr19	19273302	19274301	TM6SF2	11861	promoter
chr19	19320510	19321509	SUGP1	18643	promoter
chr19	19319829	19320828	MAU2	29140	promoter
chr19	19404675	19405674	GATAD2A	29989	promoter
chr19	19515549	19516548	TSSK6	30410	promoter
chr19	19515225	19516224	NDUFA13	17194	promoter
chr19	19527911	19528910	YJEFN3	24785	promoter
chr19	19537265	19538264	CILP2	24213	promoter
chr19	19618688	19619687	PBX4	13403	promoter
chr19	19628221	19629220	LPAR2	3168	promoter
chr19	19643658	19644657	GMIP	24852	promoter
chr19	19663677	19664676	ATP13A1	24215	promoter
chr19	19667839	19668838	ZNF101	12881	promoter
chr19	19733113	19734112	ZNF14	12924	promoter
chr19	19821751	19822750	ZNF506	23780	promoter
chr19	19864882	19865881	ZNF253	13497	promoter
chr19	19899946	19900945	ZNF93	13169	promoter
chr19	20039506	20040505	ZNF682	28857	promoter
chr19	20077000	20077999	ZNF90	13165	promoter
chr19	20166214	20167213	ZNF486	20807	promoter
chr19	20565782	20566781	ZNF737	32468	promoter
chr19	20661572	20662571	ZNF626	30461	promoter
chr19	20775304	20776303	ZNF66	13135	promoter
chr19	20922251	20923250	ZNF85	13160	promoter
chr19	21019657	21020656	ZNF430	20808	promoter
chr19	21081203	21082202	ZNF714	27124	promoter
chr19	21141040	21142039	ZNF431	20809	promoter
chr19	21329411	21330410	ZNF708	12945	promoter
chr19	21358000	21358999	ZNF738	32469	promoter
chr19	21396133	21397132	ZNF493	23708	promoter
chr19	21504602	21505601	ZNF429	20817	promoter
chr19	21767580	21768579	ZNF100	12880	promoter
chr19	21836183	21837182	ZNF43	13109	promoter
chr19	22010944	22011943	ZNF208	12999	promoter
chr19	22051484	22052483	ZNF257	13498	promoter
chr19	22196952	22197951	ZNF676	20429	promoter
chr19	22285441	22286440	ZNF729	32464	promoter
chr19	22422347	22423346	ZNF98	13174	promoter
chr19	22633324	22634323	ZNF492	23707	promoter
chr19	22784152	22785151	ZNF99	13175	promoter
chr19	22831291	22832290	ZNF723	32286	promoter
chr19	23003177	23004176	ZNF728	32463	promoter
chr19	23116025	23117024	ZNF730	32470	promoter
chr19	23250395	23251394	ZNF724	32460	promoter
chr19	23395472	23396471	ZNF91	13166	promoter
chr19	23687213	23688212	ZNF675	30768	promoter
chr19	23758892	23759891	ZNF681	26457	promoter
chr19	23762004	23763003	RPSA2	36809	promoter
chr19	23913886	23914885	ZNF726	32462	promoter
chr19	24086187	24087186	ZNF254	13047	promoter
chr19	29213152	29214151	UQCRFS1	12587	promoter
chr19	29524994	29525993	VSTM2B	33595	promoter
chr19	29605283	29606282	POP4	30081	promoter
chr19	29664461	29665460	PLEKHF1	20764	promoter
chr19	29715262	29716261	C19orf12	25443	promoter
chr19	29810991	29811990	CCNE1	1589	promoter
chr19	29941239	29942238	URI1	13236	promoter
chr19	30371384	30372383	ZNF536	29025	promoter
chr19	31349437	31350436	TSHZ3	30700	promoter
chr19	32344610	32345609	ZNF507	23783	promoter
chr19	32404770	32405769	DPY19L3	27120	promoter
chr19	32580190	32581189	PDCD5	8764	promoter
chr19	32674848	32675847	RGS9BP	30304	promoter
chr19	32675181	32676180	ANKRD27	25310	promoter
chr19	32690821	32691820	NUDT19	32036	promoter
chr19	32718767	32719766	TDRD12	25044	promoter
chr19	32869768	32870767	SLC7A9	11067	promoter
chr19	32971959	32972958	CEP89	25907	promoter
chr19	32971242	32972241	FAAP24	28467	promoter
chr19	33064889	33065888	RHPN2	19974	promoter
chr19	33080181	33081180	GPATCH1	24658	promoter
chr19	33131114	33132113	WDR88	26999	promoter
chr19	33193330	33194329	LRP3	6695	promoter
chr19	33225851	33226850	SLC7A10	11058	promoter
chr19	33302535	33303534	CEBPA	1833	promoter
chr19	33372709	33373708	CEBPG	1837	promoter
chr19	33521792	33522791	PEPD	8840	promoter
chr19	33620953	33621952	CHST8	15993	promoter
chr19	33795870	33796869	KCTD15	23297	promoter
chr19	34171504	34172503	LSM14A	24489	promoter
chr19	34253554	34254553	GARRE1	29016	promoter
chr19	34364196	34365195	GPI	4458	promoter
chr19	34403399	34404398	PDCD2L	28194	promoter
chr19	34427381	34428380	UBA2	30661	promoter
chr19	34480758	34481757	WTIP	20964	promoter
chr19	34677160	34678159	SCGB2B2	27616	promoter
chr19	34676678	34677677	ZNF302	13848	promoter
chr19	34733243	34734242	ZNF181	12971	promoter
chr19	34773216	34774215	ZNF599	26408	promoter
chr19	34925903	34926902	ZNF30	13090	promoter
chr19	34964230	34965229	ZNF792	24751	promoter
chr19	34999323	35000322	GRAMD1A	29305	promoter
chr19	35029470	35030469	SCN1B	10586	promoter
chr19	35040721	35041720	HPN	5155	promoter
chr19	35114823	35115822	FXYD3	4027	promoter
chr19	35137824	35138823	FXYD1	4025	promoter
chr19	35135060	35136059	LGI4	18712	promoter
chr19	35142255	35143254	FXYD7	4034	promoter
chr19	35153735	35154734	FXYD5	4029	promoter
chr19	35228740	35229739	FAM187B	26366	promoter
chr19	35248002	35249001	LSR	29572	promoter
chr19	35267962	35268961	USF2	12594	promoter
chr19	35281528	35282527	HAMP	15598	promoter
chr19	35291161	35292160	MAG	6783	promoter
chr19	35328187	35329186	CD22	1643	promoter
chr19	35346902	35347901	FFAR1	4498	promoter
chr19	35357460	35358459	FFAR3	4499	promoter
chr19	35370068	35371067	GPR42	4500	promoter
chr19	35447257	35448256	FFAR2	4501	promoter
chr19	35490465	35491464	KRTDAP	16313	promoter
chr19	35513650	35514649	DMKN	25063	promoter
chr19	35528312	35529311	SBSN	24950	promoter
chr19	35532456	35533455	GAPDHS	24864	promoter
chr19	35544626	35545625	TMEM147	30414	promoter
chr19	35563659	35564658	ATP4A	819	promoter
chr19	35585173	35586172	PMIS2	53649	promoter
chr19	35611735	35612734	HAUS5	29130	promoter
chr19	35628036	35629035	RBM42	28117	promoter
chr19	35640745	35641744	ETV2	3491	promoter
chr19	35647323	35648322	COX6B1	2280	promoter
chr19	35665517	35666516	UPK1A	12577	promoter
chr19	35703558	35704557	ZBTB32	16763	promoter
chr19	35717003	35718002	KMT2B	15840	promoter
chr19	35742453	35743452	IGFLR1	23620	promoter
chr19	35745419	35746418	U2AF1L4	23020	promoter
chr19	35744651	35745650	PSENEN	30100	promoter
chr19	35747576	35748575	LIN37	33234	promoter
chr19	35757030	35758029	HSPB6	26511	promoter
chr19	35757176	35758175	PROSER3	25204	promoter
chr19	35774564	35775563	ARHGAP33	23085	promoter
chr19	35812846	35813845	PRODH2	17325	promoter
chr19	35855911	35856910	KIRREL2	18816	promoter
chr19	35867574	35868573	APLP1	597	promoter
chr19	35852505	35853504	NPHS1	7908	promoter
chr19	35900541	35901540	NFKBID	15671	promoter
chr19	35901529	35902528	HCST	16977	promoter
chr19	35908296	35909295	TYROBP	12449	promoter
chr19	35935374	35936373	LRFN3	28370	promoter
chr19	35994188	35995187	SDHAF1	33867	promoter
chr19	36008814	36009813	SYNE4	26703	promoter
chr19	36014214	36015213	ALKBH6	28243	promoter
chr19	36032874	36033873	CLIP3	24314	promoter
chr19	36053897	36054896	WDR62	24502	promoter
chr19	36054286	36055285	THAP8	23191	promoter
chr19	36110143	36111142	OVOL3	14186	promoter
chr19	36114468	36115467	TBCB	1989	promoter
chr19	36114876	36115875	POLR2I	9196	promoter
chr19	36139066	36140065	CAPNS1	1481	promoter
chr19	36152448	36153447	COX7A1	2287	promoter
chr19	36214106	36215105	ZNF146	12931	promoter
chr19	36214666	36215665	ZNF565	26726	promoter
chr19	36379202	36380201	ZFP14	29312	promoter
chr19	36418645	36419644	ZFP82	28682	promoter
chr19	36489562	36490561	ZNF566	25919	promoter
chr19	36528272	36529271	ZNF260	13499	promoter
chr19	36604313	36605312	ZNF382	17409	promoter
chr19	36573293	36574292	ZNF529	29328	promoter
chr19	36666838	36667837	ZNF461	21629	promoter
chr19	36686612	36687611	ZNF567	28696	promoter
chr19	36772808	36773807	ZNF850	27994	promoter
chr19	36849876	36850875	ZNF345	16367	promoter
chr19	36838388	36839387	ZNF790	33114	promoter
chr19	36916292	36917291	ZNF829	34032	promoter
chr19	36915332	36916331	ZNF568	25392	promoter
chr19	37077433	37078432	ZNF420	20649	promoter
chr19	37172696	37173695	ZNF585A	26305	promoter
chr19	37217214	37218213	ZNF383	18609	promoter
chr19	37210537	37211536	ZNF585B	30948	promoter
chr19	37333649	37334648	ZNF875	4928	promoter
chr19	37370099	37371098	ZNF527	29385	promoter
chr19	37468356	37469355	ZNF570	26416	promoter
chr19	37467445	37468444	ZNF569	24737	promoter
chr19	37505939	37506938	ZNF793	33115	promoter
chr19	37593876	37594875	ZNF540	25331	promoter
chr19	37594793	37595792	ZNF571	25000	promoter
chr19	37655466	37656465	ZFP30	29555	promoter
chr19	37719762	37720761	ZNF607	28192	promoter
chr19	37779587	37780586	ZNF573	26420	promoter
chr19	37906595	37907594	WDR87	29934	promoter
chr19	37906208	37907207	SIPA1L3	23801	promoter
chr19	38224223	38225222	DPF1	20225	promoter
chr19	38263573	38264572	SPINT2	11247	promoter
chr19	38256375	38257374	PPP1R14A	14871	promoter
chr19	38303251	38304250	C19orf33	16668	promoter
chr19	38315948	38316947	YIF1B	30511	promoter
chr19	38318845	38319844	KCNK6	6281	promoter
chr19	38334830	38335829	CATSPERG	25243	promoter
chr19	38373571	38374570	PSMD8	9566	promoter
chr19	38388035	38389034	GGN	18869	promoter
chr19	38387697	38388696	SPRED3	31041	promoter
chr19	38402093	38403092	FAM98C	27119	promoter
chr19	38426220	38427219	RASGRP4	18958	promoter
chr19	38432691	38433690	RYR1	10483	promoter
chr19	38617954	38618953	MAP4K1	6863	promoter
chr19	38618188	38619187	EIF3K	24656	promoter
chr19	38646649	38647648	ACTN4	166	promoter
chr19	38744475	38745474	CAPN12	13249	promoter
chr19	38773518	38774517	LGALS7	6568	promoter
chr19	38788200	38789199	LGALS7B	34447	promoter
chr19	38812946	38813945	LGALS4	6565	promoter
chr19	38831795	38832794	ECH1	3149	promoter
chr19	38849987	38850986	HNRNPL	5045	promoter
chr19	38878276	38879275	RINL	24795	promoter
chr19	38898969	38899968	NFKBIB	7798	promoter
chr19	38899619	38900618	SIRT2	10886	promoter
chr19	38912187	38913186	CCER2	44662	promoter
chr19	38930764	38931763	SARS2	17697	promoter
chr19	38929944	38930943	MRPS12	10380	promoter
chr19	38975743	38976742	FBXO17	18754	promoter
chr19	39032550	39033549	FBXO27	18753	promoter
chr19	39083368	39084367	ACP7	33781	promoter
chr19	39124786	39125785	PAK4	16059	promoter
chr19	39195964	39196963	NCCRP1	33739	promoter
chr19	39204264	39205263	SYCN	18442	promoter
chr19	39245007	39246006	IFNL3	18365	promoter
chr19	39248857	39249856	IFNL4	44480	promoter
chr19	39267396	39268395	IFNL2	18364	promoter
chr19	39295407	39296406	IFNL1	18363	promoter
chr19	39320864	39321863	LRFN1	29290	promoter
chr19	39336044	39337043	GMFG	4374	promoter
chr19	39341421	39342420	SAMD4B	25492	promoter
chr19	39391107	39392106	PAF1	25459	promoter
chr19	39390378	39391377	MED29	23074	promoter
chr19	39405847	39406846	ZFP36	12862	promoter
chr19	39411669	39412668	PLEKHG2	29515	promoter
chr19	39435950	39436949	RPS16	10396	promoter
chr19	39444582	39445581	SUPT5H	11469	promoter
chr19	39479838	39480837	TIMM50	23656	promoter
chr19	39497947	39498946	DLL3	2909	promoter
chr19	39514139	39515138	SELENOV	30399	promoter
chr19	39532853	39533852	EID2B	26796	promoter
chr19	39540162	39541161	EID2	28292	promoter
chr19	39601524	39602523	LGALS13	15449	promoter
chr19	39654913	39655912	LGALS16	40039	promoter
chr19	39703481	39704480	LGALS14	30054	promoter
chr19	39738030	39739029	CLC	2014	promoter
chr19	39777854	39778853	LEUTX	31953	promoter
chr19	39834163	39835162	DYRK1B	3092	promoter
chr19	39846380	39847379	FBL	3599	promoter
chr19	39934627	39935626	FCGBP	13572	promoter
chr19	39970165	39971164	PSMC4	9551	promoter
chr19	39996060	39997059	ZNF546	28671	promoter
chr19	40056232	40057231	ZNF780B	33109	promoter
chr19	40090944	40091943	ZNF780A	27603	promoter
chr19	40190426	40191425	MAP3K10	6849	promoter
chr19	40218385	40219384	TTC9B	26395	promoter
chr19	40226690	40227689	CCNP	25805	promoter
chr19	40285346	40286345	AKT2	392	promoter
chr19	40347695	40348694	PLD3	17158	promoter
chr19	40348398	40349397	C19orf47	26723	promoter
chr19	40390182	40391181	HIPK4	19007	promoter
chr19	40413379	40414378	PRX	13797	promoter
chr19	40425993	40426992	SERTAD1	17932	promoter
chr19	40444336	40445335	SERTAD3	17931	promoter
chr19	40465746	40466745	BLVRB	1063	promoter
chr19	40466001	40467000	SPTBN4	14896	promoter
chr19	40575873	40576872	SHKBP1	19214	promoter
chr19	40600369	40601368	LTBP4	6717	promoter
chr19	40690652	40691651	NUMBL	8061	promoter
chr19	40716112	40717111	ITPKC	14897	promoter
chr19	40716887	40717886	COQ8B	19041	promoter
chr19	40750203	40751202	SNRPA	11151	promoter
chr19	40750478	40751477	ACTMAP	24758	promoter
chr19	40774521	40775520	MIA	7076	promoter
chr19	40777247	40778246	RAB4B	9782	promoter
chr19	40798191	40799190	EGLN2	14660	promoter
chr19	40850448	40851447	CYP2A6	2610	promoter
chr19	40882232	40883231	CYP2A7	2611	promoter
chr19	40990282	40991281	CYP2B6	2615	promoter
chr19	41087451	41088450	CYP2A13	2608	promoter
chr19	41113432	41114431	CYP2F1	2632	promoter
chr19	41192219	41193218	CYP2S1	15654	promoter
chr19	41218223	41219222	AXL	905	promoter
chr19	41263372	41264371	HNRNPUL1	17011	promoter
chr19	41309172	41310171	CCDC97	28289	promoter
chr19	41375533	41376532	TMEM91	32393	promoter
chr19	41353923	41354922	TGFB1	11766	promoter
chr19	41364150	41365149	B9D2	28636	promoter
chr19	41397360	41398359	EXOSC5	24662	promoter
chr19	41396818	41397817	BCKDHA	986	promoter
chr19	41427375	41428374	B3GNT8	24139	promoter
chr19	41439913	41440912	DMAC2	25496	promoter
chr19	41442156	41443155	ERICH4	34497	promoter
chr19	41575166	41576165	CEACAM21	28834	promoter
chr19	41627075	41628074	CEACAM4	1816	promoter
chr19	41688271	41689270	CEACAM7	1819	promoter
chr19	41707626	41708625	CEACAM5	1817	promoter
chr19	41754530	41755529	CEACAM6	1818	promoter
chr19	41795587	41796586	CEACAM3	1815	promoter
chr19	41844684	41845683	LYPD4	28659	promoter
chr19	41844042	41845041	DMRTC2	13911	promoter
chr19	41859255	41860254	RPS19	10402	promoter
chr19	41876279	41877278	CD79A	1698	promoter
chr19	41882184	41883183	ARHGEF1	681	promoter
chr19	41928450	41929449	ERFL	53894	promoter
chr19	41959322	41960321	RABAC1	9794	promoter
chr19	41994231	41995230	ATP1A3	801	promoter
chr19	42075166	42076165	ZNF574	26166	promoter
chr19	42070207	42071206	GRIK5	4583	promoter
chr19	42132447	42133446	POU2F2	9213	promoter
chr19	42217678	42218677	DEDD2	24450	promoter
chr19	42219312	42220311	ZNF526	29415	promoter
chr19	42242603	42243602	GSK3A	4616	promoter
chr19	42255129	42256128	ERF	3444	promoter
chr19	42268252	42269251	CIC	14214	promoter
chr19	42301132	42302131	PRR19	33728	promoter
chr19	42302625	42303624	PAFAH1B3	8576	promoter
chr19	42312309	42313308	TMEM145	26912	promoter
chr19	42324635	42325634	MEGF8	3233	promoter
chr19	42390298	42391297	CNFN	30183	promoter
chr19	42427389	42428388	LIPE	6621	promoter
chr19	42442947	42443946	CXCL17	19232	promoter
chr19	42528482	42529481	CEACAM1	1814	promoter
chr19	42594925	42595924	CEACAM8	1820	promoter
chr19	42740482	42741481	PSG3	9520	promoter
chr19	42765679	42766678	PSG8	9525	promoter
chr19	42879714	42880713	PSG1	9514	promoter
chr19	42917895	42918894	PSG6	9523	promoter
chr19	42937208	42938207	PSG7	9524	promoter
chr19	43026470	43027469	PSG11	9516	promoter
chr19	43082702	43083701	PSG2	9519	promoter
chr19	43186537	43187536	PSG5	9522	promoter
chr19	43205639	43206638	PSG4	9521	promoter
chr19	43269531	43270530	PSG9	9526	promoter
chr19	43352686	43353685	CD177	30072	promoter
chr19	43413890	43414889	TEX101	30722	promoter
chr19	43465609	43466608	LYPD3	24880	promoter
chr19	43504747	43505746	PHLDB3	30499	promoter
chr19	43532188	43533187	ZNF575	27606	promoter
chr19	43527202	43528201	ETHE1	23287	promoter
chr19	43574801	43575800	PINLYP	44206	promoter
chr19	43575528	43576527	XRCC1	12828	promoter
chr19	43596135	43597134	IRGQ	24868	promoter
chr19	43595595	43596594	ZNF576	28357	promoter
chr19	43611088	43612087	SRRM5	37248	promoter
chr19	43619630	43620629	ZNF428	20804	promoter
chr19	43639851	43640850	CADM4	30825	promoter
chr19	43670170	43671169	PLAUR	9053	promoter
chr19	43715076	43716075	IRGC	28835	promoter
chr19	43754963	43755962	SMG9	25763	promoter
chr19	43780974	43781973	KCNN4	6293	promoter
chr19	43802448	43803447	LYPD5	26397	promoter
chr19	43826321	43827320	ZNF283	13077	promoter
chr19	43883965	43884964	ZNF404	19417	promoter
chr19	43935283	43936282	ZNF45	13111	promoter
chr19	43950228	43951227	ZNF221	13014	promoter
chr19	43983188	43984187	ZNF155	12940	promoter
chr19	44001957	44002956	ZNF230	13024	promoter
chr19	44024379	44025378	ZNF222	13015	promoter
chr19	44051036	44052035	ZNF223	13016	promoter
chr19	44071159	44072158	ZNF284	13078	promoter
chr19	44093361	44094360	ZNF224	13017	promoter
chr19	44112399	44113398	ZNF225	13018	promoter
chr19	44140554	44141553	ZNF234	13027	promoter
chr19	44164100	44165099	ZNF226	13019	promoter
chr19	44211532	44212531	ZNF227	13020	promoter
chr19	44258886	44259885	ZNF233	30946	promoter
chr19	44305026	44306025	ZNF235	12866	promoter
chr19	44356681	44357680	ZNF112	12892	promoter
chr19	44401609	44402608	ZNF285	13079	promoter
chr19	44448473	44449472	ZNF229	13022	promoter
chr19	44500523	44501522	ZNF180	12970	promoter
chr19	44529676	44530675	CEACAM20	24879	promoter
chr19	44612563	44613562	IGSF23	40040	promoter
chr19	44642910	44643909	PVR	9705	promoter
chr19	44670482	44671481	CEACAM19	31951	promoter
chr19	44698151	44699150	CEACAM16	31948	promoter
chr19	44747708	44748707	BCL3	998	promoter
chr19	44776890	44777889	CBLC	15961	promoter
chr19	44808103	44809102	BCAM	6722	promoter
chr19	44845297	44846296	NECTIN2	9707	promoter
chr19	44890254	44891253	TOMM40	18001	promoter
chr19	44904796	44905795	APOE	613	promoter
chr19	44913608	44914607	APOC1	607	promoter
chr19	44941237	44942236	APOC4	611	promoter
chr19	44945051	44946050	APOC2	609	promoter
chr19	44954380	44955379	CLPTM1	2087	promoter
chr19	45000464	45001463	RELB	9956	promoter
chr19	45038045	45039044	CLASRP	17731	promoter
chr19	45076479	45077478	ZNF296	15981	promoter
chr19	45078260	45079259	GEMIN7	20045	promoter
chr19	45250271	45251270	MARK4	13538	promoter
chr19	45092179	45093178	PPP1R37	27607	promoter
chr19	45160983	45161982	NKPD1	24739	promoter
chr19	45178238	45179237	TRAPPC6A	23069	promoter
chr19	45177784	45178783	BLOC1S3	20914	promoter
chr19	45245408	45246407	EXOC3L2	30162	promoter
chr19	45322876	45323875	CKM	1994	promoter
chr19	45339750	45340749	KLC3	20717	promoter
chr19	45370574	45371573	ERCC2	3434	promoter
chr19	45405070	45406069	PPP1R13L	18838	promoter
chr19	45405644	45406643	POLR1G	24219	promoter
chr19	45466996	45467995	FOSB	3797	promoter
chr19	45423918	45424917	ERCC1	3433	promoter
chr19	45497443	45498442	PPM1N	26845	promoter
chr19	45497048	45498047	RTN2	10468	promoter
chr19	45506479	45507478	VASP	12652	promoter
chr19	45584803	45585802	OPA3	8142	promoter
chr19	45602213	45603212	GPR4	4497	promoter
chr19	45639398	45640397	EML2	18035	promoter
chr19	45667221	45668220	GIPR	4271	promoter
chr19	45691666	45692665	QPCTL	25952	promoter
chr19	45691954	45692953	SNRPD2	11159	promoter
chr19	45730897	45731896	FBXO46	25069	promoter
chr19	45732439	45733438	MEIOSIN	44318	promoter
chr19	45769253	45770252	SIX5	10891	promoter
chr19	45782491	45783490	DMPK	2933	promoter
chr19	45792846	45793845	DMWD	2936	promoter
chr19	45815309	45816308	RSPH6A	14241	promoter
chr19	45863148	45864147	SYMPK	22935	promoter
chr19	45863326	45864325	FOXA3	5023	promoter
chr19	45886142	45887141	IRF2BP1	21728	promoter
chr19	45902614	45903613	MYPOP	20178	promoter
chr19	45914779	45915778	NANOS2	23292	promoter
chr19	45973866	45974865	NOVA2	7887	promoter
chr19	45994467	45995466	CCDC61	33629	promoter
chr19	46023054	46024053	PGLYRP1	8904	promoter
chr19	46041003	46042002	IGFL4	32931	promoter
chr19	46124689	46125688	IGFL3	32930	promoter
chr19	46147238	46148237	IGFL2	32929	promoter
chr19	46228742	46229741	IGFL1	24093	promoter
chr19	46296042	46297041	HIF3A	15825	promoter
chr19	46346087	46347086	PPP5C	9322	promoter
chr19	46413565	46414564	CCDC8	25367	promoter
chr19	46428937	46429936	PNMA8C	53427	promoter
chr19	46471564	46472563	PNMA8A	25578	promoter
chr19	46495868	46496867	PNMA8B	29206	promoter
chr19	46600330	46601329	CALM3	1449	promoter
chr19	46625090	46626089	PTGIR	9602	promoter
chr19	46636203	46637202	GNG8	19664	promoter
chr19	46661183	46662182	DACT3	30745	promoter
chr19	46717115	46718114	PRKD2	17293	promoter
chr19	46745057	46746056	FKRP	17997	promoter
chr19	46746451	46747450	STRN4	15721	promoter
chr19	46788595	46789594	SLC1A5	10943	promoter
chr19	46850847	46851846	AP2S1	565	promoter
chr19	46859997	46860996	ARHGAP35	4591	promoter
chr19	47018837	47019836	NPAS1	7894	promoter
chr19	47048625	47049624	TMEM160	26042	promoter
chr19	47129835	47130834	SAE1	30660	promoter
chr19	47113777	47114776	ZC3H4	17808	promoter
chr19	47231200	47232199	BBC3	17868	promoter
chr19	47255525	47256524	CCDC9	24560	promoter
chr19	47273885	47274884	INAFM1	27406	promoter
chr19	47308861	47309860	C5AR1	1338	promoter
chr19	47331175	47332174	C5AR2	4527	promoter
chr19	47348315	47349314	DHX34	16719	promoter
chr19	47419528	47420527	MEIS3	29537	promoter
chr19	47471894	47472893	SLC8A2	11069	promoter
chr19	47484220	47485219	KPTN	6404	promoter
chr19	47515064	47516063	NAPA	7641	promoter
chr19	47573149	47574148	ZNF541	25294	promoter
chr19	47608134	47609133	BICRA	4332	promoter
chr19	47712422	47713421	EHD2	3243	promoter
chr19	47744546	47745545	NOP53	4333	promoter
chr19	47777703	47778702	SELENOW	10752	promoter
chr19	47804552	47805551	TPRX1	32174	promoter
chr19	47820937	47821936	CRX	2383	promoter
chr19	47858235	47859234	TPRX2	32175	promoter
chr19	47886316	47887315	SULT2A1	11458	promoter
chr19	47992171	47993170	BSPH1	33906	promoter
chr19	47993632	47994631	ELSPBP1	14417	promoter
chr19	48044080	48045079	CABP5	13714	promoter
chr19	48110818	48111817	PLA2G4C	9037	promoter
chr19	48170345	48171344	LIG1	6598	promoter
chr19	48169680	48170679	ZSWIM9	34495	promoter
chr19	48255913	48256912	CARD8	17057	promoter
chr19	48269081	48270080	ZNF114	12894	promoter
chr19	48324552	48325551	EMP3	3335	promoter
chr19	48321972	48322971	ODAD1	26560	promoter
chr19	48363941	48364940	TMEM143	25603	promoter
chr19	48363367	48364366	SYNGR4	11502	promoter
chr19	48391552	48392551	KDELR1	6304	promoter
chr19	48392668	48393667	GRIN2D	4588	promoter
chr19	48444983	48445982	GRWD1	21270	promoter
chr19	48454574	48455573	KCNJ14	6260	promoter
chr19	48468369	48469368	CYTH2	9502	promoter
chr19	48511836	48512835	LMTK3	19295	promoter
chr19	48551172	48552171	SULT2B1	11459	promoter
chr19	48605742	48606741	SPACA4	16441	promoter
chr19	48615077	48616076	FAM83E	25972	promoter
chr19	48619179	48620178	RPL18	10310	promoter
chr19	48618506	48619505	SPHK2	18859	promoter
chr19	48637380	48638379	DBP	2697	promoter
chr19	48646188	48647187	CA11	1370	promoter
chr19	48673018	48674017	NTN5	25208	promoter
chr19	48694971	48695970	FUT2	4013	promoter
chr19	48719726	48720725	MAMSTR	26689	promoter
chr19	48740611	48741610	RASIP1	24716	promoter
chr19	48746910	48747909	IZUMO1	28539	promoter
chr19	48752642	48753641	FUT1	4012	promoter
chr19	48754524	48755523	FGF21	3678	promoter
chr19	48811030	48812029	BCAT2	977	promoter
chr19	48836492	48837491	HSD17B14	23238	promoter
chr19	48868618	48869617	PLEKHA4	14339	promoter
chr19	48871421	48872420	PPP1R15A	14375	promoter
chr19	48898745	48899744	TULP2	12424	promoter
chr19	48899312	48900311	NUCB1	8043	promoter
chr19	48932699	48933698	DHDH	17887	promoter
chr19	48953875	48954874	BAX	959	promoter
chr19	48964309	48965308	FTL	3999	promoter
chr19	48993310	48994309	GYS1	4706	promoter
chr19	48992887	48993886	RUVBL2	10475	promoter
chr19	49017092	49018091	LHB	6584	promoter
chr19	49020550	49021549	SAXO3	56771	promoter
chr19	49024334	49025333	CGB3	1886	promoter
chr19	49030890	49031889	CGB2	16722	promoter
chr19	49036896	49037895	CGB1	16721	promoter
chr19	49042848	49043847	CGB5	16452	promoter
chr19	49049112	49050111	CGB8	16453	promoter
chr19	49057750	49058749	CGB7	16451	promoter
chr19	49064819	49065818	NTF4	8024	promoter
chr19	49072700	49073699	KCNA7	6226	promoter
chr19	49084451	49085450	SNRNP70	11150	promoter
chr19	49113370	49114369	LIN7B	17788	promoter
chr19	49119144	49120143	C19orf73	25534	promoter
chr19	49118544	49119543	PPFIA3	9247	promoter
chr19	49155397	49156396	HRC	5178	promoter
chr19	49156792	49157791	TRPM4	17993	promoter
chr19	49325192	49326191	SLC6A16	13622	promoter
chr19	49334406	49335405	CD37	1666	promoter
chr19	49362877	49363876	DKKL1	16528	promoter
chr19	49362417	49363416	TEAD2	11715	promoter
chr19	49387249	49388248	KASH5	26520	promoter
chr19	49423442	49424441	PTH2	30828	promoter
chr19	49424388	49425387	GFY	44663	promoter
chr19	49441528	49442527	SLC17A7	16704	promoter
chr19	49452225	49453224	ALDH16A1	28114	promoter
chr19	49451815	49452814	PIH1D1	26075	promoter
chr19	49473215	49474214	FLT3LG	3766	promoter
chr19	49486608	49487607	RPL13A	10304	promoter
chr19	49495434	49496433	RPS11	10384	promoter
chr19	49511661	49512660	FCGRT	3621	promoter
chr19	49527003	49528002	RCN3	21145	promoter
chr19	49580316	49581315	PRRG2	9470	promoter
chr19	49580557	49581556	NOSIP	17946	promoter
chr19	49590182	49591181	PRR12	29217	promoter
chr19	49640144	49641143	RRAS	10447	promoter
chr19	49641209	49642208	SCAF1	30403	promoter
chr19	49664933	49665932	BCL2L12	13787	promoter
chr19	49665858	49666857	IRF3	6118	promoter
chr19	49676271	49677270	PRMT1	5187	promoter
chr19	49688594	49689593	ADM5	27293	promoter
chr19	49690116	49691115	CPT1C	18540	promoter
chr19	49763307	49764306	TSKS	30719	promoter
chr19	49766001	49767000	AP2A1	561	promoter
chr19	49813293	49814292	FUZ	26219	promoter
chr19	49817289	49818288	MED25	28845	promoter
chr19	49850159	49851158	PTOV1	9632	promoter
chr19	49876702	49877701	TBC1D17	25699	promoter
chr19	49867577	49868576	PNKP	9154	promoter
chr19	49877356	49878355	AKT1S1	28426	promoter
chr19	49928205	49929204	ATF5	790	promoter
chr19	49896888	49897887	IL4I1	19094	promoter
chr19	49929505	49930504	NUP62	8066	promoter
chr19	49961173	49962172	SIGLEC11	15622	promoter
chr19	49968600	49969599	SIGLEC16	24851	promoter
chr19	50025005	50026004	ZNF473	23239	promoter
chr19	50025373	50026372	VRK3	18996	promoter
chr19	50163282	50164281	IZUMO2	28518	promoter
chr19	50202622	50203621	MYH14	23212	promoter
chr19	50375457	50376456	NR1H2	7965	promoter
chr19	50329378	50330377	KCNC3	6235	promoter
chr19	50365640	50366639	NAPSA	13395	promoter
chr19	50383347	50384346	POLD1	9175	promoter
chr19	50417938	50418937	SPIB	11242	promoter
chr19	50431892	50432891	MYBPC2	7550	promoter
chr19	50475507	50476506	EMC10	27609	promoter
chr19	50476849	50477848	GARIN5A	25107	promoter
chr19	50511192	50512191	JOSD2	28853	promoter
chr19	50513914	50514913	ASPDH	33856	promoter
chr19	50568436	50569435	LRRC4B	25042	promoter
chr19	50639882	50640881	SYT3	11511	promoter
chr19	50648445	50649444	C19orf81	40041	promoter
chr19	50719803	50720802	SHANK1	15474	promoter
chr19	50722364	50723363	CLEC11A	10576	promoter
chr19	50769464	50770463	GPR32	4487	promoter
chr19	50789415	50790414	ACP4	14376	promoter
chr19	50786161	50787160	SMIM47	53452	promoter
chr19	50823788	50824787	KLK1	6357	promoter
chr19	50833575	50834574	KLK15	20453	promoter
chr19	50853915	50854914	KLK3	6364	promoter
chr19	50872439	50873438	KLK2	6363	promoter
chr19	50911396	50912395	KLK4	6365	promoter
chr19	50953039	50954038	KLK5	6366	promoter
chr19	50969592	50970591	KLK6	6367	promoter
chr19	50983918	50984917	KLK7	6368	promoter
chr19	51001605	51002604	KLK8	6369	promoter
chr19	51009593	51010592	KLK9	6370	promoter
chr19	51019710	51020709	KLK10	6358	promoter
chr19	51026617	51027616	KLK11	6359	promoter
chr19	51035003	51036002	KLK12	6360	promoter
chr19	51065093	51066092	KLK13	6361	promoter
chr19	51082888	51083887	KLK14	6362	promoter
chr19	51108410	51109409	CTU1	29590	promoter
chr19	51123906	51124905	SIGLEC9	10878	promoter
chr19	51141301	51142300	SIGLEC7	10876	promoter
chr19	51224080	51225079	CD33	1659	promoter
chr19	51250080	51251079	SIGLECL1	26856	promoter
chr19	51310644	51311643	IGLON5	34550	promoter
chr19	51342140	51343139	VSIG10L	27111	promoter
chr19	51366389	51367388	ETFB	3482	promoter
chr19	51369004	51370003	CLDND2	28511	promoter
chr19	51372655	51373654	NKG7	7830	promoter
chr19	51387975	51388974	LIM2	6610	promoter
chr19	51390592	51391591	C19orf84	27112	promoter
chr19	51417643	51418642	SIGLEC10	15620	promoter
chr19	51458455	51459454	SIGLEC8	10877	promoter
chr19	51477539	51478538	CEACAM18	31949	promoter
chr19	51501801	51502800	SIGLEC12	15482	promoter
chr19	51531671	51532670	SIGLEC6	10875	promoter
chr19	51570283	51571282	ZNF175	12964	promoter
chr19	51630402	51631401	SIGLEC5	10874	promoter
chr19	51646826	51647825	SIGLEC14	32926	promoter
chr19	51692330	51693329	SPACA6	27113	promoter
chr19	51723992	51724991	HAS1	4818	promoter
chr19	51760180	51761179	FPR2	3827	promoter
chr19	51794157	51795156	FPR3	3828	promoter
chr19	51751879	51752878	FPR1	3826	promoter
chr19	51887952	51888951	ZNF577	28673	promoter
chr19	51905018	51906017	ZNF649	25741	promoter
chr19	51926472	51927471	ZNF613	25827	promoter
chr19	51986841	51987840	ZNF350	16656	promoter
chr19	52008212	52009211	ZNF615	24740	promoter
chr19	52028380	52029379	ZNF614	24722	promoter
chr19	52048839	52049838	ZNF432	20810	promoter
chr19	52095766	52096765	ZNF841	27611	promoter
chr19	52139939	52140938	ZNF616	28062	promoter
chr19	52189052	52190051	PPP2R1A	9302	promoter
chr19	52171622	52172621	ZNF836	34333	promoter
chr19	52268587	52269586	ZNF766	28063	promoter
chr19	52296169	52297168	ZNF480	23305	promoter
chr19	52335243	52336242	ZNF610	26687	promoter
chr19	52368923	52369922	ZNF880	37249	promoter
chr19	52396849	52397848	ZNF528	29384	promoter
chr19	52428148	52429147	ZNF534	26337	promoter
chr19	52452553	52453552	ZNF578	26449	promoter
chr19	52526668	52527667	ZNF808	33230	promoter
chr19	52569287	52570286	ZNF701	25597	promoter
chr19	52638356	52639355	ZNF83	13158	promoter
chr19	52735045	52736044	ZNF611	28766	promoter
chr19	52786792	52787791	ZNF600	30951	promoter
chr19	52821634	52822633	ZNF28	13073	promoter
chr19	52857620	52858619	ZNF468	33105	promoter
chr19	52897636	52898635	ZNF320	13842	promoter
chr19	52923429	52924428	ZNF888	38695	promoter
chr19	52962882	52963881	ZNF816	26995	promoter
chr19	53012921	53013920	ERVV-1	26501	promoter
chr19	53043740	53044739	ERVV-2	39051	promoter
chr19	53103423	53104422	ZNF160	12948	promoter
chr19	53132911	53133910	ZNF415	20636	promoter
chr19	53159054	53160053	ZNF347	16447	promoter
chr19	53193359	53194358	ZNF665	25885	promoter
chr19	53254874	53255873	ZNF677	28730	promoter
chr19	53257292	53258291	VN1R2	19872	promoter
chr19	53267724	53268723	VN1R4	19871	promoter
chr19	53276462	53277461	FAM90A27P	43617	promoter
chr19	53332749	53333748	ZNF845	25112	promoter
chr19	53364705	53365704	ZNF525	29423	promoter
chr19	53394149	53395148	ZNF765	25092	promoter
chr19	53430984	53431983	ZNF761	23179	promoter
chr19	53466733	53467732	ZNF813	33257	promoter
chr19	53537145	53538144	ZNF331	15489	promoter
chr19	53630999	53631998	DPRX	32166	promoter
chr19	53824315	53825314	NLRP12	22938	promoter
chr19	53866883	53867882	MYADM	7544	promoter
chr19	53881197	53882196	PRKCG	9402	promoter
chr19	53908278	53909277	CACNG7	13626	promoter
chr19	53961937	53962936	CACNG8	13628	promoter
chr19	53990637	53991636	CACNG6	13625	promoter
chr19	54063898	54064897	VSTM1	29455	promoter
chr19	54081366	54082365	TARM1	37250	promoter
chr19	54100804	54101803	OSCAR	29960	promoter
chr19	54101855	54102854	NDUFA3	7686	promoter
chr19	54114754	54115753	PRPF31	15446	promoter
chr19	54115658	54116657	TFPT	13630	promoter
chr19	54136762	54137761	CNOT3	7879	promoter
chr19	54159722	54160721	LENG1	15502	promoter
chr19	54173161	54174160	TMC4	22998	promoter
chr19	54189581	54190580	MBOAT7	15505	promoter
chr19	54190308	54191307	TSEN34	15506	promoter
chr19	54199858	54200857	RPS9	10442	promoter
chr19	54223008	54224007	LILRB3	6607	promoter
chr19	54242791	54243790	LILRA6	15495	promoter
chr19	54257274	54258273	LILRB5	6609	promoter
chr19	54281111	54282110	LILRB2	6606	promoter
chr19	54313167	54314166	LILRA5	16309	promoter
chr19	54339163	54340162	LILRA4	15503	promoter
chr19	54364932	54365931	LAIR1	6477	promoter
chr19	54414464	54415463	TTYH1	13476	promoter
chr19	54448199	54449198	LENG8	15500	promoter
chr19	54463779	54464778	LENG9	16306	promoter
chr19	54473297	54474296	CDC42EP5	17408	promoter
chr19	54501831	54502830	LAIR2	6478	promoter
chr19	54572790	54573789	LILRA2	6603	promoter
chr19	54592632	54593631	LILRA1	6602	promoter
chr19	54629484	54630483	LILRB1	6605	promoter
chr19	54661985	54662984	LILRB4	6608	promoter
chr19	54723442	54724441	KIR3DL3	16312	promoter
chr19	54737513	54738512	KIR2DL3	6331	promoter
chr19	54768793	54769792	KIR2DL1	6329	promoter
chr19	54802610	54803609	KIR2DL4	6332	promoter
chr19	54815468	54816467	KIR3DL1	6338	promoter
chr19	54831676	54832675	KIR2DS4	6336	promoter
chr19	54849443	54850442	KIR3DL2	6339	promoter
chr19	54873235	54874234	FCAR	3608	promoter
chr19	54905148	54906147	NCR1	6731	promoter
chr19	54965374	54966373	NLRP2	22948	promoter
chr19	54947531	54948530	NLRP7	22947	promoter
chr19	55038265	55039264	GP6	14388	promoter
chr19	55063149	55064148	RDH13	19978	promoter
chr19	55074869	55075868	EPS8L1	21295	promoter
chr19	55117638	55118637	PPP1R12C	14947	promoter
chr19	55149207	55150206	TNNT1	11948	promoter
chr19	55157733	55158732	TNNI3	11947	promoter
chr19	55166614	55167613	DNAAF3	30492	promoter
chr19	55180290	55181289	SYT5	11513	promoter
chr19	55209502	55210501	PTPRH	9672	promoter
chr19	55228764	55229763	TMEM86B	28448	promoter
chr19	55259018	55260017	PPP6R1	29195	promoter
chr19	55280111	55281110	HSPBP1	24989	promoter
chr19	55282997	55283996	BRSK1	18994	promoter
chr19	55325342	55326341	TMEM150B	34415	promoter
chr19	55338876	55339875	KMT5C	28405	promoter
chr19	55354720	55355719	COX6B2	24380	promoter
chr19	55363261	55364260	GARIN5B	25278	promoter
chr19	55370464	55371463	IL11	5966	promoter
chr19	55375826	55376825	TMEM190	29632	promoter
chr19	55384293	55385292	TMEM238	40042	promoter
chr19	55384932	55385931	RPL28	10330	promoter
chr19	55407789	55408788	UBE2S	17895	promoter
chr19	55443301	55444300	SHISA7	35409	promoter
chr19	55461643	55462642	ISOC2	26278	promoter
chr19	55464752	55465751	C19orf85	53653	promoter
chr19	55475617	55476616	ZNF628	28054	promoter
chr19	55484188	55485187	NAT14	28918	promoter
chr19	55487436	55488435	SSC5D	26641	promoter
chr19	55537134	55538133	SBK2	34416	promoter
chr19	55545544	55546543	SBK3	44121	promoter
chr19	55580849	55581848	ZNF579	26646	promoter
chr19	55599288	55600287	ZNF524	28322	promoter
chr19	55599518	55600517	FIZ1	25917	promoter
chr19	55604647	55605646	ZNF865	38705	promoter
chr19	55624567	55625566	ZNF784	33111	promoter
chr19	55640002	55641001	ZNF580	29473	promoter
chr19	55642649	55643648	ZNF581	25017	promoter
chr19	55647212	55648211	CCDC106	30181	promoter
chr19	55654035	55655034	U2AF2	23156	promoter
chr19	55674226	55675225	EPN1	21604	promoter
chr19	55738403	55739402	NLRP9	22941	promoter
chr19	55758097	55759096	RFPL4A	16449	promoter
chr19	55768118	55769117	RFPL4AL1	45147	promoter
chr19	55835540	55836539	NLRP4	22943	promoter
chr19	55832000	55832999	NLRP11	22945	promoter
chr19	55932337	55933336	NLRP13	22937	promoter
chr19	55946832	55947831	NLRP8	22940	promoter
chr19	55998726	55999725	NLRP5	21269	promoter
chr19	56121296	56122295	ZNF787	26998	promoter
chr19	56140287	56141286	ZNF444	16052	promoter
chr19	56175008	56176007	GALP	24840	promoter
chr19	56197784	56198783	ZSCAN5B	34246	promoter
chr19	56201273	56202272	ZSCAN5C	34294	promoter
chr19	56271748	56272747	EDDM13	53168	promoter
chr19	56314840	56315839	ZSCAN5A	23710	promoter
chr19	56393535	56394534	ZNF582	26421	promoter
chr19	56403332	56404331	ZNF583	26427	promoter
chr19	56477346	56478345	ZNF667	28854	promoter
chr19	56506855	56507854	ZNF471	23226	promoter
chr19	56537948	56538947	ZFP28	17801	promoter
chr19	56566468	56567467	ZNF470	22220	promoter
chr19	56594302	56595301	ZNF71	13141	promoter
chr19	56642159	56643158	SMIM17	27114	promoter
chr19	56840727	56841726	ZIM2	12875	promoter
chr19	57118985	57119984	USP29	18563	promoter
chr19	57145203	57146202	ZIM3	16366	promoter
chr19	57167486	57168485	DUXA	32179	promoter
chr19	57190500	57191499	ZNF264	13057	promoter
chr19	57230023	57231022	AURKC	11391	promoter
chr19	57239632	57240631	ZNF805	23272	promoter
chr19	57279485	57280484	ZNF460	21628	promoter
chr19	57319472	57320471	ZNF543	25281	promoter
chr19	57350271	57351270	ZNF304	13505	promoter
chr19	57362551	57363550	ZNF547	26432	promoter
chr19	57362551	57363550	TRAPPC2B	10710	promoter
chr19	57388854	57389853	ZNF548	26561	promoter
chr19	57410161	57411160	ZNF17	12958	promoter
chr19	57434325	57435324	ZNF749	32783	promoter
chr19	57457141	57458140	VN1R1	13548	promoter
chr19	57477567	57478566	ZNF772	33106	promoter
chr19	57486750	57487749	ZNF419	20648	promoter
chr19	57498938	57499937	ZNF773	30487	promoter
chr19	57526356	57527355	ZNF549	26632	promoter
chr19	57559864	57560863	ZNF550	28643	promoter
chr19	57583145	57584144	ZIK1	33104	promoter
chr19	57578912	57579911	ZNF416	20645	promoter
chr19	57598885	57599884	ZNF530	29297	promoter
chr19	57613242	57614241	ZNF134	12918	promoter
chr19	57632168	57633167	ZNF211	13003	promoter
chr19	57667935	57668934	ZSCAN4	23709	promoter
chr19	57680977	57681976	ZNF551	25108	promoter
chr19	57709205	57710204	ZNF154	12939	promoter
chr19	57727625	57728624	ZNF671	26279	promoter
chr19	57745815	57746814	ZNF776	26765	promoter
chr19	57768676	57769675	ZNF586	25949	promoter
chr19	57814914	57815913	ZNF552	26135	promoter
chr19	57829299	57830298	ZNF587B	37142	promoter
chr19	57848859	57849858	ZNF587	30955	promoter
chr19	57889038	57890037	ZNF814	33258	promoter
chr19	57916593	57917592	ZNF417	20646	promoter
chr19	57935403	57936402	ZNF418	20647	promoter
chr19	57947707	57948706	ZNF256	13049	promoter
chr19	57974535	57975534	C19orf18	28642	promoter
chr19	58002821	58003820	ZNF606	25879	promoter
chr19	58033025	58034024	ZSCAN1	23712	promoter
chr19	58058282	58059281	ZNF135	12919	promoter
chr19	58098232	58099231	ZSCAN18	21037	promoter
chr19	58150790	58151789	ZNF329	14209	promoter
chr19	58182061	58183060	ZNF274	13068	promoter
chr19	58227914	58228913	ZNF544	16759	promoter
chr19	58277955	58278954	ZNF8	13154	promoter
chr19	58304377	58305376	ERVK3-1	30466	promoter
chr19	58325994	58326993	ZSCAN22	4929	promoter
chr19	58353493	58354492	A1BG	5	promoter
chr19	58362752	58363751	ZNF497	23714	promoter
chr19	58381031	58382030	ZNF837	25164	promoter
chr19	58386269	58387268	RPS5	10426	promoter
chr19	58394656	58395655	RNF225	51249	promoter
chr19	58407649	58408648	ZNF584	27318	promoter
chr19	58440154	58441153	ZNF132	12916	promoter
chr19	58450622	58451621	ZNF324B	33107	promoter
chr19	58466080	58467079	ZNF324	14096	promoter
chr19	58475352	58476351	ZNF446	21036	promoter
chr19	58511993	58512992	SLC27A5	10999	promoter
chr19	58519811	58520810	ZBTB45	23715	promoter
chr19	58543064	58544063	TRIM28	16384	promoter
chr19	58555106	58556105	CHMP2A	30216	promoter
chr19	58558612	58559611	UBE2M	12491	promoter
chr19	58573336	58574335	MZF1	13108	promoter
chr20	86672	87671	DEFB125	18105	promoter
chr20	141590	142589	DEFB126	15900	promoter
chr20	156454	157453	DEFB127	16206	promoter
chr20	189712	190711	DEFB128	18106	promoter
chr20	226258	227257	DEFB129	16218	promoter
chr20	256724	257723	DEFB132	33806	promoter
chr20	290751	291750	C20orf96	16227	promoter
chr20	296570	297569	ZCCHC3	16230	promoter
chr20	324552	325551	SOX12	11198	promoter
chr20	346111	347110	NRSN2	16229	promoter
chr20	379760	380759	TRIB3	16228	promoter
chr20	407299	408298	RBCK1	15864	promoter
chr20	462534	463533	TBC1D20	16133	promoter
chr20	543791	544790	CSNK2A1	2457	promoter
chr20	610310	611309	TCF15	11627	promoter
chr20	653201	654200	SRXN1	16132	promoter
chr20	675803	676802	SCRT2	15952	promoter
chr20	768501	769500	SLC52A3	16187	promoter
chr20	832715	833714	FAM110A	16188	promoter
chr20	916335	917334	ANGPT4	487	promoter
chr20	1002312	1003311	RSPO4	16175	promoter
chr20	1117602	1118601	PSMF1	9571	promoter
chr20	1184982	1185981	TMEM74B	15893	promoter
chr20	1202454	1203453	C20orf202	37254	promoter
chr20	1225044	1226043	RAD21L1	16271	promoter
chr20	1265294	1266293	SNPH	15931	promoter
chr20	1329140	1330139	SDCBP2	15756	promoter
chr20	1393055	1394054	FKBP1A	3711	promoter
chr20	1466850	1467849	NSFL1C	15912	promoter
chr20	1491421	1492420	SIRPB2	16247	promoter
chr20	1557706	1558705	SIRPD	16248	promoter
chr20	1620010	1621009	SIRPB1	15928	promoter
chr20	1657780	1658779	SIRPG	15757	promoter
chr20	1894407	1895406	SIRPA	9662	promoter
chr20	1994059	1995058	PDYN	8820	promoter
chr20	2100827	2101826	STK35	16254	promoter
chr20	2295001	2296000	TGM3	11779	promoter
chr20	2379901	2380900	TGM6	16255	promoter
chr20	2470790	2471789	SNRPB	11153	promoter
chr20	2508916	2509915	ZNF343	16017	promoter
chr20	2535573	2536572	TMC2	16527	promoter
chr20	2651632	2652631	NOP56	15911	promoter
chr20	2664217	2665216	IDH3B	5385	promoter
chr20	2691780	2692779	EBF4	29278	promoter
chr20	2800628	2801627	CPXM1	15771	promoter
chr20	2813987	2814986	C20orf141	16134	promoter
chr20	2815364	2816363	TMEM239	40044	promoter
chr20	2839745	2840744	VPS16	14584	promoter
chr20	2840656	2841655	PCED1A	16212	promoter
chr20	2872481	2873480	PTPRA	9664	promoter
chr20	3042622	3043621	GNRH2	4420	promoter
chr20	3045052	3046051	MRPS26	14045	promoter
chr20	3070620	3071619	OXT	8528	promoter
chr20	3084725	3085724	AVP	894	promoter
chr20	3159866	3160865	FASTKD5	25790	promoter
chr20	3159866	3160865	UBOX5	17777	promoter
chr20	3173550	3174549	LZTS3	30139	promoter
chr20	3204683	3205682	DDRGK1	16110	promoter
chr20	3208498	3209497	ITPA	6176	promoter
chr20	3239191	3240190	SLC4A11	16438	promoter
chr20	3407670	3408669	DNAAF9	17721	promoter
chr20	3470018	3471017	ATRN	885	promoter
chr20	3663400	3664399	GFRA4	13821	promoter
chr20	3682011	3683010	ADAM33	15478	promoter
chr20	3712601	3713600	SIGLEC1	11127	promoter
chr20	3731685	3732684	HSPA12B	16193	promoter
chr20	3767754	3768753	ADISSP	15873	promoter
chr20	3781449	3782448	SPEF1	15874	promoter
chr20	3786741	3787740	CENPB	1852	promoter
chr20	3795310	3796309	CDC25B	1726	promoter
chr20	3819547	3820546	AP5S1	15875	promoter
chr20	3845834	3846833	MAVS	29233	promoter
chr20	3888387	3889386	PANK2	15894	promoter
chr20	4015559	4016558	RNF24	13779	promoter
chr20	4147828	4148827	SMOX	15862	promoter
chr20	4249288	4250287	ADRA1D	280	promoter
chr20	4685456	4686455	PRNP	9449	promoter
chr20	4720909	4721908	PRND	15748	promoter
chr20	4823609	4824608	RASSF2	9883	promoter
chr20	5001511	5002510	SLC23A2	10973	promoter
chr20	5113077	5114076	TMEM230	15876	promoter
chr20	5119959	5120958	PCNA	8729	promoter
chr20	5126008	5127007	CDS2	1801	promoter
chr20	5316955	5317954	PROKR2	15836	promoter
chr20	5611007	5612006	GPCPD1	26957	promoter
chr20	5749401	5750400	SHLD1	26318	promoter
chr20	5910510	5911509	CHGB	1930	promoter
chr20	5950534	5951533	TRMT6	20900	promoter
chr20	5949652	5950651	MCM8	16147	promoter
chr20	6005123	6006122	CRLS1	16148	promoter
chr20	6054061	6055060	LRRN4	16208	promoter
chr20	6123031	6124030	FERMT1	15889	promoter
chr20	6766686	6767685	BMP2	1069	promoter
chr20	7940459	7941458	HAO1	4809	promoter
chr20	8019762	8020761	TMX4	25237	promoter
chr20	8131266	8132265	PLCB1	15917	promoter
chr20	9068087	9069086	PLCB4	9059	promoter
chr20	9513590	9514589	LAMP5	16097	promoter
chr20	9839077	9840076	PAK5	15916	promoter
chr20	10033987	10034986	ANKEF1	15803	promoter
chr20	10217830	10218829	SNAP25	11132	promoter
chr20	10434223	10435222	MKKS	7108	promoter
chr20	10434305	10435304	SLX4IP	16225	promoter
chr20	10674000	10674999	JAG1	6188	promoter
chr20	11916893	11917892	BTBD3	15854	promoter
chr20	13007972	13008971	SPTLC3	16253	promoter
chr20	13220274	13221273	ISM1	16213	promoter
chr20	13638933	13639932	TASP1	15859	promoter
chr20	13784920	13785919	ESF1	15898	promoter
chr20	13784028	13785027	NDUFAF5	15899	promoter
chr20	13994516	13995515	MACROD2	16126	promoter
chr20	13990615	13991614	SEL1L2	15897	promoter
chr20	14337613	14338612	FLRT3	3762	promoter
chr20	16573449	16574448	KIF16B	15869	promoter
chr20	16729026	16730025	SNRPB2	11155	promoter
chr20	16747358	16748357	OTOR	8517	promoter
chr20	17226040	17227039	PCSK2	8744	promoter
chr20	17531380	17532379	BFSP1	1040	promoter
chr20	17569075	17570074	DSTN	15750	promoter
chr20	17682243	17683242	RRBP1	10448	promoter
chr20	17698966	17699965	BANF2	16172	promoter
chr20	17968795	17969794	SNX5	14969	promoter
chr20	17968018	17969017	MGME1	16205	promoter
chr20	18057917	18058916	OVOL2	15804	promoter
chr20	18136863	18137862	KAT14	15904	promoter
chr20	18136863	18137862	PET117	40045	promoter
chr20	18287527	18288526	ZNF133	12917	promoter
chr20	18466390	18467389	POLR3F	15763	promoter
chr20	18467031	18468030	DZANK1	15858	promoter
chr20	18497226	18498225	RBBP9	9892	promoter
chr20	18506940	18507939	SEC23B	10702	promoter
chr20	18566432	18567431	SMIM26	43430	promoter
chr20	18587054	18588053	DTD1	16219	promoter
chr20	18812783	18813782	SCP2D1	16211	promoter
chr20	19211642	19212641	SLC24A3	10977	promoter
chr20	19757258	19758257	RIN2	18750	promoter
chr20	20016362	20017361	NAA20	15908	promoter
chr20	20051532	20052531	CFAP61	15872	promoter
chr20	20052467	20053466	CRNKL1	15762	promoter
chr20	20367104	20368103	INSM1	6090	promoter
chr20	20712645	20713644	RALGAPA2	16207	promoter
chr20	21125082	21126081	KIZ	15865	promoter
chr20	21302331	21303330	XRN2	12836	promoter
chr20	21397527	21398526	NKX2-4	7837	promoter
chr20	21514065	21515064	NKX2-2	7835	promoter
chr20	21704664	21705663	PAX1	8615	promoter
chr20	22584573	22585572	FOXA2	5022	promoter
chr20	23034312	23035311	SSTR4	11333	promoter
chr20	23049673	23050672	THBD	11784	promoter
chr20	23086325	23087324	CD93	15855	promoter
chr20	23349791	23350790	NXT1	15913	promoter
chr20	23361182	23362181	GZF1	15808	promoter
chr20	23421489	23422488	NAPB	15751	promoter
chr20	23438685	23439684	CSTL1	15958	promoter
chr20	23452877	23453876	CST11	15959	promoter
chr20	23490117	23491116	CST8	2480	promoter
chr20	23568485	23569484	CST9L	16233	promoter
chr20	23605918	23606917	CST9	13261	promoter
chr20	23637956	23638955	CST3	2475	promoter
chr20	23689039	23690038	CST4	2476	promoter
chr20	23750936	23751935	CST1	2473	promoter
chr20	23826730	23827729	CST2	2474	promoter
chr20	23879749	23880748	CST5	2477	promoter
chr20	23988780	23989779	GGTLC1	16437	promoter
chr20	24468629	24469628	SYNDIG1	15885	promoter
chr20	24948269	24949268	CST7	2479	promoter
chr20	24992752	24993751	APMAP	13238	promoter
chr20	25058140	25059139	ACSS1	16091	promoter
chr20	25082142	25083141	VSX1	12723	promoter
chr20	25194712	25195711	ENTPD6	3368	promoter
chr20	25247085	25248084	PYGB	9723	promoter
chr20	25390836	25391835	ABHD12	15868	promoter
chr20	25406673	25407672	GINS1	28980	promoter
chr20	25585532	25586531	NINL	29163	promoter
chr20	25624015	25625014	NANP	16140	promoter
chr20	25696854	25697853	ZNF337	15809	promoter
chr20	31256664	31257663	DEFB115	18096	promoter
chr20	31308586	31309585	DEFB116	18097	promoter
chr20	31367601	31368600	DEFB118	16196	promoter
chr20	31390591	31391590	DEFB119	18099	promoter
chr20	31406216	31407215	DEFB121	18101	promoter
chr20	31439632	31440631	DEFB123	18103	promoter
chr20	31474288	31475287	REM1	15922	promoter
chr20	31475128	31476127	DEFB124	18104	promoter
chr20	31513442	31514441	HM13	16435	promoter
chr20	31546379	31547378	MCTS2	49760	promoter
chr20	31604289	31605288	ID1	5360	promoter
chr20	31636912	31637911	COX4I2	16232	promoter
chr20	31722869	31723868	BCL2L1	992	promoter
chr20	31738290	31739289	TPX2	1249	promoter
chr20	31818356	31819355	MYLK2	16243	promoter
chr20	31845605	31846604	FOXS1	3735	promoter
chr20	31869634	31870633	TTLL9	16118	promoter
chr20	31870528	31871527	DUSP15	16236	promoter
chr20	31952047	31953046	PDRG1	16119	promoter
chr20	31967151	31968150	XKR7	23062	promoter
chr20	32009438	32010437	CCM2L	16153	promoter
chr20	32051242	32052241	HCK	4840	promoter
chr20	32108714	32109713	TM9SF4	30797	promoter
chr20	32207744	32208743	PLAGL2	9047	promoter
chr20	32206880	32207879	POFUT1	14988	promoter
chr20	32276651	32277650	KIF3B	6320	promoter
chr20	32357331	32358330	ASXL1	18318	promoter
chr20	32585334	32586333	NOL4L	16106	promoter
chr20	32673942	32674941	C20orf203	26592	promoter
chr20	32743468	32744467	COMMD7	16223	promoter
chr20	32761385	32762384	DNMT3B	2979	promoter
chr20	32818954	32819953	MAPRE1	6890	promoter
chr20	32857923	32858922	EFCAB8	34532	promoter
chr20	33004434	33005433	SUN5	16252	promoter
chr20	33006704	33007703	BPIFB2	16177	promoter
chr20	33030648	33031647	BPIFB6	16504	promoter
chr20	33052903	33053902	BPIFB3	16178	promoter
chr20	33078643	33079642	BPIFB4	16179	promoter
chr20	33167159	33168158	BPIFA2	16203	promoter
chr20	33216352	33217351	BPIFA3	16204	promoter
chr20	33234996	33235995	BPIFA1	15749	promoter
chr20	33282214	33283213	BPIFB1	16108	promoter
chr20	33401520	33402519	CDK5RAP1	15880	promoter
chr20	33443764	33444763	SNTA1	11167	promoter
chr20	33489096	33490095	CBFA2T2	1536	promoter
chr20	33661327	33662326	C20orf144	16137	promoter
chr20	33665943	33666942	ACTL10	16127	promoter
chr20	33674429	33675428	NECAB3	15851	promoter
chr20	33686386	33687385	E2F1	3113	promoter
chr20	33720311	33721310	PXMP4	15920	promoter
chr20	33730996	33731995	ZNF341	15992	promoter
chr20	33810348	33811347	CHMP4B	16171	promoter
chr20	33992911	33993910	RALY	15921	promoter
chr20	34112244	34113243	EIF2S2	3266	promoter
chr20	34240423	34241422	ASIP	745	promoter
chr20	34303356	34304355	AHCY	343	promoter
chr20	34362273	34363272	ITCH	13890	promoter
chr20	34515422	34516421	DYNLRB1	15468	promoter
chr20	34557718	34558717	MAP1LC3A	6838	promoter
chr20	34677093	34678092	PIGU	15791	promoter
chr20	34703344	34704343	TP53INP2	16104	promoter
chr20	34825652	34826651	NCOA6	15936	promoter
chr20	34875612	34876611	ACSS2	15814	promoter
chr20	34872857	34873856	GGT7	4259	promoter
chr20	34954868	34955867	MYH7B	15906	promoter
chr20	34955807	34956806	GSS	4624	promoter
chr20	35092808	35093807	TRPC4AP	16181	promoter
chr20	35147337	35148336	EDEM2	15877	promoter
chr20	35171072	35172071	PROCR	9452	promoter
chr20	35225690	35226689	MMP24	7172	promoter
chr20	35278123	35279122	MMP24OS	44421	promoter
chr20	35284773	35285772	EIF6	6159	promoter
chr20	35292426	35293425	FAM83C	16121	promoter
chr20	35411974	35412973	UQCC1	15891	promoter
chr20	35438229	35439228	GDF5	4220	promoter
chr20	35454598	35455597	CEP250	1859	promoter
chr20	35529653	35530652	C20orf173	16166	promoter
chr20	35541078	35542077	ERGIC3	15927	promoter
chr20	35614829	35615828	SPAG4	11214	promoter
chr20	35664901	35665900	RBM12	9898	promoter
chr20	35664901	35665900	CPNE1	2314	promoter
chr20	35698405	35699404	ROMO1	16185	promoter
chr20	35699353	35700352	NFS1	15910	promoter
chr20	35742261	35743260	RBM39	15923	promoter
chr20	35771015	35772014	PHF20	16098	promoter
chr20	35967590	35968589	CNBD2	16145	promoter
chr20	35954503	35955502	SCAND1	10566	promoter
chr20	36153740	36154739	EPB41L1	3378	promoter
chr20	36235478	36236477	AAR2	15886	promoter
chr20	36305339	36306338	DLGAP4	24476	promoter
chr20	36540519	36541518	MYL9	15754	promoter
chr20	36572597	36573596	TGIF2	15764	promoter
chr20	36604779	36605778	RAB5IF	15870	promoter
chr20	36646197	36647196	SLA2	17329	promoter
chr20	36746091	36747090	NDRG3	14462	promoter
chr20	36773764	36774763	DSN1	16165	promoter
chr20	36863539	36864538	MTCL2	16111	promoter
chr20	36875138	36876137	TLDC2	16112	promoter
chr20	36951709	36952708	SAMHD1	15925	promoter
chr20	37095998	37096997	RBL1	9893	promoter
chr20	37178330	37179329	RPN2	10382	promoter
chr20	37179549	37180548	MROH8	16125	promoter
chr20	37261815	37262814	GHRH	4265	promoter
chr20	37288655	37289654	MANBAL	15799	promoter
chr20	37345140	37346139	SRC	11283	promoter
chr20	37520250	37521249	NNAT	7860	promoter
chr20	37527877	37528876	BLCAP	1055	promoter
chr20	37693030	37694029	CTNNBL1	15879	promoter
chr20	37902127	37903126	VSTM2L	16096	promoter
chr20	38033457	38034456	TTI1	29029	promoter
chr20	38032746	38033745	RPRD1B	16209	promoter
chr20	38165271	38166270	TGM2	11778	promoter
chr20	38303156	38304155	BPI	1095	promoter
chr20	38260736	38261735	KIAA1755	29372	promoter
chr20	38345482	38346481	LBP	6517	promoter
chr20	38471843	38472842	RALGAPB	29221	promoter
chr20	38580197	38581196	ADIG	28606	promoter
chr20	38600809	38601808	ARHGAP40	16226	promoter
chr20	38723486	38724485	SLC32A1	11018	promoter
chr20	38747460	38748459	ACTR5	14671	promoter
chr20	38804697	38805696	PPP1R16B	15850	promoter
chr20	38925417	38926416	FAM83D	16122	promoter
chr20	38961344	38962343	DHX35	15861	promoter
chr20	40689237	40690236	MAFB	6408	promoter
chr20	41027822	41028821	TOP1	11986	promoter
chr20	41136543	41137542	PLCG1	9065	promoter
chr20	41317732	41318731	ZHX3	15935	promoter
chr20	41339821	41340820	LPIN3	14451	promoter
chr20	41366819	41367818	EMILIN3	16123	promoter
chr20	41618378	41619377	CHD6	19057	promoter
chr20	43189907	43190906	PTPRT	9682	promoter
chr20	43456896	43457895	SRSF6	10788	promoter
chr20	43506697	43507696	L3MBTL1	15905	promoter
chr20	43558027	43559026	SGK2	13900	promoter
chr20	43589937	43590936	IFT52	15901	promoter
chr20	43666114	43667113	MYBL2	7548	promoter
chr20	43727003	43728002	GTSF1L	16198	promoter
chr20	43913852	43914851	TOX2	16095	promoter
chr20	44187189	44188188	JPH2	14202	promoter
chr20	44210772	44211771	OSER1	16105	promoter
chr20	44246308	44247307	GDAP1L1	4213	promoter
chr20	44311203	44312202	FITM2	16135	promoter
chr20	44336043	44337042	R3HDML	16249	promoter
chr20	44354699	44355698	HNF4A	5024	promoter
chr20	44474874	44475873	TTPAL	16114	promoter
chr20	44522071	44523070	SERINC3	11699	promoter
chr20	44581579	44582578	PKIG	9019	promoter
chr20	44651700	44652699	ADA	186	promoter
chr20	44714369	44715368	CCN5	12770	promoter
chr20	44744865	44745864	KCNK15	13814	promoter
chr20	44810547	44811546	RIMS4	16183	promoter
chr20	44884705	44885704	YWHAB	12849	promoter
chr20	44909060	44910059	PABPC1L	15797	promoter
chr20	44960398	44961397	TOMM34	15746	promoter
chr20	44965512	44966511	STK4	11408	promoter
chr20	45101128	45102127	KCNS1	6300	promoter
chr20	45115175	45116174	WFDC5	20477	promoter
chr20	45124466	45125465	WFDC12	16115	promoter
chr20	45173902	45174901	PI3	8947	promoter
chr20	45206033	45207032	SEMG1	10742	promoter
chr20	45220373	45221372	SEMG2	10743	promoter
chr20	45254565	45255564	SLPI	11092	promoter
chr20	45305840	45306839	RBPJL	13761	promoter
chr20	45308300	45309299	MATN4	6910	promoter
chr20	45348425	45349424	SDC4	10661	promoter
chr20	45362156	45363155	SYS1	16162	promoter
chr20	45407289	45408288	DBNDD2	15881	promoter
chr20	45378326	45379325	TP53TG5	15856	promoter
chr20	45415141	45416140	PIGT	14938	promoter
chr20	45468753	45469752	WFDC2	15939	promoter
chr20	45515623	45516622	SPINT3	11248	promoter
chr20	45539483	45540482	WFDC6	16164	promoter
chr20	45547402	45548401	EPPIN	15932	promoter
chr20	45579285	45580284	WFDC8	16163	promoter
chr20	45628739	45629738	WFDC10A	16139	promoter
chr20	45631285	45632284	WFDC9	20380	promoter
chr20	45670240	45671239	WFDC11	20478	promoter
chr20	45701038	45702037	WFDC13	16131	promoter
chr20	45705020	45706019	WFDC10B	20479	promoter
chr20	45721347	45722346	SPINT4	16130	promoter
chr20	45791884	45792883	WFDC3	15957	promoter
chr20	45790954	45791953	DNTTIP1	16160	promoter
chr20	45811644	45812643	UBE2C	15937	promoter
chr20	45827313	45828312	TNNC2	11944	promoter
chr20	45832799	45833798	SNX21	16154	promoter
chr20	45857393	45858392	ACOT8	15919	promoter
chr20	45856614	45857613	ZSWIM3	16157	promoter
chr20	45880227	45881226	ZSWIM1	16155	promoter
chr20	45887623	45888622	SPATA25	16158	promoter
chr20	45890335	45891334	CTSA	9251	promoter
chr20	45891209	45892208	NEURL2	16156	promoter
chr20	45912156	45913155	PLTP	9093	promoter
chr20	45933683	45934682	PCIF1	16200	promoter
chr20	45972204	45973203	ZNF335	15807	promoter
chr20	46007908	46008907	MMP9	7176	promoter
chr20	46028215	46029214	SLC12A5	13818	promoter
chr20	46089963	46090962	NCOA5	15909	promoter
chr20	46117314	46118313	CD40	11919	promoter
chr20	46308499	46309498	CDH22	13251	promoter
chr20	46364426	46365425	SLC35C2	17117	promoter
chr20	46406616	46407615	ELMO2	17233	promoter
chr20	46458441	46459440	ZNF840P	34344	promoter
chr20	46513560	46514559	ZNF334	15806	promoter
chr20	46550655	46551654	OCSTAMP	16116	promoter
chr20	46651460	46652459	SLC13A3	14430	promoter
chr20	46689445	46690444	TP53RK	16197	promoter
chr20	46708649	46709648	SLC2A10	13444	promoter
chr20	46893843	46894842	EYA2	3520	promoter
chr20	47356700	47357699	ZMYND8	9397	promoter
chr20	47500887	47501886	NCOA3	7670	promoter
chr20	47785482	47786481	SULF2	20392	promoter
chr20	48828000	48828999	PREX1	32594	promoter
chr20	48920711	48921710	ARFGEF2	15853	promoter
chr20	49045312	49046311	CSE1L	2431	promoter
chr20	49188335	49189334	STAU1	11370	promoter
chr20	49218416	49219415	DDX27	15837	promoter
chr20	49278058	49279057	ZNFX1	29271	promoter
chr20	49482669	49483668	KCNB1	6231	promoter
chr20	49568138	49569137	PTGIS	9603	promoter
chr20	49713879	49714878	B4GALT5	928	promoter
chr20	49811828	49812827	SLC9A8	20728	promoter
chr20	49915530	49916529	SPATA2	14681	promoter
chr20	49935397	49936396	RNF114	13094	promoter
chr20	49981980	49982979	SNAI1	11128	promoter
chr20	50113151	50114150	UBE2V1	12494	promoter
chr20	50153724	50154723	PEDS1	16735	promoter
chr20	50189830	50190829	CEBPB	1834	promoter
chr20	50509383	50510382	PTPN1	9642	promoter
chr20	50691543	50692542	RIPOR3	16168	promoter
chr20	50730580	50731579	PARD6B	16245	promoter
chr20	50794061	50795060	BCAS4	14367	promoter
chr20	50931438	50932437	ADNP	15766	promoter
chr20	50957818	50958817	MOCS3	15765	promoter
chr20	50958533	50959532	DPM1	3005	promoter
chr20	51023108	51024107	KCNG1	6248	promoter
chr20	51542720	51543719	NFATC2	7776	promoter
chr20	51768391	51769390	ATP9A	13540	promoter
chr20	51802522	51803521	SALL4	15924	promoter
chr20	52191780	52192779	ZFP64	15940	promoter
chr20	52971358	52972357	TSHZ2	13010	promoter
chr20	53593840	53594839	ZNF217	13009	promoter
chr20	54070595	54071594	BCAS1	974	promoter
chr20	54173987	54174986	CYP24A1	2602	promoter
chr20	54207087	54208086	PFDN4	8868	promoter
chr20	54474593	54475592	DOK5	16173	promoter
chr20	56005520	56006519	CBLN4	16231	promoter
chr20	56247732	56248731	MC3R	6931	promoter
chr20	56357974	56358973	FAM210B	16102	promoter
chr20	56392216	56393215	AURKA	11393	promoter
chr20	56391645	56392644	CSTF1	2483	promoter
chr20	56411260	56412259	CASS4	15878	promoter
chr20	56467627	56468626	RTF2	15890	promoter
chr20	56523744	56524743	FAM209A	16100	promoter
chr20	56525926	56526925	GCNT7	16099	promoter
chr20	56532246	56533245	FAM209B	16101	promoter
chr20	56628306	56629305	TFAP2C	11744	promoter
chr20	57266642	57267641	BMP7	1074	promoter
chr20	57328803	57329802	SPO11	11250	promoter
chr20	57350255	57351254	RAE1	9828	promoter
chr20	57390396	57391395	RBM38	15818	promoter
chr20	57495367	57496366	HMGB1P1	4993	promoter
chr20	57525141	57526140	CTCFL	16234	promoter
chr20	57560110	57561109	PCK1	8724	promoter
chr20	57620427	57621426	ZBP1	16176	promoter
chr20	57710016	57711015	PMEPA1	14107	promoter
chr20	58149902	58150901	CIMIP1	16216	promoter
chr20	58228654	58229653	ANKRD60	16217	promoter
chr20	58308715	58309714	RAB22A	9764	promoter
chr20	58388229	58389228	VAPB	12649	promoter
chr20	58515400	58516399	APCDD1L	26892	promoter
chr20	58650283	58651282	STX16	11431	promoter
chr20	58691800	58692799	NPEPL1	16244	promoter
chr20	58980256	58981255	NELFCD	15934	promoter
chr20	59007255	59008254	CTSZ	2547	promoter
chr20	59018429	59019428	TUBB1	16257	promoter
chr20	59032336	59033335	ATP5F1E	838	promoter
chr20	59042787	59043786	PRELID3B	15892	promoter
chr20	59162821	59163820	ZNF831	16167	promoter
chr20	59299611	59300610	EDN3	3178	promoter
chr20	59603540	59604539	PHACTR3	15833	promoter
chr20	59933638	59934637	SYCP2	11490	promoter
chr20	59939389	59940388	FAM217B	16170	promoter
chr20	59940306	59941305	PPP1R3D	9294	promoter
chr20	59957423	59958422	CDH26	15902	promoter
chr20	61251261	61252260	CDH4	1763	promoter
chr20	62065882	62066881	TAF4	11537	promoter
chr20	62121475	62122474	LSM14B	15887	promoter
chr20	62143395	62144394	PSMA7	9536	promoter
chr20	62142769	62143768	SS18L1	15592	promoter
chr20	62182028	62183027	MTG2	16239	promoter
chr20	62220279	62221278	HRH3	5184	promoter
chr20	62237521	62238520	OSBPL2	15761	promoter
chr20	62301997	62302996	ADRM1	15759	promoter
chr20	62367313	62368312	LAMA5	6485	promoter
chr20	62386103	62387102	RPS21	10409	promoter
chr20	62407286	62408285	CABLES2	16143	promoter
chr20	62427540	62428539	RBBP8NL	16144	promoter
chr20	62475996	62476995	GATA5	15802	promoter
chr20	62641503	62642502	SLCO4A1	10953	promoter
chr20	62707836	62708835	NTSR1	8039	promoter
chr20	62795473	62796472	MRGBP	15866	promoter
chr20	62803835	62804834	OGFR	15768	promoter
chr20	62816050	62817049	COL9A3	2219	promoter
chr20	62861823	62862822	TCFL5	11646	promoter
chr20	62926506	62927505	DIDO1	2680	promoter
chr20	62937147	62938146	GID8	15857	promoter
chr20	62951709	62952708	SLC17A9	16192	promoter
chr20	63006965	63007964	BHLHE23	16093	promoter
chr20	63216132	63217131	YTHDF1	15867	promoter
chr20	63234905	63235904	BIRC7	13702	promoter
chr20	63254464	63255463	NKAIN4	16191	promoter
chr20	63271813	63272812	ARFGAP1	15852	promoter
chr20	63292186	63293185	COL20A1	14670	promoter
chr20	63361350	63362349	CHRNA4	1958	promoter
chr20	63472656	63473655	KCNQ2	6296	promoter
chr20	63499084	63500083	EEF1A2	3192	promoter
chr20	63519765	63520764	PPDPF	16142	promoter
chr20	63537377	63538376	PTK6	9617	promoter
chr20	63547750	63548749	SRMS	11298	promoter
chr20	63553159	63554158	FNDC11	28764	promoter
chr20	63574240	63575239	HELZ2	30021	promoter
chr20	63627102	63628101	GMEB2	4371	promoter
chr20	63653425	63654424	STMN3	15926	promoter
chr20	63657312	63658311	RTEL1	15888	promoter
chr20	63695652	63696651	TNFRSF6B	11921	promoter
chr20	63707039	63708038	ZGPAT	15948	promoter
chr20	63707977	63708976	ARFRP1	662	promoter
chr20	63735664	63736663	LIME1	26016	promoter
chr20	63738776	63739775	SLC2A4RG	15930	promoter
chr20	63831265	63832264	ZBTB46	16094	promoter
chr20	63860498	63861497	ABHD16B	16128	promoter
chr20	63864270	63865269	TPD52L2	12007	promoter
chr20	63894126	63895125	DNAJC5	16235	promoter
chr20	63956417	63957416	UCKL1	15938	promoter
chr20	63969931	63970930	ZNF512B	29212	promoter
chr20	63979643	63980642	SAMD10	16129	promoter
chr20	63980132	63981131	PRPF6	15860	promoter
chr20	64035182	64036181	C20orf204	27655	promoter
chr20	64049640	64050639	SOX18	11194	promoter
chr20	64062198	64063197	TCEA2	11614	promoter
chr20	64079519	64080518	RGS19	13735	promoter
chr20	64079082	64080081	OPRL1	8155	promoter
chr20	64084399	64085398	LKAAEAR1	33718	promoter
chr20	64163452	64164451	MYT1	7622	promoter
chr20	64107566	64108565	NPBWR2	4530	promoter
chr20	64254748	64255747	PCMTD2	15882	promoter
chr21	10520583	10521582	TPTE	12023	promoter
chr21	13608777	13609776	POTED	23822	promoter
chr21	14210956	14211955	LIPI	18821	promoter
chr21	14215157	14216156	RBM11	9897	promoter
chr21	14383147	14384146	HSPA13	11375	promoter
chr21	14546316	14547315	SAMSN1	10528	promoter
chr21	15065001	15066000	NRIP1	8001	promoter
chr21	15728982	15729981	USP25	12624	promoter
chr21	17512043	17513042	CXADR	2559	promoter
chr21	17612902	17613901	BTG3	1132	promoter
chr21	17819357	17820356	C21orf91	16459	promoter
chr21	18243833	18244832	CHODL	17807	promoter
chr21	18403786	18404785	TMPRSS15	9490	promoter
chr21	20997409	20998408	NCAM2	7657	promoter
chr21	25607482	25608481	MRPL39	14027	promoter
chr21	25638258	25639257	JAM2	14686	promoter
chr21	25733972	25734971	GABPA	4071	promoter
chr21	25734905	25735904	ATP5PF	847	promoter
chr21	26170771	26171770	APP	620	promoter
chr21	26573287	26574286	CYYR1	16274	promoter
chr21	26845410	26846409	ADAMTS1	217	promoter
chr21	26967089	26968088	ADAMTS5	221	promoter
chr21	28885368	28886367	N6AMT1	16021	promoter
chr21	28992878	28993877	LTN1	13082	promoter
chr21	29019350	29020349	RWDD2B	1302	promoter
chr21	29023668	29024667	USP16	12614	promoter
chr21	29073649	29074648	CCT8	1623	promoter
chr21	29129644	29130643	MAP3K7CL	16457	promoter
chr21	29297922	29298921	BACH1	935	promoter
chr21	29939997	29940996	GRIK1	4579	promoter
chr21	30166806	30167805	CLDN17	2038	promoter
chr21	30216098	30217097	CLDN8	2050	promoter
chr21	30282951	30283950	KRTAP24-1	33902	promoter
chr21	30289515	30290514	KRTAP25-1	34003	promoter
chr21	30320316	30321315	KRTAP26-1	33760	promoter
chr21	30337695	30338694	KRTAP27-1	33864	promoter
chr21	30348607	30349606	KRTAP23-1	18928	promoter
chr21	30372272	30373271	KRTAP13-2	18923	promoter
chr21	30395031	30396030	KRTAP13-1	18924	promoter
chr21	30425927	30426926	KRTAP13-3	18925	promoter
chr21	30429220	30430219	KRTAP13-4	18926	promoter
chr21	30439275	30440274	KRTAP15-1	18927	promoter
chr21	30480368	30481367	KRTAP19-1	18936	promoter
chr21	30487437	30488436	KRTAP19-2	18937	promoter
chr21	30492014	30493013	KRTAP19-3	18938	promoter
chr21	30497166	30498165	KRTAP19-4	18939	promoter
chr21	30502142	30503141	KRTAP19-5	18940	promoter
chr21	30541865	30542864	KRTAP19-6	18941	promoter
chr21	30561315	30562314	KRTAP19-7	18942	promoter
chr21	30590398	30591397	KRTAP22-2	37091	promoter
chr21	30591440	30592439	KRTAP6-3	18933	promoter
chr21	30598903	30599902	KRTAP6-2	18932	promoter
chr21	30600087	30601086	KRTAP22-1	18947	promoter
chr21	30613931	30614930	KRTAP6-1	18931	promoter
chr21	30615425	30616424	KRTAP20-1	18943	promoter
chr21	30619627	30620626	KRTAP20-4	34002	promoter
chr21	30634206	30635205	KRTAP20-2	18944	promoter
chr21	30641864	30642863	KRTAP20-3	34001	promoter
chr21	30718778	30719777	KRTAP21-3	34216	promoter
chr21	30747260	30748259	KRTAP21-2	18946	promoter
chr21	30755429	30756428	KRTAP21-1	18945	promoter
chr21	30813275	30814274	KRTAP8-1	18935	promoter
chr21	30829760	30830759	KRTAP7-1	18934	promoter
chr21	30881581	30882580	KRTAP11-1	18922	promoter
chr21	31038477	31039476	KRTAP19-8	33898	promoter
chr21	31344262	31345261	TIAM1	11805	promoter
chr21	31658693	31659692	SOD1	11179	promoter
chr21	31732119	31733118	SCAF4	19304	promoter
chr21	31872020	31873019	HUNK	13326	promoter
chr21	32279050	32280049	MIS18A	1286	promoter
chr21	32297855	32298854	MRAP	1304	promoter
chr21	32393013	32394012	URB1	17344	promoter
chr21	32411706	32412705	EVA1C	13239	promoter
chr21	32585524	32586523	TCP10L	11657	promoter
chr21	32612378	32613377	CFAP298	1301	promoter
chr21	32728014	32729013	SYNJ1	11503	promoter
chr21	32771756	32772755	PAXBP1	13579	promoter
chr21	32813704	32814703	EPCIP	1305	promoter
chr21	33024935	33025934	OLIG2	9398	promoter
chr21	33069141	33070140	OLIG1	16983	promoter
chr21	33228938	33229937	IFNAR2	5433	promoter
chr21	33265367	33266366	IL10RB	5965	promoter
chr21	33323970	33324969	IFNAR1	5432	promoter
chr21	33402413	33403412	IFNGR2	5440	promoter
chr21	33479975	33480974	TMEM50B	1280	promoter
chr21	33491717	33492716	DNAJC28	1297	promoter
chr21	33542038	33543037	SON	11183	promoter
chr21	33542118	33543117	GART	4163	promoter
chr21	33588685	33589684	DONSON	2993	promoter
chr21	33641501	33642500	ITSN1	6183	promoter
chr21	33641742	33642741	CRYZL1	2420	promoter
chr21	33915805	33916804	ATP5PO	850	promoter
chr21	34072578	34073577	MRPS6	14051	promoter
chr21	34072578	34073577	SLC5A3	11038	promoter
chr21	34363006	34364005	KCNE2	6242	promoter
chr21	34374507	34375506	SMIM11	1293	promoter
chr21	34401073	34402072	C21orf140	39602	promoter
chr21	34423952	34424951	SMIM34	39601	promoter
chr21	34512211	34513210	KCNE1	6240	promoter
chr21	34615114	34616113	RCAN1	3040	promoter
chr21	34667994	34668993	CLIC6	2065	promoter
chr21	35049303	35050302	RUNX1	10471	promoter
chr21	36069024	36070023	CBR1	1548	promoter
chr21	36060527	36061526	SETD4	1258	promoter
chr21	36134079	36135078	CBR3	1549	promoter
chr21	36155824	36156823	DOP1B	1291	promoter
chr21	36319197	36320196	MORC3	23572	promoter
chr21	36384392	36385391	CHAF1B	1911	promoter
chr21	36480123	36481122	CLDN14	2035	promoter
chr21	36698115	36699114	SIM2	10883	promoter
chr21	36966670	36967669	HLCS	4976	promoter
chr21	37005702	37006701	RIPPLY3	3047	promoter
chr21	37073072	37074071	PIGP	3046	promoter
chr21	37072254	37073253	TTC3	12393	promoter
chr21	37267335	37268334	VPS26C	3044	promoter
chr21	37365773	37366772	DYRK1A	3091	promoter
chr21	37916458	37917457	KCNJ6	6267	promoter
chr21	38255991	38256990	KCNJ15	6261	promoter
chr21	38498478	38499477	ERG	3446	promoter
chr21	38804929	38805928	ETS2	3489	promoter
chr21	39183452	39184451	PSMG1	3043	promoter
chr21	39313633	39314632	BRWD1	12760	promoter
chr21	39349089	39350088	HMGN1	4984	promoter
chr21	39379326	39380325	GET1	12790	promoter
chr21	39445779	39446778	LCA5L	1255	promoter
chr21	39450970	39451969	SH3BGR	10822	promoter
chr21	39611940	39612939	B3GALT5	920	promoter
chr21	39744183	39745182	IGSF5	5952	promoter
chr21	39866438	39867437	PCP4	8742	promoter
chr21	40847159	40848158	DSCAM	3039	promoter
chr21	41167160	41168159	BACE2	934	promoter
chr21	41315801	41316800	FAM3B	1253	promoter
chr21	41361027	41362026	MX2	7533	promoter
chr21	41425239	41426238	MX1	7532	promoter
chr21	41508159	41509158	TMPRSS2	11876	promoter
chr21	41767053	41768052	RIPK4	496	promoter
chr21	41879345	41880344	PRDM15	13999	promoter
chr21	41954019	41955018	C2CD2	1266	promoter
chr21	42010361	42011360	ZBTB21	13083	promoter
chr21	42070317	42071316	UMODL1	12560	promoter
chr21	42218140	42219139	ABCG1	73	promoter
chr21	42315410	42316409	TFF3	11757	promoter
chr21	42350995	42351994	TFF2	11756	promoter
chr21	42366536	42367535	TFF1	11755	promoter
chr21	42396053	42397052	TMPRSS3	11877	promoter
chr21	42402902	42403901	UBASH3A	12462	promoter
chr21	42512852	42513851	SLC37A1	11024	promoter
chr21	42496225	42497224	RSPH1	12371	promoter
chr21	42652621	42653620	PDE9A	8795	promoter
chr21	42879540	42880539	WDR4	12756	promoter
chr21	42892309	42893308	NDUFV3	7719	promoter
chr21	42925631	42926630	ERVH48-1	17216	promoter
chr21	42973562	42974561	PKNOX1	9022	promoter
chr21	43075836	43076835	CBS	1550	promoter
chr21	43107571	43108570	U2AF1	12453	promoter
chr21	43168008	43169007	CRYAA	2388	promoter
chr21	43427132	43428131	SIK1	11142	promoter
chr21	43564182	43565181	H2BC12L	4762	promoter
chr21	43659489	43660488	HSF2BP	5226	promoter
chr21	43658560	43659559	RRP1B	23818	promoter
chr21	43718129	43719128	PDXK	8819	promoter
chr21	43776309	43777308	CSTB	2482	promoter
chr21	43788577	43789576	RRP1	18785	promoter
chr21	43864223	43865222	AGPAT3	326	promoter
chr21	44011309	44012308	TRAPPC10	11868	promoter
chr21	44106399	44107398	PWP2	9711	promoter
chr21	44132683	44133682	GATD3	1273	promoter
chr21	44240944	44241943	ICOSLG	17087	promoter
chr21	44261898	44262897	DNMT3L	2980	promoter
chr21	44284876	44285875	AIRE	360	promoter
chr21	44299053	44300052	PFKL	8876	promoter
chr21	44339391	44340390	CFAP410	1260	promoter
chr21	44352621	44353620	TRPM2	12339	promoter
chr21	44454510	44455509	LRRC3	14965	promoter
chr21	44540196	44541195	KRTAP10-1	22966	promoter
chr21	44551506	44552505	KRTAP10-2	22967	promoter
chr21	44558796	44559795	KRTAP10-3	22968	promoter
chr21	44572729	44573728	KRTAP10-4	20521	promoter
chr21	44580605	44581604	KRTAP10-5	22969	promoter
chr21	44592506	44593505	KRTAP10-6	20523	promoter
chr21	44599597	44600596	KRTAP10-7	22970	promoter
chr21	44611079	44612078	KRTAP10-8	20525	promoter
chr21	44626093	44627092	KRTAP10-9	22971	promoter
chr21	44636356	44637355	KRTAP10-10	22972	promoter
chr21	44645414	44646413	KRTAP10-11	20528	promoter
chr21	44654660	44655659	KRTAP12-4	20532	promoter
chr21	44656932	44657931	KRTAP12-3	20531	promoter
chr21	44666928	44667927	KRTAP12-2	20530	promoter
chr21	44682164	44683163	KRTAP12-1	20529	promoter
chr21	44696172	44697171	KRTAP10-12	20533	promoter
chr21	44711573	44712572	TSPEAR	1268	promoter
chr21	44801821	44802820	UBE2G2	12483	promoter
chr21	44818063	44819062	SUMO3	11124	promoter
chr21	44873691	44874690	PTTG1IP	13524	promoter
chr21	44920900	44921899	ITGB2	6155	promoter
chr21	44939029	44940028	SLX9	15811	promoter
chr21	45073580	45074579	ADARB1	226	promoter
chr21	45287896	45288895	POFUT2	14683	promoter
chr21	45404165	45405164	COL18A1	2195	promoter
chr21	45542441	45543440	SLC19A1	10937	promoter
chr21	45642725	45643724	PCBP3	8651	promoter
chr21	45980770	45981769	COL6A1	2211	promoter
chr21	46097112	46098111	COL6A2	2212	promoter
chr21	46155580	46156579	FTCD	3974	promoter
chr21	46184460	46185459	SPATC1L	1298	promoter
chr21	46228775	46229774	LSS	6708	promoter
chr21	46285612	46286611	MCM3AP	6946	promoter
chr21	46285342	46286341	YBEY	1299	promoter
chr21	46323871	46324870	C21orf58	1300	promoter
chr21	46323156	46324155	PCNT	16068	promoter
chr21	46457891	46458890	DIP2A	17217	promoter
chr21	46605083	46606082	S100B	10500	promoter
chr21	46634674	46635673	PRMT2	5186	promoter
chr22	15527192	15528191	OR11H1	15404	promoter
chr22	15689026	15690025	POTEH	133	promoter
chr22	16592811	16593810	CCT8L2	15553	promoter
chr22	16825412	16826411	XKR3	28778	promoter
chr22	17008223	17009222	GAB4	18325	promoter
chr22	17084000	17084999	IL17RA	5985	promoter
chr22	17121361	17122360	TMEM121B	1844	promoter
chr22	17159278	17160277	HDHD5	1843	promoter
chr22	17219436	17220435	ADA2	1839	promoter
chr22	17368460	17369459	CECR2	1840	promoter
chr22	17562498	17563497	SLC25A18	10988	promoter
chr22	17628750	17629749	ATP6V1E1	857	promoter
chr22	17637757	17638756	BCL2L13	17164	promoter
chr22	17774470	17775469	BID	1050	promoter
chr22	18024562	18025561	MICAL3	24694	promoter
chr22	18076990	18077989	PEX26	22965	promoter
chr22	18109809	18110808	TUBA8	12410	promoter
chr22	18149170	18150169	USP18	12616	promoter
chr22	18518162	18519161	GGTLC3	33426	promoter
chr22	18526802	18527801	TMEM191B	33600	promoter
chr22	18611920	18612919	RIMBP3	29344	promoter
chr22	18632984	18633983	FAM246B	54843	promoter
chr22	18905320	18906319	DGCR6	2846	promoter
chr22	18936294	18937293	PRODH	9453	promoter
chr22	19028524	19029523	FAM246C	54842	promoter
chr22	19122413	19123412	DGCR2	2845	promoter
chr22	19130308	19131307	TSSK2	11401	promoter
chr22	19144652	19145651	ESS2	16817	promoter
chr22	19150293	19151292	GSC2	4613	promoter
chr22	19178737	19179736	SLC25A1	10979	promoter
chr22	19291720	19292719	CLTCL1	2093	promoter
chr22	19431545	19432544	MRPL40	14491	promoter
chr22	19431734	19432733	HIRA	4916	promoter
chr22	19447712	19448711	C22orf39	27012	promoter
chr22	19479194	19480193	UFD1	12520	promoter
chr22	19478920	19479919	CDC45	1739	promoter
chr22	19524411	19525410	CLDN5	2047	promoter
chr22	19713503	19714502	SEPTIN5	9164	promoter
chr22	19722539	19723538	GP1BB	4440	promoter
chr22	19759778	19760777	TBX1	11592	promoter
chr22	19854875	19855874	RTL10	26112	promoter
chr22	19854875	19855874	GNB1L	4397	promoter
chr22	19940772	19941771	COMT	2228	promoter
chr22	19941819	19942818	TXNRD2	18155	promoter
chr22	20016824	20017823	ARVCF	728	promoter
chr22	20020110	20021109	TANGO2	25439	promoter
chr22	20079241	20080240	DGCR8	2847	promoter
chr22	20115104	20116103	RANBP1	9847	promoter
chr22	20117227	20118226	TRMT2A	24974	promoter
chr22	20130804	20131803	ZDHHC8	18474	promoter
chr22	20151056	20152055	CCDC188	51899	promoter
chr22	20268319	20269318	RTN4R	18601	promoter
chr22	20320061	20321060	DGCR6L	18551	promoter
chr22	20393151	20394150	ZNF74	13144	promoter
chr22	20437826	20438825	SCARF2	19869	promoter
chr22	20495796	20496795	KLHL22	25888	promoter
chr22	20506610	20507609	MED15	14248	promoter
chr22	20773113	20774112	SERPIND1	4838	promoter
chr22	20858007	20859006	SNAP29	11133	promoter
chr22	20858812	20859811	PI4KA	8983	promoter
chr22	20916407	20917406	CRKL	2363	promoter
chr22	20966255	20967254	AIFM3	26398	promoter
chr22	20981297	20982296	LZTR1	6742	promoter
chr22	21002119	21003118	THAP7	23190	promoter
chr22	21014165	21015164	P2RX6	8538	promoter
chr22	21014293	21015292	TUBA3FP	24067	promoter
chr22	21032562	21033561	SLC7A4	11062	promoter
chr22	21044946	21045945	LRRC74B	34301	promoter
chr22	21361300	21362299	FAM246A	54844	promoter
chr22	21382751	21383750	RIMBP3B	33891	promoter
chr22	21416371	21417370	HIC2	18595	promoter
chr22	21466387	21467386	TMEM191C	33601	promoter
chr22	21566714	21567713	UBE2L3	12488	promoter
chr22	21551462	21552461	RIMBP3C	33892	promoter
chr22	21630023	21631022	YDJC	27158	promoter
chr22	21631760	21632759	CCDC116	26688	promoter
chr22	21641302	21642301	SDF2L1	10676	promoter
chr22	21665012	21666011	PPIL2	9261	promoter
chr22	21735795	21736794	YPEL1	12845	promoter
chr22	21867646	21868645	MAPK1	6871	promoter
chr22	21952849	21953848	PPM1F	19388	promoter
chr22	21982788	21983787	TOP3B	11993	promoter
chr22	22243786	22244785	VPREB1	12709	promoter
chr22	22508743	22509742	ZNF280B	23022	promoter
chr22	22520271	22521270	ZNF280A	18597	promoter
chr22	22559266	22560265	PRAME	9336	promoter
chr22	22643614	22644613	GGTLC2	18596	promoter
chr22	22886816	22887815	IGLL5	38476	promoter
chr22	23069519	23070518	GNAZ	4395	promoter
chr22	23141991	23142990	RSPH14	13437	promoter
chr22	23144477	23145476	RAB36	9775	promoter
chr22	23179509	23180508	BCR	1014	promoter
chr22	23580291	23581290	IGLL1	5870	promoter
chr22	23632322	23633321	DRICH1	28031	promoter
chr22	23690013	23691012	RGL4	31911	promoter
chr22	23751113	23752112	ZNF70	13140	promoter
chr22	23754426	23755425	VPREB3	12710	promoter
chr22	23761990	23762989	C22orf15	15558	promoter
chr22	23767973	23768972	CHCHD10	15559	promoter
chr22	23771849	23772848	MMP11	7157	promoter
chr22	23785966	23786965	SMARCB1	11103	promoter
chr22	23839007	23840006	DERL3	14236	promoter
chr22	23856875	23857874	SLC2A11	14239	promoter
chr22	23893383	23894382	MIF	7097	promoter
chr22	23961196	23962195	GSTT2B	33437	promoter
chr22	23965888	23966887	DDTL	33446	promoter
chr22	23979058	23980057	GSTT2	4642	promoter
chr22	23974442	23975441	DDT	2732	promoter
chr22	24005454	24006453	GSTT4	26930	promoter
chr22	24010304	24011303	CABIN1	24187	promoter
chr22	24180487	24181486	SUSD2	30667	promoter
chr22	24245083	24246082	GGT5	4260	promoter
chr22	24269831	24270830	SPECC1L	29022	promoter
chr22	24426599	24427598	ADORA2A	263	promoter
chr22	24494332	24495331	UPB1	16297	promoter
chr22	24555139	24556138	GUCD1	14237	promoter
chr22	24554999	24555998	SNRPD3	11160	promoter
chr22	24593074	24594073	LRRC75B	33155	promoter
chr22	24602193	24603192	GGT1	4250	promoter
chr22	24774721	24775720	PIWIL3	18443	promoter
chr22	24805211	24806210	SGSM1	29410	promoter
chr22	24946695	24947694	LHFPL7	33725	promoter
chr22	24951716	24952715	KIAA1671	29345	promoter
chr22	25198858	25199857	CRYBB3	2400	promoter
chr22	25218639	25219638	CRYBB2	2398	promoter
chr22	25563675	25564674	GRK3	290	promoter
chr22	25741188	25742187	MYO18B	18150	promoter
chr22	26168462	26169461	SEZ6L	10763	promoter
chr22	26428260	26429259	ASPHD2	30437	promoter
chr22	26482877	26483876	SRRD	33910	promoter
chr22	26483784	26484783	HPS4	15844	promoter
chr22	26512474	26513473	TFIP11	17165	promoter
chr22	26590133	26591132	TPST2	12021	promoter
chr22	26618028	26619027	CRYBB1	2397	promoter
chr22	26620963	26621962	CRYBA4	2396	promoter
chr22	27801757	27802756	MN1	7180	promoter
chr22	27919257	27920256	PITPNB	9002	promoter
chr22	28679841	28680840	TTC28	29179	promoter
chr22	28741039	28742038	HSCB	28913	promoter
chr22	28741821	28742820	CHEK2	16627	promoter
chr22	28771695	28772694	CCDC117	26599	promoter
chr22	28800570	28801569	XBP1	12801	promoter
chr22	28882572	28883571	ZNRF3	18126	promoter
chr22	29061832	29062831	C22orf31	26931	promoter
chr22	29072035	29073034	KREMEN1	17550	promoter
chr22	29204896	29205895	EMID1	18036	promoter
chr22	29267268	29268267	EWSR1	3508	promoter
chr22	29267982	29268981	RHBDD3	1308	promoter
chr22	29305650	29306649	GAS2L1	16955	promoter
chr22	29315698	29316697	RASL10A	16954	promoter
chr22	29388571	29389570	AP1B1	554	promoter
chr22	29437583	29438582	RFPL1	9977	promoter
chr22	29479218	29480217	NEFH	7737	promoter
chr22	29553758	29554757	THOC5	19074	promoter
chr22	29581114	29582113	NIPSNAP1	7827	promoter
chr22	29602633	29603632	NF2	7773	promoter
chr22	29719003	29720002	CABP7	20834	promoter
chr22	29767008	29768007	ZMAT5	28046	promoter
chr22	29766369	29767368	UQCR10	30863	promoter
chr22	29838275	29839274	ASCC2	24103	promoter
chr22	29882174	29883173	MTMR3	7451	promoter
chr22	30079464	30080463	HORMAD2	28383	promoter
chr22	30246760	30247759	LIF	6596	promoter
chr22	30266852	30267851	OSM	8506	promoter
chr22	30289506	30290505	CASTOR1	34423	promoter
chr22	30326942	30327941	TBC1D10A	23609	promoter
chr22	30356007	30357006	CCDC157	33854	promoter
chr22	30356895	30357894	SF3A1	10765	promoter
chr22	30396018	30397017	SEC14L2	10699	promoter
chr22	30387412	30388411	RNF215	33434	promoter
chr22	30424768	30425767	MTFP1	26945	promoter
chr22	30472018	30473017	SEC14L3	18655	promoter
chr22	30505696	30506695	SEC14L4	20627	promoter
chr22	30546742	30547741	SEC14L6	40047	promoter
chr22	30574666	30575665	GAL3ST1	24240	promoter
chr22	30606174	30607173	TCN2	11653	promoter
chr22	30591911	30592910	PES1	8848	promoter
chr22	30634781	30635780	SLC35E4	17058	promoter
chr22	30667876	30668875	DUSP18	18484	promoter
chr22	30693874	30694873	OSBP2	8504	promoter
chr22	30968775	30969774	MORC2	23573	promoter
chr22	30968265	30969264	TUG1	26066	promoter
chr22	31080318	31081317	SMTN	11126	promoter
chr22	31107569	31108568	SELENOM	30397	promoter
chr22	31121966	31122965	INPP5J	8956	promoter
chr22	31140509	31141508	PLA2G3	17934	promoter
chr22	31159182	31160181	RNF185	26783	promoter
chr22	31211298	31212297	LIMK2	6614	promoter
chr22	31292489	31293488	PIK3IP1	24942	promoter
chr22	31346347	31347346	PATZ1	13071	promoter
chr22	31398604	31399603	DRG1	3029	promoter
chr22	31495536	31496535	SFI1	29064	promoter
chr22	31489843	31490842	EIF4ENIF1	16687	promoter
chr22	31662216	31663215	PISD	8999	promoter
chr22	31750133	31751132	PRR14L	28738	promoter
chr22	31753019	31754018	DEPDC5	18423	promoter
chr22	31943535	31944534	YWHAH	12853	promoter
chr22	32042261	32043260	SLC5A1	11036	promoter
chr22	32159304	32160303	C22orf42	27160	promoter
chr22	32205074	32206073	RFPL2	9979	promoter
chr22	32255348	32256347	SLC5A4	11039	promoter
chr22	32356867	32357866	RFPL3	9980	promoter
chr22	32412248	32413247	RTCB	26935	promoter
chr22	32464447	32465446	BPIFC	16503	promoter
chr22	32473811	32474810	FBXO7	13586	promoter
chr22	32800705	32801704	TIMP3	11822	promoter
chr22	33058382	33059381	SYN3	11496	promoter
chr22	33920477	33921476	LARGE1	6511	promoter
chr22	35065158	35066157	ISX	28084	promoter
chr22	35256493	35257492	HMGXB4	5003	promoter
chr22	35298894	35299893	TOM1	11982	promoter
chr22	35380096	35381095	HMOX1	5013	promoter
chr22	35399140	35400139	MCM5	6948	promoter
chr22	35539831	35540830	RASD2	18229	promoter
chr22	35617330	35618329	MB	6915	promoter
chr22	35647446	35648445	APOL6	14870	promoter
chr22	35716872	35717871	APOL5	14869	promoter
chr22	36028825	36029824	RBFOX2	9906	promoter
chr22	36160756	36161755	APOL3	14868	promoter
chr22	36201810	36202809	APOL4	14867	promoter
chr22	36239528	36240527	APOL2	619	promoter
chr22	36252133	36253132	APOL1	618	promoter
chr22	36387968	36388967	MYH9	7579	promoter
chr22	36481641	36482640	TXN2	17772	promoter
chr22	36507041	36508040	FOXRED2	26264	promoter
chr22	36529167	36530166	EIF3D	3278	promoter
chr22	36703753	36704752	CACNG2	1406	promoter
chr22	36776120	36777119	IFT27	18626	promoter
chr22	36817036	36818035	PVALB	9704	promoter
chr22	36860006	36861005	NCF4	7662	promoter
chr22	36912628	36913627	CSF2RB	2436	promoter
chr22	37007852	37008851	CIMIP4	28568	promoter
chr22	37018742	37019741	MPST	7223	promoter
chr22	37019448	37020447	TST	12388	promoter
chr22	37050742	37051741	KCTD17	25705	promoter
chr22	37109714	37110713	TMPRSS6	16517	promoter
chr22	37149917	37150916	IL2RB	6009	promoter
chr22	37188248	37189247	C1QTNF6	14343	promoter
chr22	37212478	37213477	SSTR3	11332	promoter
chr22	37244270	37245269	RAC2	9802	promoter
chr22	37281508	37282507	CYTH4	9505	promoter
chr22	37427480	37428479	ELFN2	29396	promoter
chr22	37486385	37487384	MFNG	7038	promoter
chr22	37519416	37520415	CARD10	16422	promoter
chr22	37559480	37560479	CDC42EP1	17014	promoter
chr22	37580088	37581087	LGALS2	6562	promoter
chr22	37607834	37608833	GGA1	17842	promoter
chr22	37638669	37639668	SH3BP1	10824	promoter
chr22	37657723	37658722	PDXP	30259	promoter
chr22	37674636	37675635	LGALS1	6561	promoter
chr22	37685343	37686342	NOL12	28585	promoter
chr22	37696048	37697047	TRIOBP	17009	promoter
chr22	37804229	37805228	H1-0	4714	promoter
chr22	37806934	37807933	GCAT	4188	promoter
chr22	37822382	37823381	GALR3	4134	promoter
chr22	37848419	37849418	EIF3L	18138	promoter
chr22	37844335	37845334	ANKRD54	25185	promoter
chr22	37905297	37906296	MICALL1	29804	promoter
chr22	37952699	37953698	POLR2F	9193	promoter
chr22	37953602	37954601	C22orf23	18589	promoter
chr22	37984556	37985555	SOX10	11190	promoter
chr22	38056404	38057403	PICK1	9394	promoter
chr22	38084185	38085184	SLC16A8	16270	promoter
chr22	38110685	38111684	BAIAP2L2	26203	promoter
chr22	38200994	38201993	MAFF	6780	promoter
chr22	38181831	38182830	PLA2G6	9039	promoter
chr22	38273011	38274010	TMEM184B	1310	promoter
chr22	38317434	38318433	CSNK1E	2453	promoter
chr22	38455200	38456199	KCNJ4	6265	promoter
chr22	38467096	38468095	KDELR3	6306	promoter
chr22	38506312	38507311	DDX17	2740	promoter
chr22	38570184	38571183	DMC1	2927	promoter
chr22	38656393	38657392	FAM227A	44197	promoter
chr22	38655638	38656637	CBY1	1307	promoter
chr22	38680957	38681956	TOMM22	18002	promoter
chr22	38700944	38701943	JOSD1	28953	promoter
chr22	38704944	38705943	GTPBP1	4669	promoter
chr22	38755999	38756998	SUN2	14210	promoter
chr22	38794144	38795143	DNAL4	2955	promoter
chr22	38844029	38845028	NPTXR	7954	promoter
chr22	38872217	38873216	CBX6	1556	promoter
chr22	38956609	38957608	APOBEC3A	17343	promoter
chr22	38981347	38982346	APOBEC3B	17352	promoter
chr22	39013257	39014256	APOBEC3C	17353	promoter
chr22	39020127	39021126	APOBEC3D	17354	promoter
chr22	39039864	39040863	APOBEC3F	17356	promoter
chr22	39076275	39077274	APOBEC3G	17357	promoter
chr22	39096244	39097243	APOBEC3H	24100	promoter
chr22	39152681	39153680	CBX7	1557	promoter
chr22	39244983	39245982	PDGFB	8800	promoter
chr22	39319624	39320623	RPL3	10332	promoter
chr22	39348991	39349990	SYNGR1	11498	promoter
chr22	39398780	39399779	TAB1	18157	promoter
chr22	39456012	39457011	MGAT3	7046	promoter
chr22	39501290	39502289	MIEF1	25979	promoter
chr22	39519562	39520561	ATF4	786	promoter
chr22	39532749	39533748	RPS19BP1	28749	promoter
chr22	39569753	39570752	CACNA1I	1396	promoter
chr22	39893761	39894760	ENTHD1	26352	promoter
chr22	39900084	39901083	GRAP2	4563	promoter
chr22	39959397	39960396	TMA7B	53893	promoter
chr22	39993954	39994953	FAM83F	25148	promoter
chr22	40176925	40177924	TNRC6B	29190	promoter
chr22	40345500	40346499	ADSL	291	promoter
chr22	40369594	40370593	SGSM3	25228	promoter
chr22	40636720	40637719	MRTFA	14334	promoter
chr22	40678484	40679483	MCHR1	4479	promoter
chr22	40819347	40820346	SLC25A17	10987	promoter
chr22	40856640	40857639	ST13	11343	promoter
chr22	40856148	40857147	XPNPEP3	28052	promoter
chr22	40862114	40863113	DNAJB7	24986	promoter
chr22	40950378	40951377	RBX1	9928	promoter
chr22	41091592	41092591	EP300	3373	promoter
chr22	41204312	41205311	L3MBTL2	18594	promoter
chr22	41240932	41241931	CHADL	25165	promoter
chr22	41286188	41287187	RANGAP1	9854	promoter
chr22	41300525	41301524	ZC3H7B	30869	promoter
chr22	41380942	41381941	TEF	11722	promoter
chr22	41446802	41447801	TOB2	11980	promoter
chr22	41468117	41469116	ACO2	118	promoter
chr22	41468693	41469692	PHF5A	18000	promoter
chr22	41544471	41545470	POLR3H	30349	promoter
chr22	41560010	41561009	CSDC2	30359	promoter
chr22	41589841	41590840	PMM1	9114	promoter
chr22	41621044	41622043	DESI1	24577	promoter
chr22	41620295	41621294	XRCC6	4055	promoter
chr22	41688868	41689867	SNU13	7819	promoter
chr22	41698503	41699502	MEI1	28613	promoter
chr22	41799679	41800678	CCDC134	26185	promoter
chr22	41832105	41833104	SREBF2	11290	promoter
chr22	41915075	41916074	SHISA8	18351	promoter
chr22	41926807	41927806	TNFRSF13C	17755	promoter
chr22	41947153	41948152	CENPM	18352	promoter
chr22	41951150	41952149	SMIM45	27930	promoter
chr22	41968443	41969442	SEPTIN3	10750	promoter
chr22	41997788	41998787	WBP2NL	28389	promoter
chr22	42070813	42071812	NAGA	7631	promoter
chr22	42073248	42074247	PHETA2	27161	promoter
chr22	42078700	42079699	SMDT1	25055	promoter
chr22	42090773	42091772	NDUFA6	7690	promoter
chr22	42130811	42131810	CYP2D6	2625	promoter
chr22	42144578	42145577	CYP2D7	2624	promoter
chr22	42270654	42271653	TCF20	11631	promoter
chr22	42432404	42433403	NFAM1	29872	promoter
chr22	42519797	42520796	RRP7A	24286	promoter
chr22	42552956	42553955	SERHL2	29446	promoter
chr22	42614884	42615883	POLDIP3	23782	promoter
chr22	42640602	42641601	ATP5MGL	13213	promoter
chr22	42649393	42650392	CYB5R3	2873	promoter
chr22	42720871	42721870	A4GALT	18149	promoter
chr22	42857274	42858273	ARFGAP3	661	promoter
chr22	43015150	43016149	PACSIN2	8571	promoter
chr22	43089392	43090391	TTLL1	1312	promoter
chr22	43109750	43110749	BIK	1051	promoter
chr22	43143399	43144398	MCAT	29622	promoter
chr22	43150559	43151558	TSPO	1158	promoter
chr22	43187135	43188134	TTLL12	28974	promoter
chr22	43343373	43344372	SCUBE1	13441	promoter
chr22	43411014	43412013	MPPED1	1306	promoter
chr22	43812306	43813305	EFCAB6	24204	promoter
chr22	43862514	43863513	SULT4A1	14903	promoter
chr22	43892014	43893013	PNPLA5	24888	promoter
chr22	43922805	43923804	PNPLA3	18590	promoter
chr22	43954442	43955441	SAMM50	24276	promoter
chr22	44023302	44024301	PARVB	14653	promoter
chr22	44179925	44180924	PARVG	14654	promoter
chr22	44312952	44313951	SHISAL1	29335	promoter
chr22	44498234	44499233	RTL6	13343	promoter
chr22	44701204	44702203	PRR5	31682	promoter
chr22	44751575	44752574	ARHGAP8	677	promoter
chr22	45010006	45011005	PHF21B	25161	promoter
chr22	45162925	45163924	NUP50	8065	promoter
chr22	45240895	45241894	KIAA0930	1314	promoter
chr22	45283949	45284948	UPK3A	12580	promoter
chr22	45308934	45309933	FAM118A	1313	promoter
chr22	45413600	45414599	SMC1B	11112	promoter
chr22	45412693	45413692	RIBC2	13241	promoter
chr22	45501883	45502882	FBLN1	3600	promoter
chr22	45670834	45671833	ATXN10	10549	promoter
chr22	45977163	45978162	WNT7B	12787	promoter
chr22	46149526	46150525	PPARA	9232	promoter
chr22	46250294	46251293	CDPF1	33710	promoter
chr22	46263344	46264343	PKDREJ	9015	promoter
chr22	46267008	46268007	TTC38	26082	promoter
chr22	46295870	46296869	GTSE1	13698	promoter
chr22	46334714	46335713	TRMU	25481	promoter
chr22	46537621	46538620	CELSR1	1850	promoter
chr22	46619386	46620385	GRAMD4	29113	promoter
chr22	46738253	46739252	CERK	19256	promoter
chr22	46761650	46762649	TBC1D22A	1309	promoter
chr22	48488553	48489552	TAFA5	21592	promoter
chr22	49827874	49828873	BRD1	1102	promoter
chr22	49852844	49853843	ZBED4	20721	promoter
chr22	49917634	49918633	CRELD2	28150	promoter
chr22	49918439	49919438	ALG12	19358	promoter
chr22	49959772	49960771	PIM3	19310	promoter
chr22	50012766	50013765	IL17REL	33808	promoter
chr22	50058299	50059298	TTLL8	34000	promoter
chr22	50085427	50086426	MLC1	17082	promoter
chr22	50089006	50090005	MOV10L1	7201	promoter
chr22	50169731	50170730	PANX2	8600	promoter
chr22	50184913	50185912	TRABD	28805	promoter
chr22	50200011	50201010	SELENOO	30395	promoter
chr22	50245024	50246023	TUBGCP6	18127	promoter
chr22	50251266	50252265	HDAC10	18128	promoter
chr22	50261684	50262683	MAPK12	6874	promoter
chr22	50270381	50271380	MAPK11	6873	promoter
chr22	50307647	50308646	PLXNB2	9104	promoter
chr22	50327013	50328012	DENND6B	32690	promoter
chr22	50342327	50343326	PPP6R2	19253	promoter
chr22	50480543	50481542	ADM2	28898	promoter
chr22	50475036	50476035	SBF1	10542	promoter
chr22	50485859	50486858	MIOX	14522	promoter
chr22	50507703	50508702	LMF2	25096	promoter
chr22	50507224	50508223	NCAPH2	25071	promoter
chr22	50525599	50526598	SCO2	10604	promoter
chr22	50530013	50531012	TYMP	3148	promoter
chr22	50532499	50533498	CIMAP1B	34388	promoter
chr22	50544899	50545898	KLHDC7B	25145	promoter
chr22	50562920	50563919	SYCE3	35245	promoter
chr22	50578428	50579427	CPT1B	2329	promoter
chr22	50599793	50600792	MAPK8IP2	6883	promoter
chr22	50582850	50583849	CHKB	1938	promoter
chr22	50628153	50629152	ARSA	713	promoter
chr22	50673408	50674407	SHANK3	14294	promoter
chr22	50737204	50738203	ACR	126	promoter
chr22	50783637	50784636	RABL2B	9800	promoter
chrM	2307	3306	MT-ND1	7455	promoter
chrM	3470	4469	MT-ND2	7456	promoter
chrM	4904	5903	MT-CO1	7419	promoter
chrM	6586	7585	MT-CO2	7421	promoter
chrM	7366	8365	MT-ATP8	7415	promoter
chrM	7527	8526	MT-ATP6	7414	promoter
chrM	8207	9206	MT-CO3	7422	promoter
chrM	9059	10058	MT-ND3	7458	promoter
chrM	9470	10469	MT-ND4L	7460	promoter
chrM	9760	10759	MT-ND4	7459	promoter
chrM	11337	12336	MT-ND5	7461	promoter
chrM	14674	15673	MT-ND6	7462	promoter
chrM	13747	14746	MT-CYB	7427	promoter
chrX	280381	281380	PLCXD1	23148	promoter
chrX	318797	319796	GTPBP6	30189	promoter
chrX	386908	387907	PPP2R3B	13417	promoter
chrX	629791	630790	SHOX	10853	promoter
chrX	1212650	1213649	CRLF2	14281	promoter
chrX	1267814	1268813	CSF2RA	2435	promoter
chrX	1335785	1336784	IL3RA	6012	promoter
chrX	1392114	1393113	SLC25A6	10992	promoter
chrX	1452910	1453909	ASMTL	751	promoter
chrX	1537186	1538185	P2RY8	15524	promoter
chrX	1590604	1591603	AKAP17A	18783	promoter
chrX	1614059	1615058	ASMT	750	promoter
chrX	2500977	2501976	ZBED1	447	promoter
chrX	2500977	2501976	DHRSX	18399	promoter
chrX	2690295	2691294	CD99	7082	promoter
chrX	2751040	2752039	XG	12806	promoter
chrX	2827930	2828929	GYG2	4700	promoter
chrX	2929340	2930339	ARSD	717	promoter
chrX	2964342	2965341	ARSL	719	promoter
chrX	3005546	3006545	ARSH	32488	promoter
chrX	3040471	3041470	ARSF	721	promoter
chrX	3346653	3347652	MXRA5	7539	promoter
chrX	3713650	3714649	PRKX	9441	promoter
chrX	6228868	6229867	NLGN4X	14287	promoter
chrX	6535119	6536118	VCX3A	18159	promoter
chrX	7146712	7147711	STS	11425	promoter
chrX	7148154	7149153	PUDP	16818	promoter
chrX	7842171	7843170	VCX	12667	promoter
chrX	7927414	7928413	PNPLA4	24887	promoter
chrX	8171268	8172267	VCX2	18158	promoter
chrX	8463830	8464829	VCX3B	31838	promoter
chrX	8732138	8733137	ANOS1	6211	promoter
chrX	8801384	8802383	FAM9A	18403	promoter
chrX	9034128	9035127	FAM9B	18404	promoter
chrX	9464058	9465057	TBL1X	11585	promoter
chrX	9765848	9766847	GPR143	20145	promoter
chrX	9785429	9786428	SHROOM2	630	promoter
chrX	9966358	9967357	CLDN34	51259	promoter
chrX	10014254	10015253	WWC3	29237	promoter
chrX	10155975	10156974	CLCN4	2022	promoter
chrX	10620586	10621585	MID1	7095	promoter
chrX	11110332	11111331	HCCS	4837	promoter
chrX	11292413	11293412	AMELX	461	promoter
chrX	11665921	11666920	ARHGAP6	676	promoter
chrX	11757237	11758236	MSL3	7370	promoter
chrX	12137473	12138472	FRMPD4	29007	promoter
chrX	12790412	12791411	PRPS2	9465	promoter
chrX	12866072	12867071	TLR7	15631	promoter
chrX	12905620	12906619	TLR8	15632	promoter
chrX	12974110	12975109	TMSB4X	11881	promoter
chrX	13044621	13045620	FAM9C	18405	promoter
chrX	13320054	13321053	ATXN3L	24173	promoter
chrX	13568601	13569600	EGFL6	3235	promoter
chrX	13652141	13653140	TCEANC	28277	promoter
chrX	13688128	13689127	RAB9A	9792	promoter
chrX	13734621	13735620	TRAPPC2	23068	promoter
chrX	13733748	13734747	OFD1	2567	promoter
chrX	13817094	13818093	GPM6B	4461	promoter
chrX	14029893	14030892	GEMIN8	26044	promoter
chrX	14528536	14529535	GLRA2	4327	promoter
chrX	14873070	14874069	FANCB	3583	promoter
chrX	14872421	14873420	MOSPD2	28381	promoter
chrX	15270084	15271083	ASB9	17184	promoter
chrX	15315641	15316640	ASB11	17186	promoter
chrX	15335524	15336523	PIGA	8957	promoter
chrX	15384414	15385413	VEGFD	3708	promoter
chrX	15499807	15500806	BMX	1079	promoter
chrX	15493334	15494333	PIR	30048	promoter
chrX	15600961	15601960	ACE2	13557	promoter
chrX	15664806	15665805	CLTRN	29437	promoter
chrX	15737270	15738269	CA5B	1378	promoter
chrX	15789484	15790483	ZRSR2	23019	promoter
chrX	15854814	15855813	AP1S2	560	promoter
chrX	16122565	16123564	GRPR	4609	promoter
chrX	16166481	16167480	MAGEB17	17418	promoter
chrX	16649158	16650157	S100G	1436	promoter
chrX	16712670	16713669	CTPS2	2520	promoter
chrX	16718612	16719611	SYAP1	16273	promoter
chrX	16785466	16786465	TXLNG	18578	promoter
chrX	16870363	16871362	RBBP7	9890	promoter
chrX	16945658	16946657	REPS2	9963	promoter
chrX	17374200	17375199	NHS	7820	promoter
chrX	17736493	17737492	SCML1	10580	promoter
chrX	17861299	17862298	RAI2	9835	promoter
chrX	18220887	18221886	BEND2	28509	promoter
chrX	18354689	18355688	SCML2	10581	promoter
chrX	18424608	18425607	CDKL5	11411	promoter
chrX	18672109	18673108	RS1	10457	promoter
chrX	18706645	18707644	PPEF1	9243	promoter
chrX	18984115	18985114	PHKA2	8926	promoter
chrX	19122469	19123468	ADGRG2	4516	promoter
chrX	19342927	19343926	PDHA1	8806	promoter
chrX	19515509	19516508	MAP3K15	31689	promoter
chrX	19887601	19888600	SH3KBP1	13867	promoter
chrX	19991062	19992061	BCLAF3	27413	promoter
chrX	20116908	20117907	MAP7D2	25899	promoter
chrX	20141839	20142838	EIF1AX	3250	promoter
chrX	20266910	20267909	RPS6KA3	10432	promoter
chrX	21373418	21374417	CNKSR2	19701	promoter
chrX	21658331	21659330	KLHL34	26634	promoter
chrX	21758117	21759116	SMPX	11122	promoter
chrX	21838617	21839616	MBTPS2	15455	promoter
chrX	21854987	21855986	YY2	31684	promoter
chrX	21939709	21940708	SMS	11123	promoter
chrX	22031325	22032324	PHEX	8918	promoter
chrX	22271913	22272912	CBLL2	26371	promoter
chrX	22998960	22999959	DDX53	20083	promoter
chrX	23333849	23334848	PTCHD1	26392	promoter
chrX	23666493	23667492	PRDX4	17169	promoter
chrX	23743277	23744276	ACOT9	17152	promoter
chrX	23782173	23783172	SAT1	10540	promoter
chrX	23907939	23908938	APOO	28727	promoter
chrX	23907006	23908005	CXorf58	26356	promoter
chrX	24027187	24028186	KLHL15	29347	promoter
chrX	24053956	24054955	EIF2S3	3267	promoter
chrX	24148729	24149728	ZFX	12869	promoter
chrX	24314070	24315069	SUPT20HL2	31797	promoter
chrX	24359639	24360638	SUPT20HL1	30773	promoter
chrX	24464286	24465285	PDK3	8811	promoter
chrX	24647348	24648347	PCYT1B	8755	promoter
chrX	24692918	24693917	POLA1	9173	promoter
chrX	25015966	25016965	ARX	18060	promoter
chrX	26137343	26138342	MAGEB18	28515	promoter
chrX	26159601	26160600	MAGEB6B	28824	promoter
chrX	26191440	26192439	MAGEB6	23796	promoter
chrX	26215169	26216168	MAGEB5	23795	promoter
chrX	27463342	27464341	PPP4R3C	33146	promoter
chrX	27589344	27590343	DCAF8L2	31811	promoter
chrX	27806990	27807989	MAGEB10	25377	promoter
chrX	27981450	27982449	DCAF8L1	31810	promoter
chrX	28586446	28587445	IL1RAPL1	5996	promoter
chrX	30214563	30215562	MAGEB2	6809	promoter
chrX	30229657	30230656	MAGEB3	6810	promoter
chrX	30241000	30241999	MAGEB4	6811	promoter
chrX	30246146	30247145	MAGEB1	6808	promoter
chrX	30309391	30310390	NR0B1	7960	promoter
chrX	30577767	30578766	TASL	25667	promoter
chrX	30652423	30653422	GK	4289	promoter
chrX	30889255	30890254	TAB3	30681	promoter
chrX	31072042	31073041	FTHL17	3987	promoter
chrX	33211550	33212549	DMD	2928	promoter
chrX	34132315	34133314	FAM47A	29962	promoter
chrX	34657286	34658285	TMEM47	18515	promoter
chrX	34941796	34942795	FAM47B	26659	promoter
chrX	35797342	35798341	MAGEB16	21188	promoter
chrX	35918734	35919733	CFAP47	26708	promoter
chrX	36718829	36719828	H2AL1Q	53959	promoter
chrX	37007366	37008365	FAM47C	25301	promoter
chrX	37348364	37349363	PRRG1	9469	promoter
chrX	37570661	37571660	LANCL3	24767	promoter
chrX	37684791	37685790	XK	12811	promoter
chrX	37779059	37780058	CYBB	2578	promoter
chrX	37847572	37848571	DYNLT3	11694	promoter
chrX	37989779	37990778	H2AP	18417	promoter
chrX	37993272	37994271	H2AL3	53960	promoter
chrX	38005553	38006552	SYTL5	15589	promoter
chrX	38220872	38221871	SRPX	11309	promoter
chrX	38327510	38328509	RPGR	10295	promoter
chrX	38351604	38352603	OTC	8512	promoter
chrX	38560542	38561541	TSPAN7	11854	promoter
chrX	38800459	38801458	MID1IP1	20715	promoter
chrX	40097959	40098958	BCOR	20893	promoter
chrX	40579970	40580969	ATP6AP2	18305	promoter
chrX	40622428	40623427	MPC1L	44205	promoter
chrX	40647562	40648561	CXorf38	28589	promoter
chrX	40735543	40736542	MED14	2370	promoter
chrX	41084445	41085444	USP9X	12632	promoter
chrX	41333162	41334161	DDX3X	2745	promoter
chrX	41446343	41447342	NYX	8082	promoter
chrX	41687973	41688972	GPR34	4490	promoter
chrX	41723181	41724180	GPR82	4533	promoter
chrX	41923555	41924554	CASK	1497	promoter
chrX	42778164	42779163	PPP1R2C	16324	promoter
chrX	43655299	43656298	MAOA	6833	promoter
chrX	43882451	43883450	MAOB	6834	promoter
chrX	43973391	43974390	NDP	7678	promoter
chrX	44343673	44344672	EFHC2	26233	promoter
chrX	44542860	44543859	FUNDC1	28746	promoter
chrX	44843021	44844020	DUSP21	20476	promoter
chrX	44872188	44873187	KDM6A	12637	promoter
chrX	45200877	45201876	DIPK2B	25866	promoter
chrX	46446297	46447296	KRBOX4	26007	promoter
chrX	46545422	46546421	ZNF674	17625	promoter
chrX	46572765	46573764	CHST7	13817	promoter
chrX	46759119	46760118	SLC9A7	17123	promoter
chrX	46836043	46837042	RP2	10274	promoter
chrX	46911421	46912420	JADE3	22982	promoter
chrX	47077443	47078442	RGN	9989	promoter
chrX	47144221	47145220	RBM10	9896	promoter
chrX	47144703	47145702	NDUFB11	20372	promoter
chrX	47192829	47193828	UBA1	12469	promoter
chrX	47217681	47218680	CDK16	8749	promoter
chrX	47232009	47233008	USP11	12609	promoter
chrX	47369578	47370577	ZNF157	12942	promoter
chrX	47483223	47484222	ZNF41	13107	promoter
chrX	47560205	47561204	ARAF	646	promoter
chrX	47581436	47582435	TIMP1	11820	promoter
chrX	47619858	47620857	SYN1	11494	promoter
chrX	47629931	47630930	CFP	8864	promoter
chrX	47650564	47651563	ELK1	3321	promoter
chrX	47659181	47660180	UXT	12641	promoter
chrX	47835902	47836901	ZNF81	13156	promoter
chrX	48003990	48004989	ZNF182	13001	promoter
chrX	48005988	48006987	SPACA5	31353	promoter
chrX	48071641	48072640	ZNF630	28855	promoter
chrX	48129626	48130625	SPACA5B	19142	promoter
chrX	48196796	48197795	SSX5	11339	promoter
chrX	48254392	48255391	SSX1	11335	promoter
chrX	48356704	48357703	SSX3	11337	promoter
chrX	48382539	48383538	SSX4	11338	promoter
chrX	48411961	48412960	SSX4B	16880	promoter
chrX	48470261	48471260	SLC38A5	18070	promoter
chrX	48475199	48476198	FTSJ1	13254	promoter
chrX	48507992	48508991	PORCN	17652	promoter
chrX	48520808	48521807	EBP	3133	promoter
chrX	48538714	48539713	TBC1D25	8092	promoter
chrX	48573484	48574483	RBM3	9900	promoter
chrX	48596492	48597491	WDR13	14352	promoter
chrX	48682799	48683798	WAS	12731	promoter
chrX	48695734	48696733	SUV39H1	11479	promoter
chrX	48760747	48761746	GLOD5	33358	promoter
chrX	48785590	48786589	GATA1	4170	promoter
chrX	48801067	48802066	HDAC6	14064	promoter
chrX	48825513	48826512	ERAS	5174	promoter
chrX	48835611	48836610	PCSK1N	17301	promoter
chrX	48896930	48897929	PQBP1	9330	promoter
chrX	48897769	48898768	TIMM17B	17310	promoter
chrX	48911647	48912646	SLC35A2	11022	promoter
chrX	48919025	48920024	PIM2	8987	promoter
chrX	48957608	48958607	OTUD5	25402	promoter
chrX	48971845	48972844	KCND1	6237	promoter
chrX	49002265	49003264	GRIPAP1	18706	promoter
chrX	49043358	49044357	TFE3	11752	promoter
chrX	49057999	49058998	CCDC120	28910	promoter
chrX	49074003	49075002	PRAF2	28911	promoter
chrX	49079888	49080887	WDR45	28912	promoter
chrX	49123736	49124735	GPKOW	30677	promoter
chrX	49161758	49162757	MAGIX	30006	promoter
chrX	49170898	49171897	PLP2	9087	promoter
chrX	49186374	49187373	PRICKLE3	6645	promoter
chrX	49200194	49201193	SYP	11506	promoter
chrX	49233341	49234340	CACNA1F	1393	promoter
chrX	49234470	49235469	CCDC22	28909	promoter
chrX	49264711	49265710	FOXP3	6106	promoter
chrX	49268793	49269792	PPP1R3F	14944	promoter
chrX	49302646	49303645	GAGE10	30968	promoter
chrX	49321037	49322036	GAGE12J	17778	promoter
chrX	49330582	49331581	GAGE13	29081	promoter
chrX	49340192	49341191	GAGE2E	31960	promoter
chrX	49528869	49529868	GAGE12B	26779	promoter
chrX	49531177	49532176	GAGE12C	28402	promoter
chrX	49540733	49541732	GAGE12D	31904	promoter
chrX	49559842	49560841	GAGE12F	31906	promoter
chrX	49550289	49551288	GAGE12E	31905	promoter
chrX	49569400	49570399	GAGE12G	31907	promoter
chrX	49578949	49579948	GAGE12H	31908	promoter
chrX	49588496	49589495	GAGE2A	4099	promoter
chrX	49598020	49599019	GAGE1	4098	promoter
chrX	49695985	49696984	PAGE1	4107	promoter
chrX	49828303	49829302	PAGE4	4108	promoter
chrX	49878484	49879483	USP27X	13486	promoter
chrX	49921596	49922595	CLCN5	2023	promoter
chrX	50201008	50202007	AKAP4	374	promoter
chrX	50203765	50204764	CCNB3	18709	promoter
chrX	50470826	50471825	DGKK	32395	promoter
chrX	50814195	50815194	SHROOM4	29215	promoter
chrX	50909735	50910734	BMP15	1068	promoter
chrX	51331822	51332821	NUDT10	17621	promoter
chrX	51405948	51406947	EZHIP	33738	promoter
chrX	51496593	51497592	NUDT11	18011	promoter
chrX	51618913	51619912	CENPVL3	43880	promoter
chrX	51682832	51683831	CENPVL2	43879	promoter
chrX	51709512	51710511	CENPVL1	31851	promoter
chrX	51742442	51743441	GSPT2	4622	promoter
chrX	51892623	51893622	MAGED1	6813	promoter
chrX	52069184	52070183	MAGED4B	22880	promoter
chrX	52183888	52184887	MAGED4	23793	promoter
chrX	52368021	52369020	XAGE2	4112	promoter
chrX	52494808	52495807	XAGE1A	4111	promoter
chrX	52517064	52518063	XAGE1B	25400	promoter
chrX	52654901	52655900	SSX7	19653	promoter
chrX	52707179	52708178	SSX2	11336	promoter
chrX	52750252	52751251	SSX2B	22263	promoter
chrX	52797428	52798427	SPANXN5	33178	promoter
chrX	52810287	52811286	XAGE5	30930	promoter
chrX	52868084	52869083	XAGE3	14618	promoter
chrX	52896330	52897329	FAM156B	31962	promoter
chrX	52958519	52959518	FAM156A	30114	promoter
chrX	53047789	53048788	GPR173	18186	promoter
chrX	53081367	53082366	TSPYL2	24358	promoter
chrX	53093142	53094141	KANTR	49510	promoter
chrX	53225208	53226207	KDM5C	11114	promoter
chrX	53321351	53322350	IQSEC2	29059	promoter
chrX	53421873	53422872	RIBC1	26537	promoter
chrX	53422655	53423654	SMC1A	11111	promoter
chrX	53434371	53435370	HSD17B10	4800	promoter
chrX	53686720	53687719	HUWE1	30892	promoter
chrX	54044474	54045473	PHF8	20672	promoter
chrX	54183255	54184254	FAM120C	16949	promoter
chrX	54358047	54359046	WNK3	14543	promoter
chrX	54439404	54440403	TSR2	25455	promoter
chrX	54496235	54497234	FGD1	3663	promoter
chrX	54529219	54530218	GNL3L	25553	promoter
chrX	54798256	54799255	ITIH6	28907	promoter
chrX	54806745	54807744	MAGED2	16353	promoter
chrX	54919824	54920823	TRO	12326	promoter
chrX	54994189	54995188	PFKFB1	8872	promoter
chrX	54999363	55000362	APEX2	17889	promoter
chrX	55030978	55031977	ALAS2	397	promoter
chrX	55074030	55075029	PAGE2B	31805	promoter
chrX	55088018	55089017	PAGE2	31804	promoter
chrX	55161186	55162185	VCF2	25085	promoter
chrX	55219346	55220345	PAGE5	29992	promoter
chrX	55264917	55265916	PAGE3	4110	promoter
chrX	55451127	55452126	MAGEH1	24092	promoter
chrX	55489849	55490848	USP51	23086	promoter
chrX	55622400	55623399	FOXR2	30469	promoter
chrX	55716749	55717748	RRAGB	19901	promoter
chrX	56231356	56232355	KLF8	6351	promoter
chrX	56562627	56563626	UBQLN2	12509	promoter
chrX	56728243	56729242	NBDY	50713	promoter
chrX	56995542	56996541	SPIN3	27272	promoter
chrX	57121549	57122548	SPIN2B	33147	promoter
chrX	57137398	57138397	SPIN2A	20694	promoter
chrX	57285706	57286705	FAAH2	26440	promoter
chrX	57591011	57592010	ZXDB	13199	promoter
chrX	57680261	57681260	NLRP2B	29887	promoter
chrX	57910459	57911458	ZXDA	13198	promoter
chrX	63351333	63352332	SPIN4	27040	promoter
chrX	63785215	63786214	ARHGEF9	14561	promoter
chrX	64205709	64206708	AMER1	26837	promoter
chrX	64230608	64231607	ASB12	19763	promoter
chrX	64395453	64396452	MTMR8	16825	promoter
chrX	64976451	64977450	ZC4H2	24931	promoter
chrX	65033826	65034825	ZC3H12B	17407	promoter
chrX	65534788	65535787	LAS1L	25726	promoter
chrX	65666654	65667653	MSN	7373	promoter
chrX	66040081	66041080	VSIG4	17032	promoter
chrX	66163247	66164246	HEPH	4866	promoter
chrX	66639079	66640078	EDA2R	17756	promoter
chrX	67543021	67544020	AR	644	promoter
chrX	68433496	68434495	OPHN1	8148	promoter
chrX	68498051	68499050	YIPF6	28304	promoter
chrX	68646666	68647665	STARD8	19161	promoter
chrX	68828021	68829020	EFNB1	3226	promoter
chrX	69165454	69166453	PJA1	16648	promoter
chrX	69503326	69504325	NALF2	30701	promoter
chrX	69615113	69616112	EDA	3157	promoter
chrX	70049939	70050938	AWAT2	23251	promoter
chrX	70061457	70062456	OTUD6A	32312	promoter
chrX	70132447	70133446	IGBP1	5461	promoter
chrX	70176483	70177482	DGAT2L6	23250	promoter
chrX	70233655	70234654	AWAT1	23252	promoter
chrX	70260205	70261204	P2RY4	8542	promoter
chrX	70267334	70268333	ARR3	710	promoter
chrX	70281172	70282171	RAB41	18293	promoter
chrX	70289104	70290103	KIF4A	13339	promoter
chrX	70289928	70290927	PDZD11	28034	promoter
chrX	70422314	70423313	GDPD2	25974	promoter
chrX	70443835	70444834	DLG3	2902	promoter
chrX	70908712	70909711	TEX11	11733	promoter
chrX	70931097	70932096	SLC7A3	11061	promoter
chrX	71068335	71069334	SNX12	14976	promoter
chrX	71094851	71095850	FOXO4	7139	promoter
chrX	71106741	71107740	CXorf65	33713	promoter
chrX	71111578	71112577	IL2RG	6010	promoter
chrX	71117596	71118595	MED12	11957	promoter
chrX	71143841	71144840	NLGN3	14289	promoter
chrX	71222224	71223223	GJB1	4283	promoter
chrX	71282635	71283634	NONO	7871	promoter
chrX	71254141	71255140	ZMYM3	13054	promoter
chrX	71300750	71301749	ITGB1BP2	6154	promoter
chrX	71365357	71366356	TAF1	11535	promoter
chrX	71532104	71533103	OGT	8127	promoter
chrX	71577437	71578436	GCNA	15805	promoter
chrX	71618512	71619511	CXCR3	4540	promoter
chrX	71666546	71667545	ENSG00000283599	53552	promoter
chrX	71718286	71719285	CXorf49	30891	promoter
chrX	71762349	71763348	CXorf49B	34229	promoter
chrX	71909845	71910844	NHSL2	33737	promoter
chrX	72131916	72132915	RTL5	29430	promoter
chrX	72180757	72181756	PIN4	8992	promoter
chrX	72239028	72240027	ERCC6L	20794	promoter
chrX	72277249	72278248	RPS4X	10424	promoter
chrX	72305915	72306914	CITED1	1986	promoter
chrX	72572844	72573843	HDAC8	13315	promoter
chrX	72714307	72715306	PHKA1	8925	promoter
chrX	72775890	72776889	DMRTC1B	31686	promoter
chrX	72782661	72783660	FAM236B	52640	promoter
chrX	72808211	72809210	FAM236D	52642	promoter
chrX	72911615	72912614	FAM236C	52641	promoter
chrX	72937206	72938205	FAM236A	44268	promoter
chrX	72943838	72944837	DMRTC1	13910	promoter
chrX	73001939	73002938	PABPC1L2B	31852	promoter
chrX	73079513	73080512	PABPC1L2A	27989	promoter
chrX	73214852	73215851	NAP1L2	7638	promoter
chrX	73446053	73447052	CDX4	1808	promoter
chrX	73562197	73563196	CHIC1	1934	promoter
chrX	74303180	74304179	ZCCHC13	31749	promoter
chrX	74420493	74421492	SLC16A2	10923	promoter
chrX	74614625	74615624	RLIM	13429	promoter
chrX	74925453	74926452	NEXMIF	29433	promoter
chrX	75273085	75274084	UPRT	28334	promoter
chrX	75156284	75157283	ABCB7	48	promoter
chrX	75523038	75524037	ZDHHC15	20342	promoter
chrX	75785255	75786254	MAGEE2	24935	promoter
chrX	76172062	76173061	PBDC1	28790	promoter
chrX	76426710	76427709	MAGEE1	24934	promoter
chrX	77446389	77447388	FGF16	3672	promoter
chrX	77786217	77787216	ATRX	886	promoter
chrX	77895436	77896435	MAGT1	28880	promoter
chrX	77898468	77899467	COX7B	2291	promoter
chrX	77909693	77910692	ATP7A	869	promoter
chrX	78103248	78104247	PGK1	8896	promoter
chrX	77969639	77970638	PGAM4	21731	promoter
chrX	78139651	78140650	TAF9B	17306	promoter
chrX	78327612	78328611	CYSLTR1	17451	promoter
chrX	78659329	78660328	RTL3	22997	promoter
chrX	78746720	78747719	LPAR4	4478	promoter
chrX	78944391	78945390	P2RY10	19906	promoter
chrX	79143688	79144687	GPR174	30245	promoter
chrX	79367335	79368334	ITM2A	6173	promoter
chrX	80013753	80014752	TBX22	11600	promoter
chrX	80419447	80420446	TENT5D	28399	promoter
chrX	80809878	80810877	BRWD3	17342	promoter
chrX	81201914	81202913	HMGN5	8013	promoter
chrX	81201102	81202101	SH3BGRL	10823	promoter
chrX	83507290	83508289	POU3F4	9217	promoter
chrX	83860146	83861145	CYLC1	2582	promoter
chrX	84188200	84189199	RPS6KA6	10435	promoter
chrX	84502454	84503453	HDX	26411	promoter
chrX	85002877	85003876	APOOL	24009	promoter
chrX	85243780	85244779	SATL1	27992	promoter
chrX	85242991	85243990	ZNF711	13128	promoter
chrX	85379666	85380665	POF1B	13711	promoter
chrX	86047559	86048558	CHM	1940	promoter
chrX	86147451	86148450	DACH2	16814	promoter
chrX	87516802	87517801	KLHL4	6355	promoter
chrX	88746225	88747224	CPXCR1	2332	promoter
chrX	89920908	89921907	TGIF2LX	18570	promoter
chrX	91433839	91434838	PABPC5	13629	promoter
chrX	91778375	91779374	PCDH11X	8656	promoter
chrX	93673579	93674578	NAP1L3	7639	promoter
chrX	93673206	93674205	FAM133A	26748	promoter
chrX	96683842	96684841	DIAPH2	2877	promoter
chrX	96882908	96883907	RPA4	30305	promoter
chrX	100410274	100411273	PCDH19	14270	promoter
chrX	100583936	100584935	TNMD	17757	promoter
chrX	100636807	100637806	TSPAN6	11858	promoter
chrX	100643199	100644198	SRPX2	30668	promoter
chrX	100732122	100733121	SYTL4	15588	promoter
chrX	100819391	100820390	CSTF2	2484	promoter
chrX	100874360	100875359	NOX1	7889	promoter
chrX	100928918	100929917	XKRX	29845	promoter
chrX	100968708	100969707	ARL13A	31709	promoter
chrX	101052112	101053111	TRMT2B	25748	promoter
chrX	101077879	101078878	TMEM35A	25864	promoter
chrX	101097204	101098203	CENPI	3968	promoter
chrX	101218786	101219785	DRP2	3032	promoter
chrX	101291335	101292334	TAF7L	11548	promoter
chrX	101348743	101349742	TIMM8A	11817	promoter
chrX	101386192	101387191	BTK	1133	promoter
chrX	101390011	101391010	RPL36A	10359	promoter
chrX	101407926	101408925	GLA	4296	promoter
chrX	101407222	101408221	HNRNPH2	5042	promoter
chrX	101484456	101485455	ARMCX4	28615	promoter
chrX	101549547	101550546	ARMCX1	18073	promoter
chrX	101618001	101619000	ARMCX6	26094	promoter
chrX	101622151	101623150	ARMCX3	24065	promoter
chrX	101659851	101660850	ARMCX2	16869	promoter
chrX	101932028	101933027	ZMAT1	29377	promoter
chrX	102124679	102125678	TCEAL2	29818	promoter
chrX	102142506	102143505	TCEAL6	24553	promoter
chrX	102155978	102156977	BEX5	27990	promoter
chrX	102214301	102215300	TCP11X1	48369	promoter
chrX	102246167	102247166	NXF2	8072	promoter
chrX	102440009	102441008	NXF2B	23984	promoter
chrX	102471813	102472812	TCP11X2	48335	promoter
chrX	102516740	102517739	TMSB15A	30744	promoter
chrX	102598515	102599514	ARMCX5	25772	promoter
chrX	102650483	102651482	GPRASP1	24834	promoter
chrX	102711448	102712447	GPRASP2	25169	promoter
chrX	102719743	102720742	GPRASP3	29353	promoter
chrX	102936272	102937271	RAB40AL	25410	promoter
chrX	103064172	103065171	BEX1	1036	promoter
chrX	103093144	103094143	NXF3	8073	promoter
chrX	103214108	103215107	BEX4	25475	promoter
chrX	103255156	103256155	TCEAL8	28683	promoter
chrX	103276751	103277750	TCEAL5	22282	promoter
chrX	103310991	103311990	BEX2	30933	promoter
chrX	103329239	103330238	TCEAL7	28336	promoter
chrX	103355506	103356505	TCEAL9	30084	promoter
chrX	103375538	103376537	BEX3	13388	promoter
chrX	103519490	103520489	RAB40A	18283	promoter
chrX	103584515	103585514	TCEAL4	26121	promoter
chrX	103606963	103607962	TCEAL3	28247	promoter
chrX	103627975	103628974	TCEAL1	11616	promoter
chrX	103686700	103687699	MORF4L2	16849	promoter
chrX	103709909	103710908	TMEM31	28601	promoter
chrX	103775840	103776839	PLP1	9086	promoter
chrX	103832258	103833257	RAB9B	14090	promoter
chrX	103961627	103962626	TMSB15B	28612	promoter
chrX	104013709	104014708	H2BW1	27252	promoter
chrX	104038956	104039955	H2BW2	27867	promoter
chrX	104076237	104077236	TMSB15C	55173	promoter
chrX	104111523	104112522	ZCCHC18	32459	promoter
chrX	104157010	104158009	SLC25A53	31894	promoter
chrX	104165453	104166452	FAM199X	25195	promoter
chrX	104254934	104255933	ESX1	14865	promoter
chrX	104565199	104566198	IL1RAPL2	5997	promoter
chrX	105220695	105221694	TEX13A	11735	promoter
chrX	105821539	105822538	NRK	25391	promoter
chrX	106038728	106039727	SERPINA7	11583	promoter
chrX	106167305	106168304	PWWP3B	26583	promoter
chrX	106610978	106611977	RADX	25486	promoter
chrX	106725701	106726700	RNF128	21153	promoter
chrX	106801673	106802672	TBC1D8B	24715	promoter
chrX	106919402	106920401	CLDN2	2041	promoter
chrX	106903342	106904341	RIPPLY1	25117	promoter
chrX	107000213	107001212	MORC4	23485	promoter
chrX	107118823	107119822	RBM41	25617	promoter
chrX	107206434	107207433	NUP62CL	25960	promoter
chrX	107205611	107206610	DNAAF6	28570	promoter
chrX	107448652	107449651	FRMPD3	29382	promoter
chrX	107627510	107628509	PRPS1	9462	promoter
chrX	107776733	107777732	NCBP2L	31795	promoter
chrX	107775788	107776787	TSC22D3	3051	promoter
chrX	107824866	107825865	MID2	7096	promoter
chrX	107982371	107983370	TEX13B	11736	promoter
chrX	108044065	108045064	VSIG1	28675	promoter
chrX	108091543	108092542	PSMD10	9555	promoter
chrX	108090778	108091777	ATG4A	16489	promoter
chrX	108438423	108439422	COL4A6	2208	promoter
chrX	108438838	108439837	COL4A5	2207	promoter
chrX	108736564	108737563	IRS4	6128	promoter
chrX	109482087	109483086	GUCY2F	4691	promoter
chrX	109535844	109536843	NXT2	18151	promoter
chrX	109625173	109626172	KCNE5	6241	promoter
chrX	109733258	109734257	ACSL4	3571	promoter
chrX	110002114	110003113	TMEM164	26217	promoter
chrX	110357848	110358847	RTL9	29245	promoter
chrX	110318086	110319085	AMMECR1	467	promoter
chrX	110346974	110347973	GNG5B	24826	promoter
chrX	110519896	110520895	CRIPTO3	11703	promoter
chrX	110795818	110796817	CHRDL1	29861	promoter
chrX	111095191	111096190	PAK3	8592	promoter
chrX	111270484	111271483	CAPN6	1483	promoter
chrX	111412193	111413192	DCX	2714	promoter
chrX	111510645	111511644	SERTM2	48576	promoter
chrX	111680170	111681169	ALG13	30881	promoter
chrX	111875181	111876180	TRPC5OS	40593	promoter
chrX	112082777	112083776	TRPC5	12337	promoter
chrX	112082016	112083015	RTL4	25214	promoter
chrX	112679939	112680938	LHFPL1	6587	promoter
chrX	112840832	112841831	AMOT	17810	promoter
chrX	114583086	114584085	HTR2C	5295	promoter
chrX	115017617	115018616	IL13RA2	5975	promoter
chrX	115188410	115189409	RBMXL3	26859	promoter
chrX	115234097	115235096	LRCH2	29292	promoter
chrX	115288715	115289714	LUZP4	24971	promoter
chrX	115560174	115561173	PLS3	9091	promoter
chrX	116169744	116170743	AGTR2	338	promoter
chrX	116435606	116436605	SLC6A14	11047	promoter
chrX	116462977	116463976	CT83	33494	promoter
chrX	118116811	118117810	KLHL13	22931	promoter
chrX	118345106	118346105	WDR44	30512	promoter
chrX	118494815	118495814	DOCK11	23483	promoter
chrX	118634617	118635616	RBBP8P1	39583	promoter
chrX	118726606	118727605	IL13RA1	5974	promoter
chrX	118822824	118823823	ZCCHC12	27273	promoter
chrX	118973618	118974617	LONRF3	21152	promoter
chrX	119071993	119072992	CT47C1	53820	promoter
chrX	119127813	119128812	KIAA1210	29218	promoter
chrX	119235285	119236284	PGRMC1	16090	promoter
chrX	119398336	119399335	SLC25A43	30557	promoter
chrX	119467444	119468443	SLC25A5	10991	promoter
chrX	119573563	119574562	UBE2A	12472	promoter
chrX	119565410	119566409	STEEP1	26239	promoter
chrX	119606444	119607443	NKRF	19374	promoter
chrX	119693169	119694168	SEPTIN6	15848	promoter
chrX	119757588	119758587	SOWAHD	32960	promoter
chrX	119791631	119792630	RPL39	10350	promoter
chrX	119852964	119853963	UPF3B	20439	promoter
chrX	119871734	119872733	RNF113A	12974	promoter
chrX	119870832	119871831	NDUFA1	7683	promoter
chrX	119894893	119895892	AKAP14	24061	promoter
chrX	119941834	119942833	RHOXF1P3	51612	promoter
chrX	119943752	119944751	NKAP	29873	promoter
chrX	120077691	120078690	RHOXF2B	33519	promoter
chrX	120157613	120158612	RHOXF2	30011	promoter
chrX	120115914	120116913	RHOXF1	29993	promoter
chrX	120249812	120250811	ZBTB33	16682	promoter
chrX	120311462	120312461	TMEM255A	26086	promoter
chrX	120361089	120362088	ATP1B4	808	promoter
chrX	120469297	120470296	LAMP2	6501	promoter
chrX	120603101	120604100	MCTS1	23357	promoter
chrX	120560963	120561962	CUL4B	2555	promoter
chrX	120630055	120631054	C1GALT1C1	24338	promoter
chrX	120875867	120876866	CT47B1	33293	promoter
chrX	120932302	120933301	CT47A12	33292	promoter
chrX	120937159	120938158	CT47A11	27397	promoter
chrX	120942024	120943023	CT47A10	33291	promoter
chrX	120946884	120947883	CT47A9	33290	promoter
chrX	120951745	120952744	CT47A8	33289	promoter
chrX	120956601	120957600	CT47A7	33288	promoter
chrX	120961488	120962487	CT47A6	33287	promoter
chrX	120966349	120967348	CT47A5	33286	promoter
chrX	120971209	120972208	CT47A4	33285	promoter
chrX	120976069	120977068	CT47A3	33284	promoter
chrX	120980929	120981928	CT47A2	33283	promoter
chrX	120985761	120986760	CT47A1	33282	promoter
chrX	121046610	121047609	GLUD2	4336	promoter
chrX	123183278	123184277	GRIA3	4573	promoter
chrX	123733053	123734052	THOC2	19073	promoter
chrX	123859053	123860052	XIAP	592	promoter
chrX	123960706	123961705	STAG2	11355	promoter
chrX	124345563	124346562	SH2D1A	10820	promoter
chrX	124331660	124332659	TEX13D	52278	promoter
chrX	125204313	125205312	TENM1	8117	promoter
chrX	125318871	125319870	TEX13C	52277	promoter
chrX	126166290	126167289	DCAF12L2	32950	promoter
chrX	126552815	126553814	DCAF12L1	29395	promoter
chrX	126818729	126819728	PRR32	34498	promoter
chrX	128052404	128053403	ACTRT1	24027	promoter
chrX	129523491	129524490	SMARCA1	11097	promoter
chrX	129539259	129540258	OCRL	8108	promoter
chrX	129654957	129655956	APLN	16665	promoter
chrX	129737979	129738978	XPNPEP2	12823	promoter
chrX	129778949	129779948	SASH3	15975	promoter
chrX	129843887	129844886	ZDHHC9	18475	promoter
chrX	129905164	129906163	UTP14A	10665	promoter
chrX	129981635	129982634	BCORL1	25657	promoter
chrX	130110498	130111497	ELF4	3319	promoter
chrX	130165842	130166841	AIFM1	8768	promoter
chrX	130170962	130171961	RAB33A	9773	promoter
chrX	130268900	130269899	ZNF280C	25955	promoter
chrX	130338919	130339918	SLC25A14	10984	promoter
chrX	130385675	130386674	GPR119	19060	promoter
chrX	130400987	130401986	RBMX2	24282	promoter
chrX	130903210	130904209	ENOX2	2259	promoter
chrX	131057346	131058345	ARHGAP36	26388	promoter
chrX	131543074	131544073	OR13H1	14755	promoter
chrX	131289307	131290306	IGSF1	5948	promoter
chrX	132022302	132023301	STK26	18174	promoter
chrX	132128021	132129020	FRMD7	8079	promoter
chrX	132219448	132220447	RAP2C	21165	promoter
chrX	132489039	132490038	MBNL3	20564	promoter
chrX	132958630	132959629	HS6ST2	19133	promoter
chrX	133097110	133098109	USP26	13485	promoter
chrX	133218355	133219354	TFDP3	24603	promoter
chrX	133415490	133416489	GPC4	4452	promoter
chrX	133985595	133986594	GPC3	4451	promoter
chrX	134236182	134237181	CCDC160	37286	promoter
chrX	134372312	134373311	PHF6	18145	promoter
chrX	134459165	134460164	HPRT1	5157	promoter
chrX	134658472	134659471	PLAC1	9044	promoter
chrX	134806237	134807236	PABIR3	25202	promoter
chrX	134797206	134798205	PABIR2	30490	promoter
chrX	134915258	134916257	MOSPD1	25235	promoter
chrX	134989991	134990990	SMIM10	41913	promoter
chrX	135022543	135023542	RTL8B	33156	promoter
chrX	135031355	135032354	RTL8C	2569	promoter
chrX	135052136	135053135	RTL8A	24514	promoter
chrX	135058685	135059684	SMIM10L2B-AS1	53137	promoter
chrX	135098713	135099712	SMIM10L2B	34500	promoter
chrX	135120527	135121526	ETDB	44269	promoter
chrX	135171399	135172398	CT55	26047	promoter
chrX	135251061	135252060	ETDA	53449	promoter
chrX	135308480	135309479	ETDC	53450	promoter
chrX	135344110	135345109	ZNF75D	13145	promoter
chrX	135343796	135344795	ZNF449	21039	promoter
chrX	135420944	135421943	SMIM10L2A	34499	promoter
chrX	135519660	135520659	INTS6L	27334	promoter
chrX	135712639	135713638	CT45A1	33267	promoter
chrX	135768192	135769191	CT45A3	33268	promoter
chrX	135785504	135786503	CT45A5	33270	promoter
chrX	135802788	135803787	CT45A6	33271	promoter
chrX	135820013	135821012	CT45A2	28400	promoter
chrX	135837281	135838280	CT45A7	51260	promoter
chrX	135854539	135855538	CT45A8	51261	promoter
chrX	135871813	135872812	CT45A9	51262	promoter
chrX	135892716	135893715	SAGE1	30369	promoter
chrX	135893445	135894444	CT45A10	51263	promoter
chrX	135984435	135985434	SLC9A6	11079	promoter
chrX	135973989	135974988	MMGT1	28100	promoter
chrX	136196047	136197046	FHL1	3702	promoter
chrX	136251401	136252400	MAP7D3	25742	promoter
chrX	136299963	136300962	ADGRG4	18992	promoter
chrX	136486947	136487946	BRS3	1113	promoter
chrX	136496592	136497591	HTATSF1	5276	promoter
chrX	136531215	136532214	VGLL1	20985	promoter
chrX	136647158	136648157	CD40LG	11935	promoter
chrX	136780933	136781932	ARHGEF6	685	promoter
chrX	136880726	136881725	RBMX	9910	promoter
chrX	137033996	137034995	GPR101	14963	promoter
chrX	137565127	137566126	ZIC3	12874	promoter
chrX	138711718	138712717	FGF13	3670	promoter
chrX	139529739	139530738	F9	3551	promoter
chrX	139708168	139709167	MCF2	6940	promoter
chrX	139933054	139934053	ATP11C	13554	promoter
chrX	139965522	139966521	CXorf66	33743	promoter
chrX	140090678	140091677	HAPSTR2	55138	promoter
chrX	140505070	140506069	SOX3	11199	promoter
chrX	141001594	141002593	SPANXB1	14329	promoter
chrX	141177130	141178129	LDOC1	6548	promoter
chrX	141242518	141243517	SPANXC	14331	promoter
chrX	141584739	141585738	SPANXA1	11218	promoter
chrX	141588708	141589707	SPANXA2	14328	promoter
chrX	141698740	141699739	SPANXD	14332	promoter
chrX	141837316	141838315	MAGEC3	23798	promoter
chrX	141902894	141903893	MAGEC1	6812	promoter
chrX	142205291	142206290	MAGEC2	13574	promoter
chrX	143024928	143025927	SPANXN4	33177	promoter
chrX	143517476	143518475	SPANXN3	33176	promoter
chrX	143636102	143637101	SLITRK4	23502	promoter
chrX	143720753	143721752	SPANXN2	33175	promoter
chrX	143883071	143884070	UBE2NL	31710	promoter
chrX	145246503	145247502	SPANXN1	33174	promoter
chrX	145816829	145817828	SLITRK2	13449	promoter
chrX	146808771	146809770	CXorf51B	42787	promoter
chrX	146814745	146815744	CXorf51A	30533	promoter
chrX	147910919	147911918	FMR1	3775	promoter
chrX	147980337	147981336	FMR1NB	26372	promoter
chrX	148499617	148500616	AFF2	3776	promoter
chrX	149505307	149506306	IDS	5389	promoter
chrX	149540012	149541011	EOLA1	28089	promoter
chrX	149549925	149550924	HSFX3	52395	promoter
chrX	149587460	149588459	MAGEA9B	31909	promoter
chrX	149595315	149596314	HSFX2	32701	promoter
chrX	149631793	149632792	TMEM185A	17125	promoter
chrX	149711060	149712059	MAGEA11	6798	promoter
chrX	149773068	149774067	HSFX1	29603	promoter
chrX	149780930	149781929	MAGEA9	6807	promoter
chrX	149880183	149881182	MAGEA8	6806	promoter
chrX	149928573	149929572	HSFX4	52398	promoter
chrX	149938492	149939491	EOLA2	17402	promoter
chrX	150362317	150363316	MAMLD1	2568	promoter
chrX	150567621	150568620	MTM1	7448	promoter
chrX	150692396	150693395	MTMR1	7449	promoter
chrX	150898669	150899668	CD99L2	18237	promoter
chrX	150982335	150983334	HMGB3	5004	promoter
chrX	151175584	151176583	GPR50	4506	promoter
chrX	151396206	151397205	VMA21	22082	promoter
chrX	151562675	151563674	PASD1	20686	promoter
chrX	151694458	151695457	PRRG3	30798	promoter
chrX	151715035	151716034	FATE1	24683	promoter
chrX	151733746	151734745	CNGA2	2149	promoter
chrX	151911889	151912888	MAGEA4	6802	promoter
chrX	151974677	151975676	GABRE	4085	promoter
chrX	152138578	152139577	MAGEA10	6797	promoter
chrX	152451316	152452315	GABRA3	4077	promoter
chrX	152636895	152637894	GABRQ	14454	promoter
chrX	152697794	152698793	MAGEA3	6801	promoter
chrX	152713628	152714627	MAGEA2B	19340	promoter
chrX	152709274	152710273	CSAG2	16847	promoter
chrX	152733722	152734721	CSAG1	24294	promoter
chrX	152732757	152733756	MAGEA12	6799	promoter
chrX	152753843	152754842	MAGEA2	6800	promoter
chrX	152758218	152759217	CSAG3	26237	promoter
chrX	152769690	152770689	MAGEA6	6804	promoter
chrX	152830758	152831757	CETN2	1867	promoter
chrX	152830063	152831062	NSDHL	13398	promoter
chrX	152897067	152898066	ZNF185	12976	promoter
chrX	152994117	152995116	PNMA5	18743	promoter
chrX	153055470	153056469	PNMA3	18742	promoter
chrX	153071454	153072453	PNMA6A	28248	promoter
chrX	153178284	153179283	MAGEA1	6796	promoter
chrX	153265152	153266151	PWWP4	55197	promoter
chrX	153321768	153322767	PNMA6F	53119	promoter
chrX	153333153	153334152	ZNF275	13069	promoter
chrX	153401351	153402350	PNMA6E	50767	promoter
chrX	153410472	153411471	ZFP92	12865	promoter
chrX	153446057	153447056	TREX2	12270	promoter
chrX	153493980	153494979	BGN	1044	promoter
chrX	153470577	153471576	HAUS7	32979	promoter
chrX	153516642	153517641	ATP2B3	816	promoter
chrX	153599140	153600139	CCNQ	28434	promoter
chrX	153646203	153647202	DUSP9	3076	promoter
chrX	153686926	153687925	SLC6A8	11055	promoter
chrX	153673814	153674813	PNCK	13415	promoter
chrX	153724388	153725387	BCAP31	16695	promoter
chrX	153723856	153724855	ABCD1	61	promoter
chrX	153763249	153764248	PLXNB3	9105	promoter
chrX	153780041	153781040	SRPK3	11402	promoter
chrX	153793668	153794667	SSR4	11326	promoter
chrX	153794376	153795375	IDH3G	5386	promoter
chrX	153830545	153831544	PDZD4	21167	promoter
chrX	153886174	153887173	L1CAM	6470	promoter
chrX	153903673	153904672	AVPR2	897	promoter
chrX	153926265	153927264	ARHGAP4	674	promoter
chrX	153935038	153936037	NAA10	18704	promoter
chrX	153944644	153945643	RENBP	9959	promoter
chrX	153971819	153972818	HCFC1	4839	promoter
chrX	153971754	153972753	TMEM187	13705	promoter
chrX	154019903	154020902	IRAK1	6112	promoter
chrX	154097718	154098717	MECP2	6990	promoter
chrX	154143243	154144242	OPN1LW	9936	promoter
chrX	154181596	154182595	OPN1MW	4206	promoter
chrX	154218756	154219755	OPN1MW2	26952	promoter
chrX	154256582	154257581	OPN1MW3	51831	promoter
chrX	154294795	154295794	TKTL1	11835	promoter
chrX	154295125	154296124	TEX28	2563	promoter
chrX	154374635	154375634	FLNA	3754	promoter
chrX	154378295	154379294	EMD	3331	promoter
chrX	154397377	154398376	RPL10	10298	promoter
chrX	154410539	154411538	TAFAZZIN	11577	promoter
chrX	154409255	154410254	DNASE1L1	2957	promoter
chrX	154427677	154428676	ATP6AP1	868	promoter
chrX	154436154	154437153	GDI1	4226	promoter
chrX	154443141	154444140	FAM50A	18786	promoter
chrX	154457281	154458280	PLXNA3	9101	promoter
chrX	154479282	154480281	LAGE3	26058	promoter
chrX	154486616	154487615	UBL4A	12505	promoter
chrX	154490630	154491629	SLC10A3	22979	promoter
chrX	154516233	154517232	FAM3A	13749	promoter
chrX	154546620	154547619	IKBKG	5961	promoter
chrX	154546847	154547846	G6PD	4057	promoter
chrX	154584133	154585132	CTAG1A	24198	promoter
chrX	154619283	154620282	CTAG1B	2491	promoter
chrX	154653580	154654579	CTAG2	2492	promoter
chrX	154751078	154752077	GAB3	17515	promoter
chrX	154761864	154762863	DKC1	2890	promoter
chrX	154805486	154806485	MPP1	7219	promoter
chrX	154834663	154835662	SMIM9	41915	promoter
chrX	154883972	154884971	H2AB1	22516	promoter
chrX	154885355	154886354	F8A1	3547	promoter
chrX	155025844	155026843	FUNDC2	24925	promoter
chrX	155022724	155023723	F8	3546	promoter
chrX	155071137	155072136	CMC4	35428	promoter
chrX	155070508	155071507	BRCC3	24185	promoter
chrX	155071137	155072136	MTCP1	7423	promoter
chrX	155215460	155216459	VBP1	12662	promoter
chrX	155264492	155265491	RAB39B	16499	promoter
chrX	155334615	155335614	CLIC2	2063	promoter
chrX	155379709	155380708	H2AB2	18298	promoter
chrX	155381095	155382094	F8A2	31849	promoter
chrX	155458621	155459620	F8A3	31850	promoter
chrX	155460006	155461005	H2AB3	14455	promoter
chrX	155611586	155612585	SPRY3	11271	promoter
chrX	155612953	155613952	TMLHE	18308	promoter
chrX	155880345	155881344	VAMP7	11486	promoter
chrX	155996696	155997695	IL9R	6030	promoter
chrX	156019961	156020960	WASH6P	31685	promoter
chrY	280381	281380	PLCXD1	23148	promoter
chrY	318797	319796	GTPBP6	30189	promoter
chrY	386908	387907	PPP2R3B	13417	promoter
chrY	629791	630790	SHOX	10853	promoter
chrY	1212650	1213649	CRLF2	14281	promoter
chrY	1267814	1268813	CSF2RA	2435	promoter
chrY	1335785	1336784	IL3RA	6012	promoter
chrY	1392114	1393113	SLC25A6	10992	promoter
chrY	1452910	1453909	ASMTL	751	promoter
chrY	1537186	1538185	P2RY8	15524	promoter
chrY	1590604	1591603	AKAP17A	18783	promoter
chrY	1614059	1615058	ASMT	750	promoter
chrY	2500977	2501976	ZBED1	447	promoter
chrY	2500977	2501976	DHRSX	18399	promoter
chrY	2690295	2691294	CD99	7082	promoter
chrY	2787683	2788682	SRY	11311	promoter
chrY	2840602	2841601	RPS4Y1	10425	promoter
chrY	2934381	2935380	ZFY	12870	promoter
chrY	3578067	3579066	TGIF2LY	18569	promoter
chrY	4999296	5000295	PCDH11Y	15813	promoter
chrY	6245223	6246222	TSPY2	23924	promoter
chrY	6909697	6910696	TBL1Y	18502	promoter
chrY	6911753	6912752	AMELY	462	promoter
chrY	9336464	9337463	TSPY4	37287	promoter
chrY	9356797	9357796	TSPY8	37471	promoter
chrY	9397421	9398420	TSPY3	33876	promoter
chrY	9465955	9466954	TSPY1	12381	promoter
chrY	9486267	9487266	TSPY9	37472	promoter
chrY	9526880	9527879	TSPY10	37473	promoter
chrY	12700231	12701230	USP9Y	12633	promoter
chrY	12903868	12904867	DDX3Y	2699	promoter
chrY	13480034	13481033	UTY	12638	promoter
chrY	13702899	13703898	TMSB4Y	11882	promoter
chrY	13986474	13987473	VCY	12668	promoter
chrY	14055227	14056226	VCY1B	31751	promoter
chrY	14523529	14524528	NLGN4Y	15529	promoter
chrY	17880221	17881220	CDY2B	23921	promoter
chrY	18024787	18025786	CDY2A	1810	promoter
chrY	18545720	18546719	HSFY1	18568	promoter
chrY	18773736	18774735	HSFY2	23950	promoter
chrY	19744727	19745726	KDM5D	11115	promoter
chrY	20574776	20575775	EIF1AY	3252	promoter
chrY	20755108	20756107	RPS4Y2	18501	promoter
chrY	21510338	21511337	RBMY1B	23914	promoter
chrY	21533879	21534878	RBMY1A1	9912	promoter
chrY	21894527	21895526	RBMY1D	23915	promoter
chrY	21918033	21919032	RBMY1E	23916	promoter
chrY	22182924	22183923	RBMY1F	23974	promoter
chrY	22402410	22403409	RBMY1J	23917	promoter
chrY	22983263	22984262	BPY2	13508	promoter
chrY	23199009	23200008	DAZ1	2682	promoter
chrY	23218533	23219532	DAZ2	15964	promoter
chrY	24048020	24049019	CDY1B	23920	promoter
chrY	24617004	24618003	BPY2B	25449	promoter
chrY	24813394	24814393	DAZ3	15965	promoter
chrY	24832919	24833918	DAZ4	15966	promoter
chrY	25052105	25053104	BPY2C	18225	promoter
chrY	25621117	25622116	CDY1	1809	promoter
chrY	57066865	57067864	VAMP7	11486	promoter
chrY	57183216	57184215	IL9R	6030	promoter
chrY	57206481	57207480	WASH6P	31685	promoter
GL000194.1	115056	116055	MAFIP	31102	promoter
